run_id,timestamp,model,backend,temperature,row_no,id,sektor,kl,sub_indikator,target_2025,satuan,gold,gold_suspect,pred,benar,confidence,source_type,evidence_year,summary_pred,summary_gold,source_url_pred,domain,domain_goid,url_dari_search,pakai_template,status,error,n_search,n_search_gagal,n_query,queries_str,in_tok,out_tok,latency_s
20260918_113127,2026-09-18T11:34:42,gemma-4-26B-A4B-it,serper,0.0,1,12,Kesehatan,KEMENTERIAN KESEHATAN,KP 02.12.08 - Kabupaten/kota yang mendeklarasikan 5 Pilar STBM,30,kab/kota,True,False,True,True,95,media,2025,"Program berjalan, ditandai dengan adanya kegiatan verifikasi lapangan oleh tim verifikator STBM 5 Pilar tingkat nasional di berbagai daerah seperti Kota Malang dan Blitar pada Oktober 2025. Kegiatan ini merupakan bagian dari proses penilaian untuk mencapai status deklarasi 5 pilar STBM di tingkat kabupaten/kota.","Program berjalan, ditandai dengan penetapan alokasi anggaran daerah untuk survei verifikasi 5 pilar dan deklarasi level provinsi/kabupaten/kota.",https://malangkota.go.id/2025/10/01/verifikator-stbm-5-pilar-kunjungi-kota-malang/,malangkota.go.id,True,True,True,OK,,3,0,3,"laporan kinerja 2025 Kementerian Kesehatan STBM 5 pilar deklarasi | site:kemkes.go.id ""STBM"" 2025 deklarasi | ""verifikator STBM 5 pilar"" 2025",6146,258,3.06
20260918_113127,2026-09-18T11:34:46,gemma-4-26B-A4B-it,serper,0.0,2,13,Pertahanan,KEMENTERIAN LUAR NEGERI,KP 02.09.03 - Persentase kebijakan di bidang kerja sama pembangunan internasional Indonesia yang telah sesuai dengan prioritas nasional,20,persen,True,False,True,True,90,lkj,2025,"Program berjalan, ditandai dengan adanya dokumen Laporan Kinerja (LKj) Tahun 2025 dari berbagai unit kerja di Kementerian Luar Negeri yang mencantumkan pelaksanaan tugas terkait kerja sama pembangunan internasional. Selain itu, portal Satu Data Kemlu telah mencantumkan target dan indikator kinerja tersebut sebagai bagian dari pelaksanaan program tahun 2025.","Program berjalan, ditandai dengan pelaksanaan sejumlah aktivitas konkret kerja sama pembangunan internasional oleh Kemlu sepanjang Tahun 2025, seperti pertemuan bilateral dan kesepakatan kerja sama dengan negara mitra di kawasan Pasifik, penyaluran bantuan pangan dan kemanusiaan ke Palestina yang diumumkan langsung oleh Menlu/Wamenlu, serta penyusunan kebijakan turunan (Grand Design dan aturan hibah) yang diselaraskan dengan RPJMN 2025-2029. Aktivitas ini tercatat lewat rilis resmi Kemlu maupun Sekretariat Negara, meskipun angka persentase realisasi kebijakan sesuai prioritas nasional untuk Tahun 2025 belum dipublikasikan secara spesifik.",https://kemlu.go.id/files/repositori/81934/177450796869c4d7c008da3_LKJ_Final_2025.pdf,kemlu.go.id,True,True,True,OK,,2,0,2,"laporan kinerja 2025 Kementerian Luar Negeri kerja sama pembangunan internasional prioritas nasional | site:kemlu.go.id ""Persentase kebijakan di bidang kerja sama pembangunan internasional Indonesia yang telah sesuai dengan prioritas nasional"" 2025",3953,263,4.07
20260918_113127,2026-09-18T11:34:53,gemma-4-26B-A4B-it,serper,0.0,3,15,Industri,KEMENTERIAN LUAR NEGERI,"KP 02.09.04 - Persentase keberhasilan promosi, pembentukan norma, dan kesepakatan diplomasi ekonomi terutama pada sektor prioritas",80,persen,True,False,True,True,90,lkj,2025,"Program berjalan, ditandai dengan adanya dokumen Laporan Kinerja (LKj) 2025 dari berbagai direktorat di Kementerian Luar Negeri yang melaporkan capaian indikator efektivitas diplomasi ekonomi. Dokumen tersebut secara spesifik mencantumkan kegiatan promosi dan penguatan kerja sama ekonomi sebagai bagian dari pelaksanaan program tahun 2025.","Program berjalan, ditandai dengan penetapan oleh Kemenlu melalui Ditjen Hubungan Ekonomi dan Kerja Sama Pembangunan (HEKSP) terkait indikator ini sebagai indikator kinerja utama dan melaporkan capaiannya dalam Laporan Kinerja Tahun 2025. Realisasi tercatat 93,75 persen terhadap target 80 persen, dengan capaian 117,19 persen, berasal dari 7 norma dan 4 kesepakatan yang terealisasi dari target 8 norma dan 4 kesepakatan. Pelaksanaannya didukung partisipasi Indonesia pada berbagai forum seperti Sidang UNIDO ke-21, KTM UNCTAD ke-16, WTO CTE, WIPO SCCR-47, dan Codex Alimentarius sepanjang 2025.",https://kemlu.go.id/files/repositori/65414/177580771769d8ace576a9e_LKj_Direktorat_Eropa_II_2025_Publikasi.pdf,kemlu.go.id,True,True,True,OK,,2,0,2,"laporan kinerja 2025 Kementerian Luar Negeri diplomasi ekonomi sektor prioritas | site:kemlu.go.id ""diplomasi ekonomi"" promosi sektor prioritas 2025",4217,269,6.92
20260918_113127,2026-09-18T11:34:58,gemma-4-26B-A4B-it,serper,0.0,4,19,Sosial,KEMENTERIAN LUAR NEGERI,KP 07.16.02 - Indeks Diplomasi Perlindungan WNI di Luar Negeri,98.7,Indeks,True,False,True,True,90,siaran_pers,2025,"Program berjalan, ditandai dengan pernyataan resmi Menteri Luar Negeri pada Januari 2025 yang menetapkan pelindungan WNI sebagai prioritas diplomasi, serta adanya kegiatan konkret seperti evakuasi WNI pada Juni 2025. Dokumen Laporan Keuangan Semester I 2025 juga menunjukkan adanya aktivitas anggaran pada Kementerian Luar Negeri.","Program berjalan, ditandai dengan terlaksananya ketiga jalur pembentuk indeks ini sepanjang Tahun 2025 sesuai Manual Indikator Kinerja Dit. PWNI 2025, yaitu diplomasi di forum internasional, pembentukan kebijakan nasional, dan kampanye penyadaran publik. Di jalur internasional, ASEAN mengadopsi Deklarasi tentang Pemberantasan Kejahatan Siber dan Penipuan Daring pada September 2025, yang disambut Indonesia dalam pertemuan Dewan Masyarakat Politik-Keamanan ASEAN pada rangkaian KTT ASEAN ke-47 di Kuala Lumpur, 26-28 Oktober 2025. Di jalur operasional, Pemerintah memulangkan 554 WNI korban TPPO penipuan daring dari Myawaddy, Myanmar, dalam dua tahap pada 18 dan 19 Maret 2025, dengan pengawalan Tim Pelindungan WNI Kemlu bersama KBRI Bangkok dan Yangon serta Hubinter Polri, dan secara agregat 27.768 WNI dipulangkan dari berbagai situasi krisis sepanjang 2025. Di jalur kebijakan nasional, terbit Kepmenlu Nomor 15 Tahun 2025 tentang Penetapan Perwakilan Pelindungan Terpadu serta Perjanjian Kerja Sama Kemlu dengan BPJS Ketenagakerjaan pada 22 Januari 2025. Layanan Kampanye Penyadaran Publik Dit. PWNI juga terdaftar aktif dengan standar pelayanan resmi di SIPPN Kementerian PANRB.",https://kemlu.go.id/berita/menlu-sugiono-sebut-pelindungan-wni--diaspora--prioritas-diplomasi-dan-asta-cita?type=publication,kemlu.go.id,True,True,True,OK,,2,0,2,laporan kinerja 2025 Kementerian Luar Negeri Indeks Diplomasi Perlindungan WNI | siaran pers Kementerian Luar Negeri perlindungan WNI 2025,4097,244,4.57
20260918_113127,2026-09-18T11:35:07,gemma-4-26B-A4B-it,serper,0.0,5,20,Pertahanan,KEMENTERIAN PERTAHANAN,KP 02.01.01 - Persentase pemenuhan alutsista,30.3,persen,True,False,True,True,80,siaran_pers,2025,"Program berjalan, ditandai dengan adanya kegiatan resmi Kementerian Pertahanan pada tahun 2025, termasuk kehadiran Menhan dalam kegiatan internasional (Bastille Day 2025) dan pengajuan anggaran strategis untuk peremajaan serta pemenuhan alutsista tahun 2025. Meskipun laporan capaian angka spesifik belum tersedia dalam bentuk LKj 2025, aktivitas kementerian menunjukkan program pemenuhan alutsista tetap menjadi prioritas anggaran dan operasional pada tahun berjalan.","Program berjalan, ditandai dengan pelaksanaan sejumlah kegiatan modernisasi dan pemenuhan alutsista oleh Kemhan bersama TNI sepanjang Tahun 2025, seperti uji coba alutsista produksi dalam negeri, kelanjutan program alih teknologi untuk pengadaan kapal selam bersama mitra asing, hingga penambahan alutsista baru untuk memperkuat matra udara, yang dipublikasikan lewat rilis resmi di laman kemhan.go.id.",https://www.kemhan.go.id/category/siaran-pers,www.kemhan.go.id,True,True,True,OK,,3,0,3,"laporan kinerja 2025 Kementerian Pertahanan pemenuhan alutsista | siaran pers Kementerian Pertahanan pemenuhan alutsista 2025 | site:kemhan.go.id ""pemenuhan alutsista"" 2025",6079,279,8.72
20260918_113127,2026-09-18T11:35:11,gemma-4-26B-A4B-it,serper,0.0,6,26,Pangan,BADAN KARANTINA INDONESIA,KP 02.10.13 - Persentase wilayah terkendali dari Hama Penyakit Hewan Karantina (HPHK),85,persen,True,False,True,True,90,siaran_pers,2025,"Program berjalan, ditandai dengan adanya siaran pers resmi Badan Karantina Indonesia pada Juli 2025 mengenai tindakan pemusnahan komoditas yang tidak sesuai standar keamanan hayati di Jawa Timur. Selain itu, terdapat laporan kinerja unit kerja (BKHIT) yang mencakup pelaksanaan tugas pencegahan masuk dan tersebarnya HPHK pada tahun 2025.","Program berjalan, ditandai dengan terlaksananya kegiatan pemantauan daerah sebar HPHK sepanjang Tahun 2025 oleh unit pelaksana teknis Badan Karantina Indonesia di berbagai wilayah, yang dituntaskan melalui seminar hasil pemantauan tingkat regional dan nasional bersama dinas peternakan provinsi/kabupaten-kota, akademisi, dan pemangku kepentingan terkait (misalnya di Sumatera Barat dan regional Sulawesi). Pelaksanaan ini juga terkonfirmasi dari dokumen anggaran (RKA/DIPA) yang memuat komponen persiapan, pelaksanaan, dan seminar pemantauan daerah sebar HPHK, serta dari Laporan Kinerja Tahun 2025 UPT Barantin yang dipublikasikan di laman resmi dan PPID Barantin, yang memuat indikator temuan dan tindak lanjut HPHK. Angka nasional persentase wilayah terkendali dari HPHK Tahun 2025 sendiri belum ditemukan dipublikasikan.",https://karantinaindonesia.go.id/repository/main-web/performance-reports/01KWZSR2N3FAYJP3MH0DM9GGED.pdf,karantinaindonesia.go.id,True,True,True,OK,,2,0,2,laporan kinerja 2025 Badan Karantina Indonesia persentase wilayah terkendali HPHK | siaran pers Badan Karantina Indonesia pengendalian HPHK 2025,4250,248,4.9
20260918_113127,2026-09-18T11:35:15,gemma-4-26B-A4B-it,serper,0.0,7,32,Infrastruktur,KEMENTERIAN PEKERJAAN UMUM,PP 02.12 - Efisiensi pemanfaatan air irigasi,"0,34",USD/m3,True,False,True,True,90,siaran_pers,2025,"Program berjalan, ditandai dengan pelaksanaan kegiatan Tahun Anggaran 2025 oleh Kementerian PU yang mencakup percepatan pembukaan pintu air dan implementasi Instruksi Presiden Nomor 02 Tahun 2025 untuk efisiensi pemanfaatan air irigasi. Siaran pers resmi Kementerian PU mengonfirmasi target dan langkah-langkah teknis yang sedang dijalankan pada tahun 2025.","Program berjalan, ditandai dengan terealisasinya pembangunan dan rehabilitasi jaringan irigasi oleh Kementerian PU sepanjang Tahun Anggaran 2025 dengan luas 589.605,80 hektare, serta terkonfirmasinya pelaksanaan pekerjaan fisik rehabilitasi jaringan irigasi di daerah melalui publikasi resmi Kementerian PU sepanjang 2025 (misalnya rehabilitasi tahap II DI Tingal di Temanggung yang progres fisiknya mencapai 60% per akhir September 2025). Target angka indikator sendiri, yaitu 0,34 USD/m³, memang tercantum sebagai sasaran kerja Kementerian PU tahun 2025 di bidang sumber daya air. Angka realisasi efisiensi pemanfaatan air irigasi tahun 2025 dalam satuan USD/m³ belum dipublikasikan, karena Laporan Kinerja Ditjen SDA terbaru yang terbit masih edisi Tahun 2024.",https://pu.go.id/berita/rapat-koordinasi-rencana-kerja-tahun-2025-kementerian-pu-fokus-pada-efisiensi-infrastruktur-untuk-dukung-pertumbuhan-ekonomi,pu.go.id,True,True,True,OK,,2,0,2,"laporan kinerja 2025 Kementerian Pekerjaan Umum efisiensi pemanfaatan air irigasi USD/m3 | site:pu.go.id ""efisiensi pemanfaatan air irigasi"" 2025",4140,279,3.19
20260918_113127,2026-09-18T11:35:20,gemma-4-26B-A4B-it,serper,0.0,8,41,Birokrasi,KEMENTERIAN KEUANGAN,KP 07.12.01 - Indeks Kinerja Kebijakan Penerimaan Negara,100,persen,True,False,True,True,90,lkj,2025,"Program berjalan, ditandai dengan adanya Laporan Kinerja Kementerian Keuangan Tahun 2025 yang mencatat raihan predikat Unggul pada penilaian Indeks Kualitas Kebijakan tahun 2025. Dokumen tersebut secara spesifik melaporkan capaian kinerja tahun berjalan terkait kualitas kebijakan di lingkungan Kementerian Keuangan.","Program berjalan, ditandai dengan realisasi Tahun 2025 sebesar 112,94 (target 100,00), sehingga capaian indikator ini melebihi target yang ditetapkan (112,94%), sebagaimana dipublikasikan dalam Laporan Kinerja Direktorat Jenderal Pajak Tahun 2025.",https://ppiddjkn.kemenkeu.go.id/storage/20260303-9614.pdf,ppiddjkn.kemenkeu.go.id,True,True,True,OK,,1,0,1,laporan kinerja 2025 Kementerian Keuangan Indeks Kinerja Kebijakan Penerimaan Negara,2144,187,4.99
20260918_113127,2026-09-18T11:35:26,gemma-4-26B-A4B-it,serper,0.0,9,47,Birokrasi,KEMENTERIAN KEUANGAN,KP 07.14.01 - Imbal hasil (yield) SBN,6.8-7.2,persen,True,False,True,True,90,siaran_pers,2025,"Program berjalan, ditandai dengan adanya laporan kinerja pasar SBN sepanjang tahun 2025 yang mencatat fluktuasi yield SBN (misalnya yield SUN 10 tahun yang tercatat di level 6,36% pada triwulan III 2025). Data ini menunjukkan aktivitas pengelolaan pembiayaan negara melalui instrumen surat berharga sedang berlangsung secara aktif di tahun berjalan.","Program berjalan dan targetnya terpenuhi, ditandai dengan pelaporan resmi posisi yield SBN dalam publikasi APBN sepanjang 2025. Yield SBN 10 tahun konsisten menurun hingga berada di level 6,71% secara year to date, atau 6,01% pada akhir periode per 31 Desember 2025, artinya berada di bawah rentang target 2025 sebesar 6,8-7,2 persen. Penurunan ini setara sekitar 100 basis poin dari posisi 7,01% di akhir 2024. Lelang dan penerbitan SBN juga berjalan rutin dan datanya dipublikasi DJPPR.",https://www.kemenkeu.go.id/informasi-publik/publikasi/siaran-pers/Siaran-Pers-Kinerja-APBN-Terjaga,www.kemenkeu.go.id,True,True,True,OK,,2,0,2,laporan kinerja 2025 Kementerian Keuangan yield SBN imbal hasil surat berharga negara | siaran pers Kementerian Keuangan yield SBN 2025,3985,245,6.66
20260918_113127,2026-09-18T11:35:31,gemma-4-26B-A4B-it,serper,0.0,10,55,Pangan,KEMENTERIAN PERTANIAN,KP 02.10.04 - Peningkatan luas panen padi KSPP Nusa Tenggara Timur,10930,ha,True,False,True,True,90,media,2025,"Program berjalan, ditandai dengan adanya laporan evaluasi kegiatan lahan dan irigasi pertanian di NTT tahun 2025 serta publikasi data BPS mengenai ringkasan eksekutif luas panen dan produksi padi Provinsi Nusa Tenggara Timur tahun 2025. Data menunjukkan adanya aktivitas pemantauan luas panen padi yang sedang berlangsung di wilayah tersebut pada tahun berjalan.","Program berjalan, ditandai dengan tersalurkannya intervensi Kementerian Pertanian di NTT sepanjang Tahun 2025 berupa alokasi Cetak Sawah Rakyat 13.810 ha dan optimasi lahan non-rawa 28.723 ha di 22 kabupaten/kota melalui Ditjen Lahan dan Irigasi Pertanian, bantuan 3.072 unit alsintan, bantuan benih untuk 17.567 ha, serta pembentukan 81 Brigade Pangan, sebagaimana dipublikasikan Dinas Pertanian dan Ketahanan Pangan Provinsi NTT. Hasilnya, luas tanam padi 2025 tercatat 250.528 ha (96,11% dari target), luas panen naik 25,92% dibanding 2024, dan produksi GKG mencapai 968.324 ton atau naik 36,81%. Catatan: angka luas panen padi khusus di dalam kawasan KSPP/food estate NTT (Sumba Tengah dan sekitarnya) belum ditemukan dipublikasikan secara terpisah.",https://distankp.nttprov.go.id/rapat-evaluasi-pelaksanaan-kegiatan-lahan-dan-irigasi-pertanian-tingkat-provinsi-ntt-2025-konsolidasi-menuju-swasembada-pangan/,distankp.nttprov.go.id,True,True,True,OK,,1,0,1,laporan kinerja 2025 Kementerian Pertanian peningkatan luas panen padi NTT,2335,226,4.32
20260918_113127,2026-09-18T11:35:34,gemma-4-26B-A4B-it,serper,0.0,11,78,Pangan,KEMENTERIAN PERTANIAN,KP 02.10.17 - Produksi vanili,1582,ton,False,True,True,False,90,lkj,2025,"Program berjalan, ditandai dengan adanya Laporan Kinerja (LAKIN) Ditjen Perkebunan Tahun 2025 yang secara spesifik melaporkan capaian kinerja komoditas vanili dalam periode Renstra 2025-2029. Dokumen tersebut menunjukkan bahwa kegiatan teknis dan pengawalan produksi komoditas perkebunan, termasuk vanili, telah dilaksanakan pada tahun 2025.","Program belum berjalan, ditandai dengan tidak ditemukannya bukti publikasi resmi yang menunjukkan adanya program peningkatan produksi vanili berjalan pada Tahun 2025. Realisasi kegiatan pengembangan kawasan tanaman semusim dan rempah Direktorat Jenderal Perkebunan Tahun 2025 diarahkan ke pala, kakao, dan tebu, tanpa vanili. Kegiatan pemerintah bertanggal 2025 yang menyinggung vanili hanya ditemukan pada balai perlindungan perkebunan tingkat provinsi, berupa pelatihan agens pengendali hayati yang sasarannya komoditas lain, sehingga tidak dapat dihitung sebagai intervensi terhadap indikator ini. Angka realisasi produksi vanili Tahun 2025 juga belum dipublikasikan.",https://ditjenbun.pertanian.go.id/template/uploads/2026/03/LAKIN-DITJENBUN-2025.pdf,ditjenbun.pertanian.go.id,True,True,True,OK,,2,0,2,"laporan kinerja 2025 Kementerian Pertanian produksi vanili | site:pertanian.go.id ""vanili"" 2025",4386,251,3.54
20260918_113127,2026-09-18T11:35:40,gemma-4-26B-A4B-it,serper,0.0,12,93,Pangan,KEMENTERIAN PERTANIAN,KP 02.10.18 - Persentase produksi komoditas pertanian organik terhadap produksi total komoditas pertanian,1.47,persen,False,False,True,False,90,lkj,2025,"Program berjalan, ditandai dengan adanya pelaksanaan kegiatan penyusunan Statistik Pertanian Organik Indonesia 2025 melalui Focus Group Discussion (FGD) dan kunjungan lapangan oleh AOI bersama Bappenas dan Kementan. Selain itu, Pusat PVTPP Kementerian Pertanian telah menerbitkan laporan tahunan tahun anggaran 2025 yang mencakup pelaksanaan program dan kegiatan terkait.","Program belum berjalan, ditandai dengan tidak ditemukannya bukti publikasi resmi yang menunjukkan adanya program peningkatan produksi komoditas pertanian organik berjalan pada Tahun 2025. Kegiatan yang ditemukan masih pada tahap penyiapan kebijakan, yaitu diskusi kelompok terarah oleh Badan Perakitan dan Modernisasi Pertanian Kementerian Pertanian pada November 2025, yang justru menyimpulkan perlunya pembentukan Otoritas Kompeten Pangan Organik, reorientasi kebijakan, dan revisi peraturan menteri agar selaras dengan SNI 6729:2025 dan RPJMN 2025-2029. Angka persentase produksi pertanian organik Tahun 2025 belum dipublikasikan.",https://ppvtpp.setjen.pertanian.go.id/publics/get-media/static/laporan_tahunan/moscs-1772683937/laporan-tahunan-pusat-pvtpp-tahun-2025/get-file/laporan_tahunan_a5c445b9-2327-435a-b91d-ff7df8b0b143.pdf,ppvtpp.setjen.pertanian.go.id,True,True,True,OK,,2,0,2,laporan kinerja 2025 Kementerian Pertanian produksi pertanian organik | kegiatan pengembangan pertanian organik Kementerian Pertanian 2025,4533,304,5.86
20260918_113127,2026-09-18T11:35:49,gemma-4-26B-A4B-it,serper,0.0,13,96,Energi,KEMENTERIAN ENERGI DAN SUMBER DAYA MINERAL,KP 03.02.04 - Panjang jaringan distribusi tenaga listrik,11.714,kms,True,False,True,True,90,lkj,2025,"Program berjalan, ditandai dengan adanya Laporan Kinerja Ditjen EBTKE Tahun 2025 yang mencatat realisasi fisik penambahan panjang jaringan distribusi di wilayah tertentu. Dokumen tersebut juga menunjukkan capaian kinerja Sekretariat Jenderal Kementerian ESDM tahun 2025 yang telah mencapai rata-rata 112,54%.","Program berjalan, ditandai dengan terkonfirmasinya realisasi pembangunan fisik jaringan distribusi sepanjang Tahun 2025 dalam satuan kilometer sirkuit. Melalui Program Listrik Perdesaan, PLN membangun Jaringan Tegangan Menengah sepanjang 4.856,17 kms, Jaringan Tegangan Rendah sepanjang 3.662,68 kms, dan gardu distribusi 105.280 kVA di 1.403 lokasi, yang disampaikan Direktur Utama PLN dan ditinjau langsung Menteri ESDM di Kabupaten Purworejo. Realisasi juga terdokumentasi pada level unit wilayah melalui publikasi PLN dan pemerintah daerah, misalnya PLN UID Jawa Tengah dan DIY sepanjang 2.607,80 kms JTM dan 2.676,81 kms JTR, serta penyelesaian jaringan tingkat dusun di Rokan Hulu, Riau. Data resmi PLN turut menunjukkan pertumbuhan jaringan, dengan panjang JTM nasional 463.451,41 kms pada 2025, naik dari 450.208,08 kms pada 2024. Angka realisasi dalam format indikator RPJMN, yaitu total tambahan panjang jaringan distribusi per tahun, belum dipublikasikan terpisah oleh Ditjen Ketenagalistrikan.",https://esdm.go.id/assets/media/content/content-laporan-kinerja-ditjen-ebtke-tahun-2025.pdf,esdm.go.id,True,True,True,OK,,3,1,3,"laporan kinerja 2025 Kementerian ESDM panjang jaringan distribusi tenaga listrik | laporan kinerja direktorat jenderal ketenagalistrikan tahun 2025 panjang jaringan distribusi tenaga listrik [site:esdm.go.id] | site:esdm.go.id ""panjang jaringan distribusi tenaga listrik"" 2025",6136,290,9.08
20260918_113127,2026-09-18T11:35:57,gemma-4-26B-A4B-it,serper,0.0,14,120,Industri,KEMENTERIAN PERINDUSTRIAN,KP 05.01.02 - Kapasitas produksi industri olahan tembaga,1.195,ribu ton/tahun,True,False,True,True,90,bappenas,2025,"Program berjalan, ditandai dengan adanya dataset resmi Kapasitas Produksi Industri Olahan Tembaga tahun 2025 pada Portal Satu Data Kementerian Perindustrian. Data tersebut mencatat hasil produksi maksimum yang dapat dicapai perusahaan untuk produk olahan tembaga (Cu) pada tahun berjalan. Hal ini menunjukkan pemantauan aktif terhadap indikator kapasitas produksi tersebut oleh K/L.","Program berjalan, ditandai dengan beroperasinya rangkaian smelter tembaga yang menjadi basis target kapasitas. Kemenperin memetakan empat smelter tembaga (PT Smelting Gresik, PT Batutua Tembaga Raya Wetar, PT Freeport Indonesia Gresik, dan PT Amman Mineral Industri Sumbawa) dengan target total produksi katoda tembaga 1,19 juta ton per tahun. Namun realisasi produksi 2025 masih jauh di bawah kapasitas terpasang: smelter Amman baru memproduksi 19.805 ton katoda pada paruh pertama 2025 karena masih tahap komisioning dan kendala teknis, sementara smelter Freeport di Gresik berhenti beroperasi sejak Desember 2025 akibat kekosongan pasokan konsentrat imbas longsor di tambang Grasberg Block Cave dan baru dijadwalkan berproduksi kembali mulai September 2026. Angka realisasi kapasitas produksi nasional 2025 belum dipublikasikan Kemenperin.",https://satudata.kemenperin.go.id/no/dataset/2025-kapasitas-produksi-industri-olahan-tembaga,satudata.kemenperin.go.id,True,True,True,OK,,3,0,3,"laporan kinerja 2025 Kementerian Perindustrian kapasitas produksi industri olahan tembaga | siaran pers Kementerian Perindustrian operasional smelter tembaga 2025 | site:kemenperin.go.id ""kapasitas produksi"" tembaga 2025",6588,282,7.89
20260918_113127,2026-09-18T11:36:06,gemma-4-26B-A4B-it,serper,0.0,15,131,Industri,KEMENTERIAN PERINDUSTRIAN,"KP 05.01.11 - Pertumbuhan PDB industri farmasi, produk obat kimia, dan obat tradisional","11,48",persen,True,False,True,True,90,siaran_pers,2025,"Program berjalan, ditandai dengan adanya target pertumbuhan sektor Industri Kimia, Farmasi, dan Obat Tradisional (IKFT) sebesar 6,59 persen pada tahun 2025 yang telah ditetapkan oleh Kementerian Perindustrian. Kemenperin secara aktif melakukan upaya dorongan terhadap IKM obat tradisional dan pemantauan kinerja sektor IKFT untuk mencapai target pertumbuhan tersebut.","Program berjalan, ditandai dengan publikasi capaiannya oleh Kemenperin melalui Ditjen IKFT. Sekretaris Ditjen IKFT melaporkan subsektor industri kimia, farmasi, dan obat tradisional tumbuh 8,35 persen sepanjang 2025, naik 2,49 poin dari 5,86 persen pada 2024. Untuk subsektor farmasi secara lebih spesifik, Kemenperin mencatat industri farmasi dan obat tradisional tumbuh 9,39 persen pada triwulan II 2025, jauh di atas 3,68 persen pada triwulan I 2025 dan 4,47 persen pada triwulan IV 2024. Angka agregat tahunan yang persis sesuai definisi indikator (target 11,48 persen) belum dirilis terpisah.","https://bbt.kemenperin.go.id/blog/gemilang-pada-triwulan-iii-2024,-sektor-ikft-dibidik-tumbuh-6-persen-tahun-2025",bbt.kemenperin.go.id,True,True,True,OK,,2,0,2,laporan kinerja 2025 Kementerian Perindustrian PDB industri farmasi obat kimia obat tradisional | siaran pers Kementerian Perindustrian kegiatan industri farmasi obat tradisional 2025,4136,257,8.85
20260918_113127,2026-09-18T11:36:13,gemma-4-26B-A4B-it,serper,0.0,16,134,Industri,KEMENTERIAN PERINDUSTRIAN,KP 05.01.14 - Pertumbuhan PDB industri mesin dan perlengkapan,"4,00",persen,True,False,True,True,85,siaran_pers,2025,"Program berjalan, ditandai dengan laporan ekspansi sektor industri manufaktur pada Juni 2025 yang mencakup subsektor dengan kontribusi PDB besar. Kementerian Perindustrian juga telah menetapkan target pertumbuhan PDB industri pengolahan nonmigas sebesar 5,17% untuk tahun 2025.","Program berjalan, ditandai dengan pernyataan Direktur Industri Permesinan dan Alat Mesin Pertanian Ditjen ILMATE Kemenperin bahwa subsektor industri mesin dan perlengkapan tumbuh 18,75 persen pada triwulan II 2025, tertinggi sejak 2012, didorong kenaikan belanja modal pemerintah sebesar 30,37 persen. Secara kumulatif, Kemenperin mencatat industri mesin dan perlengkapan tumbuh 9,97 persen pada triwulan I hingga III 2025, dibanding target RPJMN 4,00 persen.",https://itjen.kemenperin.go.id/post/menperin-dongkrak-pertumbuhan-manufaktur-hingga-8-persen-pengelolaan-anggaran-perlu-sinergis-dan-efektif,itjen.kemenperin.go.id,True,True,True,OK,,2,0,2,laporan kinerja 2025 Kementerian Perindustrian pertumbuhan PDB industri mesin dan perlengkapan | siaran pers Kementerian Perindustrian pertumbuhan PDB industri mesin dan perlengkapan 2025,4078,249,7.06
20260918_113127,2026-09-18T11:36:18,gemma-4-26B-A4B-it,serper,0.0,17,137,Industri,KEMENTERIAN PERINDUSTRIAN,KP 05.01.16 - Produktivitas tenaga kerja industri TPT,"60,34",persen,True,False,True,True,85,siaran_pers,2025,"Program berjalan, ditandai dengan adanya data pemantauan jumlah tenaga kerja sektor TPT pada Agustus 2025 yang mencapai 3,96 juta orang serta laporan pertumbuhan industri TPT sebesar 3,55% sepanjang tahun 2025. Kemenperin melalui Balai Besar Tekstil juga aktif melakukan pemantauan kondisi industri dan tenaga kerja untuk menjaga daya saing sektor ini.","Program berjalan, ditandai dengan bergulirnya Program Restrukturisasi Mesin dan/atau Peralatan Industri TPT secara berkelanjutan. Portal resmi Kemenperin mencantumkan pelaksanaan program untuk TA 2026 dengan prioritas bagi pemohon yang belum pernah menerima penggantian pada tahun anggaran 2021 sampai 2025, dan pengecualian bagi industri yang sudah menerima tiga kali pada periode 2021 sampai 2025, yang mengonfirmasi program juga berjalan pada TA 2025. Kemenperin juga menyebut program ini telah meningkatkan kapasitas produksi 21,75 persen, efisiensi energi 11,86 persen, dan lapangan kerja 3,96 persen, dilengkapi jalur vokasi industri. Angka realisasi produktivitas tenaga kerja TPT tahun 2025 sendiri belum dipublikasikan. ",https://bbt.kemenperin.go.id/blog/industri-tekstil-dan-alas-kaki-siap-penuhi-lonjakan-permintaan-ramadhan-dan-idul-fitri,bbt.kemenperin.go.id,True,True,True,OK,,2,0,2,laporan kinerja 2025 Kementerian Perindustrian produktivitas tenaga kerja industri TPT | siaran pers Kementerian Perindustrian produktivitas tenaga kerja industri TPT 2025,4020,257,5.53
20260918_113127,2026-09-18T11:36:25,gemma-4-26B-A4B-it,serper,0.0,18,144,Industri,KEMENTERIAN PERINDUSTRIAN,KP 05.02.06 - Nilai investasi perusahaan industri dan perusahaan kawasan industri di KI Bintan Inti Industrial Estate,"1,73",triliun rupiah,True,False,True,True,90,media,2025,"Program berjalan, ditandai dengan kunjungan kerja Wakil Menteri Perindustrian ke Bintan Industrial Estate pada 18 Januari 2025 untuk meninjau pengembangan kawasan. Selain itu, Bintan Industrial Estate telah ditetapkan sebagai salah satu Kawasan Industri (KI) prioritas dalam dokumen perencanaan Kemenperin untuk periode 2025-2029.","Program berjalan, ditandai dengan tercatatnya nilai realisasi investasi sebesar Rp0,18 triliun untuk Bintan Inti Industrial Estate pada dataset resmi BKPM Tahun 2025 (data sementara).",https://www.instagram.com/p/DFO4NJvTDVM/,www.instagram.com,False,True,True,OK,,2,0,2,laporan kinerja 2025 Kementerian Perindustrian investasi KI Bintan Inti Industrial Estate | siaran pers Kementerian Perindustrian investasi KI Bintan Inti Industrial Estate 2025,3998,219,6.44
20260918_113127,2026-09-18T11:36:36,gemma-4-26B-A4B-it,serper,0.0,19,147,Industri,KEMENTERIAN PERINDUSTRIAN,KP 05.02.09 - Nilai investasi perusahaan industri dan perusahaan kawasan industri di KIT Batang,"4,14",triliun rupiah,True,False,True,True,90,siaran_pers,2025,"Program berjalan, ditandai dengan peresmian KEK Industropolis Batang oleh Presiden pada 20 Maret 2025 serta adanya siaran pers resmi mengenai upaya penarikan investasi baru di kawasan tersebut. Pemerintah juga melakukan penguatan infrastruktur terpadu untuk mendukung daya tarik investasi di KIT Batang pada tahun 2025.","Program berjalan, ditandai dengan KIT Batang yang diresmikan menjadi KEK Industropolis Batang oleh Presiden pada 20 Maret 2025, dan sepanjang 2025 kawasan ini membukukan realisasi investasi baru sekitar Rp4,87 triliun (menurut pengelola, dikutip Antara/Liputan6), dengan realisasi kumulatif kawasan sekitar Rp17,95 triliun. Sebagai konteks nasional, Plt Sekjen Dewan Nasional KEK Rizal Edwin Manansang menyatakan realisasi investasi di 25 KEK sepanjang 2025 mencapai Rp82,6 triliun atau sekitar 98 persen dari target dengan serapan 88.541 tenaga kerja (kumulatif 2012-2025 Rp335 triliun dan 248.459 pekerja). Nilai realisasi 2025 KIT Batang ini melampaui target indikator 4,14 triliun rupiah, menandakan indikator berjalan dan tercapai.",https://kek.go.id/id/media/press/kek-industropolis-batang-magnet-investasi-baru-untuk-serap-ribuan-tenaga-kerja,kek.go.id,True,True,True,OK,,2,0,2,laporan kinerja 2025 Kementerian Perindustrian investasi KIT Batang | siaran pers Kementerian Perindustrian investasi KIT Batang 2025,4071,230,11.39
20260918_113127,2026-09-18T11:36:43,gemma-4-26B-A4B-it,serper,0.0,20,158,Industri,KEMENTERIAN PERINDUSTRIAN,KP 05.02.21 - Nilai investasi perusahaan industri dan perusahaan kawasan industri di KI Pulau Obi,"2,53",triliun rupiah,True,False,False,False,80,tidak_ada,2025,"Program belum berjalan, ditandai dengan tidak ditemukannya bukti konkret realisasi nilai investasi spesifik untuk KI Pulau Obi pada tahun 2025 dalam dokumen resmi Kemenperin. Dokumen yang tersedia hanya menyebutkan KI Pulau Obi sebagai bagian dari perencanaan strategis atau daftar kawasan industri dalam dokumen rencana jangka panjang.","Program berjalan, ditandai dengan tercatatnya nilai realisasi investasi sebesar Rp0,50 triliun untuk Kawasan Industri Pulau Obi pada dataset resmi BKPM Tahun 2025 (data sementara).",http://bbkk.kemenperin.go.id/ppid/views/download.php?id=758&tbl=berkala,bbkk.kemenperin.go.id,True,True,True,OK,,3,0,3,"laporan kinerja 2025 Kementerian Perindustrian investasi KI Pulau Obi | siaran pers Kementerian Perindustrian investasi Kawasan Industri Pulau Obi 2025 | site:kemenperin.go.id investasi ""Pulau Obi"" 2025",6249,251,6.4
20260918_113127,2026-09-18T11:36:58,gemma-4-26B-A4B-it,serper,0.0,21,160,Industri,KEMENTERIAN PERINDUSTRIAN,KP 05.02.23 - Nilai investasi perusahaan industri dan perusahaan kawasan industri di KI Buli,"0,21",triliun rupiah,True,False,False,False,85,bappenas,2025,"Program belum berjalan, ditandai dengan tidak ditemukannya bukti realisasi investasi spesifik untuk KI Buli pada tahun 2025 dalam dokumen resmi Kemenperin maupun BKPM. Dokumen yang tersedia hanya memuat rencana strategis atau target indikator dalam narasi RPJMN 2025-2029 tanpa laporan kegiatan/capaian konkret di lapangan untuk tahun berjalan.","Program berjalan, ditandai dengan tercatatnya nilai realisasi investasi sebesar Rp0,006 triliun untuk Kawasan Industri Buli pada dataset resmi BKPM Tahun 2025 (data sementara), meski nilainya masih relatif kecil dibanding kawasan lain, didukung publikasi terkait peresmian proyek investasi besar (ekosistem baterai kendaraan listrik) di kawasan Buli pada 2025 serta konsultasi publik lanjutan pengembangan kawasan pada 2026.",https://perpustakaan.bappenas.go.id/e-library/file_upload/koleksi/dokumenbappenas/konten/Dokumen%202025/Konten/Relayout%20Narasi%20RPJMN%20Tahun%202025-2029%20(2).pdf,perpustakaan.bappenas.go.id,True,True,True,OK,,3,0,3,"laporan kinerja 2025 Kementerian Perindustrian investasi KI Buli | investasi perusahaan industri kawasan industri KI Buli 2025 | realisasi investasi ""KI Buli"" 2025",6307,312,15.7
20260918_113127,2026-09-18T11:37:11,gemma-4-26B-A4B-it,serper,0.0,22,165,Industri,KEMENTERIAN PERINDUSTRIAN,KP 05.05.04 - Diversifikasi produk industri berbasis SDA yang diolah,286,persen,True,False,True,True,85,siaran_pers,2025,"Program berjalan, ditandai dengan kegiatan diversifikasi produk kerajinan manik-manik di Kota Balikpapan yang dilakukan oleh Kementerian Perindustrian pada April 2025. Selain itu, terdapat dokumen laporan kinerja tahun 2025 yang menunjukkan pengelolaan anggaran dan target kinerja sedang dilaksanakan. Upaya hilirisasi SDA juga terus dipacu melalui berbagai program di unit kerja Kemenperin.","Program berjalan, ditandai dengan adanya kebijakan dan kegiatan hilirisasi SDA unggulan, tetapi angka indikatornya belum dipublikasikan. Kemenperin menyatakan pengembangan hilirisasi berbasis sumber daya hayati akan semakin fokus seiring masuknya komoditas seperti rumput laut dalam tematik pengembangan hilirisasi industri berbasis SDA unggulan pada RPJMN 2025-2029. Untuk tahun anggaran berikutnya, Kemenperin menetapkan program prioritas yang mencakup percepatan hilirisasi sumber daya alam, restrukturisasi mesin dan teknologi, serta pengembangan industri halal dan TKDN. Kegiatan pendukung juga terlihat pada level Ditjen Industri Agro dan Ditjen IKMA, misalnya fasilitasi super deduction tax untuk riset diversifikasi produk pangan. ",https://ikm.kemenperin.go.id/pers-conference?page=12,ikm.kemenperin.go.id,True,True,True,OK,,2,0,2,laporan kinerja 2025 Kementerian Perindustrian diversifikasi produk industri berbasis SDA | siaran pers Kementerian Perindustrian hilirisasi SDA diversifikasi produk 2025,3891,226,12.77
20260918_113127,2026-09-18T11:37:18,gemma-4-26B-A4B-it,serper,0.0,23,175,Energi,KEMENTERIAN ENERGI DAN SUMBER DAYA MINERAL,KP 02.11.02 - Jumlah volume penyaluran BBM bersubsidi,"19,41",juta KL,True,False,True,True,90,media,2025,"Program berjalan, ditandai dengan adanya laporan realisasi konsumsi BBM subsidi pada Triwulan I 2025 yang dinyatakan masih sesuai dengan kuota pemerintah. Selain itu, Kementerian ESDM telah menetapkan alokasi subsidi energi untuk tahun 2025 dalam kerangka RAPBN.","Program berjalan dan angkanya sudah terpublikasi. BPH Migas melaporkan realisasi penyaluran Januari sampai Desember 2025 untuk JBT Solar sebesar 18,41 juta KL atau 97,4 persen dari kuota 18,88 juta KL, dan JBT minyak tanah sebesar 507.944 KL atau 96,75 persen dari kuota 525.000 KL, sehingga total JBT (BBM bersubsidi) berada di kisaran 18,9 juta KL. Untuk JBKP Pertalite (BBM kompensasi), realisasinya 28,06 juta KL atau sekitar 89,86 persen dari kuota. Dari penyaluran yang berada di bawah kuota tersebut, pemerintah mencatat penghematan subsidi dan kompensasi sekitar Rp4,98 triliun. Angka ini disampaikan Kepala BPH Migas dalam Rapat Dengar Pendapat bersama Komisi XII DPR RI pada 27 Januari 2026. ",https://investortrust.id/business/65373/pertamina-pastikan-realisasi-konsumsi-bbm-subsidi-triwulan-i-2025-tidak-over-kuota,investortrust.id,False,True,True,OK,,3,0,3,laporan kinerja 2025 Kementerian ESDM penyaluran BBM bersubsidi | siaran pers penyaluran BBM bersubsidi 2025 Kementerian ESDM | realisasi penyaluran BBM bersubsidi 2025 Kementerian ESDM,6606,265,6.97
20260918_113127,2026-09-18T11:37:22,gemma-4-26B-A4B-it,serper,0.0,24,184,Energi,KEMENTERIAN ENERGI DAN SUMBER DAYA MINERAL,KP 02.19.01 - Reduksi emisi GRK sektor energi,164,juta ton CO2-Eq,True,False,True,True,90,lkj,2025,"Program berjalan, ditandai dengan adanya Laporan Kinerja Ditjen EBTKE Tahun 2025 yang mencantumkan capaian indikator reduksi emisi GRK sektor ESDM. Selain itu, terdapat laporan capaian kinerja Semester I Tahun 2025 yang menunjukkan aktivitas operasional sektor energi sedang berlangsung.","Program berjalan dan target tercapai, ditandai dengan terpublikasinya realisasi penurunan emisi GRK sektor energi Tahun 2025 sebesar 165,31 juta ton CO2e dalam Laporan Kinerja Ditjen EBTKE Tahun 2025, melampaui target RPJMN sebesar 164 juta ton CO2-Eq. Capaian ini ditopang aksi mitigasi yang terkonfirmasi pelaksanaannya sepanjang 2025, antara lain mandatori B40 dengan pemanfaatan biodiesel domestik 14,94 juta kL, penambahan kapasitas terpasang PLT EBT sebesar 1,3 GW (terbesar dalam lima tahun terakhir) menjadi 15.630 MW, dan penurunan intensitas energi final 1,32 juta SBM/Miliar Rp.",https://esdm.go.id/assets/media/content/content-laporan-kinerja-ditjen-ebtke-tahun-2025.pdf,esdm.go.id,True,True,True,OK,,1,0,1,laporan kinerja 2025 Kementerian ESDM reduksi emisi GRK sektor energi,2261,189,3.95
20260918_113127,2026-09-18T11:37:26,gemma-4-26B-A4B-it,serper,0.0,25,185,Energi,KEMENTERIAN ENERGI DAN SUMBER DAYA MINERAL,KP 03.02.03 - Kapasitas pembangkit listrik (kumulatif angka dasar tahun 2023),"93,9","GW, kumulatif",True,False,True,True,95,siaran_pers,2025,"Program berjalan, ditandai dengan adanya laporan capaian kinerja Semester I Tahun 2025 yang mencatat peningkatan kapasitas pembangkit listrik nasional sebesar 4,4 GW. Dokumen resmi Kementerian ESDM mengonfirmasi adanya penambahan kapasitas terpasang secara konkret sepanjang tahun 2025.","Program berjalan dan capaiannya sudah terpublikasi resmi. Kapasitas terpasang pembangkit listrik pada Tahun 2025 meningkat sebanyak 7 GW dari Tahun 2024 menjadi 107,51 GW. Hal ini disampaikan Menteri ESDM pada Konferensi Pers Capaian Kinerja Sektor ESDM di Jakarta, Kamis 8 Januari 2026, yang menegaskan peningkatan kapasitas sebagai bagian upaya menjaga keandalan pasokan listrik nasional. Perlu dicatat, angka 107,51 GW merupakan kapasitas nasional gabungan (PLN, IPP, PPU, dan IUPTLS), sehingga cakupannya bisa lebih luas daripada definisi indikator RPJMN, dan penjelasan metodologi resmi perlu dikonfirmasi ke Ditjen Ketenagalistrikan.",https://www.esdm.go.id/id/media-center/arsip-berita/semester-i-tahun-2025-kapasitas-terpasang-pembangkit-meningkat-44-gw,www.esdm.go.id,True,True,True,OK,,1,0,1,laporan kinerja 2025 Kementerian ESDM kapasitas pembangkit listrik,2291,198,3.59
20260918_113127,2026-09-18T11:37:30,gemma-4-26B-A4B-it,serper,0.0,26,187,Energi,KEMENTERIAN ENERGI DAN SUMBER DAYA MINERAL,KP 03.02.03 - Produksi tenaga listrik,363.044,GWh,True,False,True,True,90,lkj,2025,"Program berjalan, ditandai dengan adanya dokumen Capaian Kinerja Semester I Tahun 2025 dari Kementerian ESDM yang melaporkan realisasi kinerja sektor energi. Dokumen tersebut menunjukkan aktivitas pemantauan dan pelaporan produksi energi yang sedang berlangsung pada tahun berjalan 2025.","Program berjalan dengan capaian mendekati target, ditandai dengan terpublikasinya realisasi produksi tenaga listrik Tahun 2025 sebesar 354.928,06 GWh dalam Statistik PLN 2025, naik dari 343.891,75 GWh pada Tahun 2024. Angka ini setara sekitar 97,8 persen dari target RPJMN Tahun 2025 sebesar 363.044 GWh. Dari total produksi tersebut, 161.547,41 GWh atau 45,52 persen berasal dari pembelian di luar PLN. Realisasi ini konsisten dengan proyeksi yang disampaikan Plt. Direktur Jenderal Ketenagalistrikan dalam rapat kerja bersama Komisi XII DPR pada 13 November 2025, yang memperkirakan produksi listrik nasional sepanjang 2025 mencapai 354 TWh dengan capaian hingga Oktober 2025 sebesar 290 TWh. Sebagai indikator turunan, konsumsi listrik per kapita pada 2025 tercatat 1.584 kWh atau 108,2 persen dari target 1.464 kWh.",https://esdm.go.id/assets/media/content/content-capaian-kinerja-semester-i-sektor-esdm-tahun-2025.pdf,esdm.go.id,True,True,True,OK,,1,0,1,laporan kinerja 2025 Kementerian ESDM produksi tenaga listrik,2253,182,4.8
20260918_113127,2026-09-18T11:37:37,gemma-4-26B-A4B-it,serper,0.0,27,188,Energi,KEMENTERIAN ENERGI DAN SUMBER DAYA MINERAL,KP 03.02.04 - Panjang jaringan transmisi tenaga listrik,2.152,kms,True,False,True,True,95,siaran_pers,2025,"Program berjalan, ditandai dengan siaran pers Kementerian ESDM pada Mei 2025 mengenai pengumuman RUPTL PLN 2025-2034 dan komitmen pembangunan jaringan transmisi untuk menunjang pengembangan pembangkit listrik. Selain itu, terdapat dokumen Laporan Kinerja Direktorat Jenderal Ketenagalistrikan Tahun 2025 yang mencantumkan capaian penambahan jaringan transmisi tenaga listrik.","Program berjalan, ditandai dengan adanya peresmian proyek transmisi yang telah selesai pada Tahun 2025 serta penetapan rencana pembangunan transmisi dalam dokumen resmi. Pada awal 2025, Presiden meresmikan 11 proyek transmisi sepanjang 739,71 kms beserta gardu induk 1.740 MVA. Rencana jangka menengahnya tertuang dalam RUPTL, di mana Keputusan Menteri ESDM Nomor 188.K/TL.03/MEM.L/2025 memerinci rencana jaringan transmisi sepanjang 47.758 kms dan gardu induk 107.950 MVA, dan Menteri ESDM menyatakan jaringan tersebut akan dibangun bertahap dalam satu dekade untuk menghubungkan pembangkit EBT ke gardu induk PLN. Penyelesaian proyek transmisi juga terus dipublikasikan PLN di tingkat daerah sepanjang 2025, contohnya rampungnya GI 150 kV KIT Batang beserta SUTT 150 kV KIT Batang Incomer sepanjang 10,916 kms pada Desember 2025. Angka nasional total tambahan panjang jaringan transmisi (kms) yang beroperasi selama Tahun 2025 belum dipublikasikan.",https://www.esdm.go.id/en/media-center/news-archives/menteri-esdm-umumkan-ruptl-pln-2025-2034-serap-lebih-dari-17-juta-tenaga-kerja-baru,www.esdm.go.id,True,True,True,OK,,2,0,2,laporan kinerja 2025 Kementerian ESDM panjang jaringan transmisi tenaga listrik | siaran pers Kementerian ESDM pembangunan jaringan transmisi tenaga listrik 2025,4179,275,6.5
20260918_113127,2026-09-18T11:37:49,gemma-4-26B-A4B-it,serper,0.0,28,196,Infrastruktur,KEMENTERIAN PERHUBUNGAN,KP 03.01.02 - Panjang jalur KA yang beroperasi,6.928,km (kumulatif),True,False,True,True,85,bappenas,2025,"Program berjalan, ditandai dengan adanya dokumen rencana strategis dan penetapan target indikator panjang jalur KA yang beroperasi dalam dokumen perencanaan resmi tahun 2025. Kementerian Perhubungan juga sedang melaksanakan proyek strategis seperti pembangunan jalur kereta api layang di Medan dan pengembangan kereta perkotaan di kawasan metropolitan sebagai bagian dari upaya pencapaian target tersebut.","Program berjalan, ditandai dengan beroperasinya jalur-jalur kereta api baru dan segmen jalur ganda hasil pembangunan DJKA yang mulai dipakai lewat pemberlakuan Gapeka 2025 per 1 Februari 2025, antara lain lintas baru Rantauprapat Baru–Pondok S5, Kreunggeukeuh–Kutablang–Muara Satu, dan Semarang Tawang–Tanjungmas, serta perubahan jalur tunggal menjadi jalur ganda pada beberapa segmen di Jawa dan Sumatera. DJKA juga melaporkan capaian indikator ini secara berkala kepada Komisi V DPR RI: panjang jalur kereta api yang beroperasi tercatat 6.915,12 km atau sekitar 99,81% dari target tahunan, dan Menteri Perhubungan menyebut angka jaringan aktif nasional di kisaran 6.927 km. Angka realisasi khusus posisi akhir 2025 belum dipublikasikan tersendiri karena Laporan Kinerja DJKA Tahun 2025 belum terbit.",https://peraturan.go.id/files/permen-ppn-bappenas-no-8-tahun-2025.pdf,peraturan.go.id,True,True,True,OK,,4,1,4,"laporan kinerja 2025 Kementerian Perhubungan panjang jalur KA yang beroperasi | siaran pers Kementerian Perhubungan pembangunan jalur kereta api 2025 | site:dephub.go.id ""panjang jalur kereta api"" 2025 | ""panjang jalur KA yang beroperasi"" 2025 Kemenhub",8305,295,12.11
20260918_113127,2026-09-18T11:37:55,gemma-4-26B-A4B-it,serper,0.0,29,200,Infrastruktur,KEMENTERIAN PERHUBUNGAN,KP 03.01.03 - Penumpang angkutan laut nonkomersil,1.637,ribu penumpang,True,False,True,True,90,media,2025,"Program berjalan, ditandai dengan penandatanganan Perjanjian Kerja Sama Pelayaran Perintis dan PSO untuk tahun 2025 serta pelaksanaan layanan angkutan laut pada masa Nataru 2025/2026. Kegiatan operasional kapal perintis untuk mobilitas masyarakat di daerah terpencil juga terkonfirmasi berjalan pada tahun 2025.","Program berjalan, ditandai dengan terselenggaranya layanan angkutan laut perintis dan angkutan rede sepanjang Tahun 2025 sebagaimana dipublikasikan Ditjen Perhubungan Laut, mencakup 107 trayek kapal perintis yang melayani 480 pelabuhan singgah di 28 provinsi dan 184 kabupaten/kota dengan realisasi fisik 2.154 voyage, serta 18 trayek angkutan rede pada 75 pelabuhan singgah. Dari sisi produksi, Dirjen Perhubungan Laut menyampaikan realisasi PSO tahun 2025 melayani sekitar 1,26 juta penumpang pada kapal perintis dan 48.003 penumpang pada kapal rede, di luar layanan PSO penumpang kelas ekonomi yang mengangkut 4.472.921 orang. Angka realisasi resmi versi indikator RPJMN untuk 2025 belum dipublikasikan tersendiri, dan angka produksi yang tersedia masih di bawah target 1.637 ribu penumpang.",http://dppinsa.com/content/detail/kemenhub_tandatangani_perjanjian_kerja_sama_pelayaran_perintis_dan_pso_tahun_2025,dppinsa.com,False,True,True,OK,,2,0,2,laporan kinerja 2025 Kementerian Perhubungan angkutan laut nonkomersil perintis | siaran pers Kementerian Perhubungan 2025 angkutan laut perintis penumpang,4395,249,5.78
20260918_113127,2026-09-18T11:38:04,gemma-4-26B-A4B-it,serper,0.0,30,201,Infrastruktur,KEMENTERIAN PERHUBUNGAN,KP 03.01.03 - Muatan barang angkutan laut nonkomersil,720.124,ton,True,False,True,True,90,siaran_pers,2025,"Program berjalan, ditandai dengan adanya operasional 107 trayek angkutan laut perintis yang melayani 480 pelabuhan singgah di 28 provinsi pada tahun 2025. Data dari Hubnet Kemenhub juga menunjukkan adanya pemutakhiran data muatan barang angkutan laut nonkomersil untuk periode tahun 2025.","Program berjalan, ditandai dengan terlaksananya angkutan barang perintis dan program Tol Laut sepanjang Tahun 2025 sebagaimana dilaporkan Ditjen Perhubungan Laut. Sampai September 2025, Tol Laut tercatat menjalankan 523 voyage melayani 104 pelabuhan, dan untuk keseluruhan tahun 2025 Dirjen Perhubungan Laut menyampaikan realisasi 756 voyage dengan muatan 32.732 TEUs dan 2.003 ton, sementara kapal perintis mengangkut 188.571 ton barang general cargo. Pemerintah juga sudah menyiapkan skema optimalisasi trayek Tol Laut untuk 2026, yang menandakan program tetap berlanjut. Angka realisasi tunggal dalam satuan ton sesuai definisi indikator RPJMN belum dipublikasikan, dan angka yang tersedia masih di bawah target 720.124 ton.",https://hubnet.kemenhub.go.id/dataset/content/dataset/1153,hubnet.kemenhub.go.id,True,True,True,OK,,3,0,3,"laporan kinerja 2025 Kementerian Perhubungan muatan barang angkutan laut nonkomersil perintis | site:kemenhub.go.id ""muatan barang angkutan laut nonkomersil"" 2025 | siaran pers Kementerian Perhubungan ""angkutan laut perintis"" 2025",6246,276,8.92
20260918_113127,2026-09-18T11:38:10,gemma-4-26B-A4B-it,serper,0.0,31,205,Infrastruktur,KEMENTERIAN PERHUBUNGAN,KP 03.01.05 - Pelabuhan penyeberangan yang beroperasi,235,"lokasi, kumulatif",True,False,True,True,90,siaran_pers,2025,"Program berjalan, ditandai dengan pernyataan resmi Kementerian Perhubungan mengenai kesiapan sarana dan prasarana transportasi, termasuk pelabuhan penyeberangan (seperti Merak dan Bakauheni), untuk menghadapi angkutan Lebaran 2025. Selain itu, terdapat regulasi baru mengenai SOP perizinan pembangunan pelabuhan penyeberangan yang diterbitkan pada Februari 2025.","Program berjalan, ditandai dengan selesainya pembangunan dan diresmikannya pelabuhan penyeberangan baru pada Tahun 2025 sebagaimana dipublikasikan Kementerian Perhubungan, contohnya Pelabuhan Penyeberangan Letung di Kepulauan Anambas dan Pelabuhan Penyeberangan Sedanau di Natuna yang diresmikan pada 5 November 2025 dan langsung dilayani KMP Bahtera Nusantara 01 pada lintas Tanjung Uban sampai Sintete. Pengoperasian pelabuhan penyeberangan eksisting juga terkonfirmasi berjalan melalui pengaturan operasional oleh Ditjen Perhubungan Darat sepanjang tahun, termasuk pada periode angkutan Natal 2025 dan Tahun Baru 2026. Jumlah kumulatif pelabuhan penyeberangan yang beroperasi secara nasional posisi 2025 belum dipublikasikan, karena LAKIP Ditjen Perhubungan Darat yang tersedia di daftar informasi publik masih edisi Tahun 2024.",https://dephub.go.id/index.php/post/read/menhub-dudy-pastikan-sarana-dan-prasarana-transportasi-siap-hadapi-angkutan-lebaran-2025,dephub.go.id,True,True,True,OK,,2,0,2,"laporan kinerja 2025 Kementerian Perhubungan pelabuhan penyeberangan yang beroperasi | site:dephub.go.id ""pelabuhan penyeberangan"" operasional 2025",4187,270,6.22
20260918_113127,2026-09-18T11:38:16,gemma-4-26B-A4B-it,serper,0.0,32,225,Kesehatan,KEMENTERIAN KESEHATAN,"KP 02.12.05 - Kabupaten/kota kualitas air minum pada sarana air minum memenuhi syarat kabupaten/kota dengan kualitas air minum yang memenuhi syarat (RIBK, Renstra)",50,persen,True,False,True,True,90,media,2025,"Program berjalan, ditandai dengan pelaksanaan kegiatan Surveilans Kualitas Air Minum Rumah Tangga (SKAMRT) oleh Puskesmas di berbagai wilayah pada tahun 2025. Kegiatan ini mencakup pengambilan sampel air serta pemeriksaan kualitas fisik, kimia, dan mikrobiologi di tingkat rumah tangga untuk memantau risiko cemaran.","Program berjalan, ditandai dengan diselenggarakannya Surveilans Kualitas Air Minum Rumah Tangga (SKAMRT) Tahun 2025 oleh Kementerian Kesehatan melalui pendampingan tematik kepada dinas kesehatan daerah, serta terlaksananya pengawasan kualitas air minum di tingkat kabupaten/kota yang hasilnya dipublikasikan oleh dinas kesehatan kabupaten/kota melalui portal Satu Data Indonesia, antara lain data Jumlah Sarana Air Minum Memenuhi Syarat Tahun 2025 dari Dinas Kesehatan Kabupaten Musi Banyuasin. Angka capaian indikator secara nasional untuk Tahun 2025 belum dipublikasikan.",https://pkmgamping1.slemankab.go.id/pelaksanaan-surveilans-kualitas-air-minum-rumah-tangga-di-wilayah-puskesmas-gamping-1-tahun-2025/,pkmgamping1.slemankab.go.id,True,True,True,OK,,2,0,2,laporan kinerja 2025 Kementerian Kesehatan kualitas air minum kabupaten kota | kegiatan surveilans kualitas air minum rumah tangga Kementerian Kesehatan 2025,4125,242,6.1
20260918_113127,2026-09-18T11:38:25,gemma-4-26B-A4B-it,serper,0.0,33,226,Kesehatan,KEMENTERIAN KESEHATAN,KP 02.18.01 - Jumlah kabupaten/kota dengan kepala keluarga yang melakukan pengelolaan sampah secara terstandar (pilar 4 STBM),30,kab/kota,True,False,False,False,90,tidak_ada,tidak_ada,"Program belum berjalan, ditandai dengan tidak ditemukannya bukti kegiatan teknis, laporan capaian, atau siaran pers resmi Kementerian Kesehatan yang menunjukkan pelaksanaan program pengelolaan sampah pilar 4 STBM pada tahun 2025. Hasil pencarian hanya menunjukkan referensi umum mengenai pilar STBM dan dokumen dari tahun-tahun sebelumnya.","Program berjalan, ditandai dengan terkonfirmasinya pelaksanaan pemicuan, pendampingan, dan verifikasi STBM Pilar 4 (Pengelolaan Sampah Rumah Tangga) oleh dinas kesehatan kabupaten/kota bersama puskesmas dan lintas sektor melalui publikasi kegiatan pada laman resmi pemerintah daerah sepanjang Tahun 2025. Jumlah kabupaten/kota yang memenuhi kriteria secara nasional pada Tahun 2025 belum dipublikasikan.",https://kemkes.go.id,kemkes.go.id,True,False,True,OK,,3,0,3,"laporan kinerja 2025 Kementerian Kesehatan jumlah kabupaten kota pengelolaan sampah STBM pilar 4 | siaran pers Kementerian Kesehatan implementasi STBM pilar 4 pengelolaan sampah 2025 | site:kemkes.go.id ""STBM"" pilar 4 pengelolaan sampah 2025",6111,241,9.4
20260918_113127,2026-09-18T11:38:33,gemma-4-26B-A4B-it,serper,0.0,34,233,Kesehatan,KEMENTERIAN KESEHATAN,KP 04.11.01 - Cakupan antenatal care (ANC) sesuai standar (12T),63,persen,True,False,True,True,95,bappenas,2025,"Program berjalan, ditandai dengan penetapan standar pelayanan Antenatal Care (ANC) 12T dalam dokumen Rencana Strategis Kementerian Kesehatan 2025-2029 dan Rencana Aksi Program Ditjen Kesehatan Primer dan Komunitas untuk tahun 2025. Dokumen resmi tersebut mencantumkan target capaian 63% untuk indikator cakupan ANC sesuai standar (12T) sebagai bagian dari program kerja tahun 2025.","Program berjalan, ditandai dengan pemberlakuan pedoman teknis 12T untuk menggantikan standar sebelumnya di dalam Rencana Aksi Program Direktorat Jenderal terkait dan diintegrasikan pada pedoman layanan fasilitas kesehatan/puskesmas.",https://kesprimkom.kemkes.go.id/assets/uploads/contents/others/5._RAP_Kesprimkom_2025_-_2029_(1).pdf,kesprimkom.kemkes.go.id,True,True,True,OK,,3,0,3,"laporan kinerja 2025 Kementerian Kesehatan cakupan antenatal care ANC 12T | siaran pers Kementerian Kesehatan pelaksanaan layanan antenatal care ANC 12T 2025 | site:kemkes.go.id ""ANC"" ""12T"" 2025",5965,306,7.61
20260918_113127,2026-09-18T11:38:41,gemma-4-26B-A4B-it,serper,0.0,35,236,Kesehatan,KEMENTERIAN KESEHATAN,KP 04.11.01 - Cakupan KF lengkap sesuai standar,35,persen,True,False,True,True,90,siaran_pers,2025,"Program berjalan, ditandai dengan adanya dokumen Rencana Aksi Program Ditjen Kesehatan Masyarakat 2025-2029 serta implementasi teknis layanan Postnatal Care (PNC) yang terintegrasi dalam platform SATUSEHAT pada tahun 2025. Selain itu, terdapat bukti kegiatan capacity building terkait standar pelayanan nifas di tingkat daerah pada Juli 2025.","Program berjalan dan melampaui target, ditandai dengan capaian kinerja Cakupan KF lengkap sesuai standar sebesar 74,71% dari target 35% (capaian kinerja 213,46%) sebagaimana termuat dalam LAKIP Ditjen Kesprimkom Tahun 2025, sumber data Komdat Kesmas. Penerapan di level provinsi juga menunjukkan tren serupa yang mencatat capaian di atas baseline 2024.",https://kesprimkom.kemkes.go.id/assets/uploads/contents/others/5._RAP_Kesprimkom_2025_-_2029_(1).pdf,kesprimkom.kemkes.go.id,True,True,True,OK,,3,0,3,"laporan kinerja 2025 Kementerian Kesehatan cakupan KF lengkap standar | siaran pers Kementerian Kesehatan layanan kunjungan nifas KF lengkap 2025 | site:kemkes.go.id ""kunjungan nifas"" 2025",6341,283,8.01
20260918_113127,2026-09-18T11:38:50,gemma-4-26B-A4B-it,serper,0.0,36,243,Kesehatan,KEMENTERIAN KESEHATAN,KP 04.11.02 - Persentase ibu hamil kurang energi kronis (KEK),15,persen,True,False,True,True,95,siaran_pers,2025,"Program berjalan, ditandai dengan diterbitkannya Perdirjen Kesprimkom No. 576 Tahun 2025 tentang Petunjuk Teknis Pemberian Makanan Tambahan (PMT) Berbahan Pangan Lokal bagi Ibu Hamil dan Balita Bermasalah Gizi. Kegiatan ini mencakup intervensi gizi melalui pemberian makanan tambahan selama minimal 120 hari untuk menangani masalah gizi pada ibu hamil. Implementasi teknis ini merupakan bagian dari upaya nyata pemerintah dalam menurunkan angka KEK pada ibu hamil di tahun 2025.","Program berjalan, ditandai dengan capaian kinerja Persentase Ibu Hamil Kurang Energi Kronis (KEK) sebesar 9,7% dari target 15% (capaian kinerja 154,6%) sebagaimana termuat dalam LAKIP Ditjen Kesprimkom Tahun 2025, sumber data Sigizi Kesga. Meski demikian, disparitas antar provinsi masih tinggi, dengan 17 provinsi belum mencapai target tahun 2025.",https://kesprimkom.kemkes.go.id/konten/126/109/0/perdirjen-kesprimkom-no-576-tahun-2025-tentang-petunjuk-teknis-pemberian-makanan-tambahan-berbahan-pangan-lokal-bagi-ibu-hamil-dan-balita-bermasalah-gizi,kesprimkom.kemkes.go.id,True,True,True,OK,,3,0,3,"laporan kinerja 2025 Kementerian Kesehatan persentase ibu hamil kurang energi kronis KEK | siaran pers Kementerian Kesehatan penanganan ibu hamil KEK 2025 | site:kemkes.go.id ""Pemberian Makanan Tambahan"" ibu hamil 2025",6482,375,8.87
20260918_113127,2026-09-18T11:38:58,gemma-4-26B-A4B-it,serper,0.0,37,250,Kesehatan,KEMENTERIAN KESEHATAN,KP 04.11.03 - Persentase fasyankes melaksanakan pelayanan kesehatan penyakit akibat kerja,10,persen,True,False,True,True,85,lkj,2025,"Program berjalan, ditandai dengan adanya Laporan Kinerja Semester I Tahun 2025 dari berbagai unit kerja di bawah Kementerian Kesehatan (seperti Ditjen SDMK dan Direktorat Pelayanan Kesehatan) yang mencakup pelaksanaan mandat dan pencapaian sasaran strategis. Selain itu, terdapat aktivitas teknis berupa workshop pelayanan kesehatan penyakit akibat kerja bagi fasilitas pelayanan kesehatan yang dilaksanakan pada tahun 2025.","Program berjalan namun belum mencapai target, ditandai dengan capaian kinerja Persentase Fasyankes Melaksanakan Pelayanan Kesehatan Penyakit Akibat Kerja sebesar 1,8% dari target 10% (capaian kinerja 18%) sebagaimana termuat dalam Laporan Kinerja Direktorat Promkeskom Tahun 2025.",https://ditjen-sdmk.kemkes.go.id/api/v1/laporan/176/unduh,ditjen-sdmk.kemkes.go.id,True,True,True,OK,,3,0,3,"laporan kinerja 2025 Kementerian Kesehatan persentase fasyankes melaksanakan pelayanan kesehatan penyakit akibat kerja | ""penyakit akibat kerja"" site:kemkes.go.id 2025 | ""Laporan Kinerja Semester I Tahun 2025"" Kementerian Kesehatan penyakit akibat kerja",6242,276,8.51
20260918_113127,2026-09-18T11:39:04,gemma-4-26B-A4B-it,serper,0.0,38,251,Kesehatan,KEMENTERIAN KESEHATAN,KP 04.11.03 - Persentase lansia yang mendapatkan skrining kesehatan sesuai standar,50,persen,True,False,True,True,90,media,2025,"Program berjalan, ditandai dengan dimulainya layanan cek kesehatan gratis bagi lansia pada 10 Februari 2025 dan pelaksanaan skrining kesehatan pada kelompok lansia oleh Kementerian Kesehatan. Kemenkes juga telah melaporkan pelaksanaan skrining terhadap jutaan lansia sebagai bagian dari program deteksi dini tahun 2025.","Program berjalan, ditandai dengan capaian kinerja Persentase Lanjut Usia yang Mendapatkan Skrining Kesehatan Sesuai Standar sebesar 87,9% dari target 50% (capaian kinerja 175%) sebagaimana termuat dalam LAKIP Direktorat Pelayanan Kesehatan Kelompok Rentan Tahun 2025, sumber data Komdat Kesmas.",https://www.geriatri.co.id/artikel/3145/dimulai-10-februari-2025-ini-layanan-cek-kesehatan-gratis-untuk-lansia,www.geriatri.co.id,False,True,True,OK,,2,0,2,laporan kinerja 2025 Kementerian Kesehatan skrining kesehatan lansia | siaran pers Kementerian Kesehatan skrining kesehatan lansia 2025,3973,231,5.34
20260918_113127,2026-09-18T11:39:08,gemma-4-26B-A4B-it,serper,0.0,39,254,Kesehatan,KEMENTERIAN KESEHATAN,"KP 04.11.03 - Persentase lanjut usia dengan ketergantungan sedang, berat, dan total mendapatkan perawatan jangka panjang (PJP)",10,persen,True,False,True,True,90,siaran_pers,2025,"Program berjalan, ditandai dengan adanya agenda peringatan Hari Lanjut Usia Nasional pada 26 Juni 2025 yang mencakup penguatan ketersediaan perawatan jangka panjang. Kementerian Kesehatan juga secara aktif mendorong penguatan sistem long-term care berbasis keluarga dan komunitas melalui berbagai kanal informasi resmi.","Program berjalan dan jauh melampaui target, ditandai dengan capaian kinerja Persentase Lanjut Usia dengan Ketergantungan Sedang, Berat, dan Total Mendapatkan Perawatan Jangka Panjang (PJP) sebesar 61% dari target 10% (capaian kinerja 610%) sebagaimana termuat dalam LAKIP Direktorat Pelayanan Kesehatan Kelompok Rentan Tahun 2025.",https://kemkes.go.id/id/menua-dengan-sehat-dan-bermartabat-kemenkes-perkuat-layanan-untuk-lansia,kemkes.go.id,True,True,True,OK,,2,0,2,"laporan kinerja 2025 Kementerian Kesehatan persentase lanjut usia perawatan jangka panjang PJP | site:kemkes.go.id ""perawatan jangka panjang"" lansia 2025",3868,227,4.4
20260918_113127,2026-09-18T11:39:12,gemma-4-26B-A4B-it,serper,0.0,40,261,Pendidikan,KEMENTERIAN AGAMA,PP 04.03 - Persentase satuan pendidikan formal pesantren yang memperoleh hasil asesmen minimal jayyid,10,persen,True,False,True,True,80,lkj,2025,"Program berjalan, ditandai dengan adanya laporan capaian kinerja triwulan pada tahun 2025 yang mencantumkan indikator persentase satuan pendidikan formal pesantren dengan hasil asesmen minimal jayyid. Dokumen laporan kinerja satuan kerja di tingkat daerah menunjukkan progres realisasi indikator tersebut pada tahun berjalan.","Program berjalan, ditandai dengan terkonfirmasinya pelaksanaan asesmen terhadap satuan pendidikan formal pesantren beserta pelaporan hasilnya pada Tahun 2025, dengan realisasi 68,13% dari target nasional 10,00% sebagaimana tercantum dalam Laporan Kinerja Kementerian Agama Tahun 2025. Indikator ini merupakan bagian dari Sasaran Program pendidikan keagamaan yang berkualitas di bawah Prioritas Nasional Pendidikan Keagamaan yang Berkualitas. Capaian kinerja tercatat sebesar 681,30%, namun dalam laporan angka tersebut dibatasi menjadi 120% mengikuti ketentuan batas atas capaian kinerja. Rincian daftar satuan pendidikan formal pesantren yang memperoleh hasil asesmen minimal jayyid maupun sebarannya per wilayah belum dipublikasikan.",https://id.scribd.com/document/877703658/Laporan-Kinerja-Kab-Mojokerto-TW-1-Tahun-2025,id.scribd.com,False,True,True,OK,,1,0,1,laporan kinerja 2025 Kementerian Agama persentase satuan pendidikan formal pesantren hasil asesmen jayyid,2249,196,3.46
20260918_113127,2026-09-18T11:39:16,gemma-4-26B-A4B-it,serper,0.0,41,262,Sosial,KEMENTERIAN AGAMA,PP 08.01 - Indeks Kerukunan Umat Beragama (IKUB),"76,77",-,True,False,True,True,95,siaran_pers,2025,"Program berjalan, ditandai dengan pengumuman capaian Indeks Kerukunan Umat Beragama (IKUB) tahun 2025 yang mencapai angka 77,89. Data ini menunjukkan pelaksanaan survei evaluasi kerukunan yang dilakukan oleh Kementerian Agama pada tahun berjalan.","Program berjalan, ditandai dengan terkonfirmasinya pelaksanaan pengukuran Indeks Kerukunan Umat Beragama secara nasional pada Tahun 2025 dengan realisasi 77,89 dari target 76,77 (capaian 101,46%) sebagaimana tercantum dalam Laporan Kinerja Kementerian Agama Tahun 2025. Pengukuran tersebut terkonfirmasi melalui publikasi resmi Kementerian Agama, yang menyatakan bahwa hasil diperoleh dari Survei Evaluasi Kerukunan Umat Beragama 2025 yang dilaksanakan bersama Pusat Pendidikan dan Pelayanan Masyarakat (P3M) Universitas Indonesia dan dirilis pada kegiatan Refleksi 2025 dan Proyeksi 2026 di Jakarta pada Desember 2025. Pengukuran menggunakan tiga dimensi utama, yaitu toleransi (88,82), kesetaraan (79,35), dan kebersamaan (65,49). Indikator ini berada di bawah Program Prioritas Penguatan Kerukunan Umat Beragama dan Layanan Keagamaan Transformatif, yang pada indikator lainnya yakni Indeks Layanan Keagamaan terealisasi 86,77 dari target 87,11 (capaian 99,61%).",https://kemenag.go.id/indeks-keagamaan,kemenag.go.id,True,True,True,OK,,1,0,1,laporan kinerja 2025 Kementerian Agama Indeks Kerukunan Umat Beragama IKUB,2273,165,4.43
20260918_113127,2026-09-18T11:39:20,gemma-4-26B-A4B-it,serper,0.0,42,273,Pendidikan,KEMENTERIAN KETENAGAKERJAAN,KP 04.07.03 - Persentase lulusan pelatihan vokasi setahun terakhir yang bekerja atau berwirausaha,44,persen,True,False,True,True,90,lkj,2025,"Program berjalan, ditandai dengan adanya laporan kinerja triwulan I tahun 2025 dari unit pelaksana teknis (BPVP Kendari) yang mencatat penyerapan lulusan pelatihan pada kejuruan tertentu. Dokumen Laporan Kinerja Kementerian Ketenagakerjaan 2025 juga mencantumkan indikator persentase lulusan pelatihan vokasi yang bekerja atau berwirausaha sebagai bagian dari target kinerja.","Program berjalan, ditandai dengan terkonfirmasinya pengukuran dan pelaporan indikator lulusan pelatihan vokasi yang bekerja atau berwirausaha dalam waktu kurang dari 12 bulan sebagai salah satu komponen Indeks Pembangunan Ketenagakerjaan (IPK) Tahun 2025, dengan realisasi 43,46% dari target 44% (sekitar 98,77% dari target) sebagaimana tercantum dalam Laporan Kinerja Kementerian Ketenagakerjaan Tahun 2025. Indikator ini diberi bobot 20 dan menyumbang nilai indeks sebesar 18,11 terhadap capaian IPK Tahun 2025 yang terealisasi 74,23 dari target 70,14 (capaian 105,83%)",https://ppid.kemnaker.go.id/uploads/LAPORAN_KINERJA_2025.pdf,ppid.kemnaker.go.id,True,True,True,OK,,1,0,1,laporan kinerja 2025 Kementerian Ketenagakerjaan persentase lulusan pelatihan vokasi bekerja wirausaha,2209,211,3.95
20260918_113127,2026-09-18T11:39:25,gemma-4-26B-A4B-it,serper,0.0,43,275,Industri,KEMENTERIAN KETENAGAKERJAAN,KP 04.07.04 - Jumlah pekerja pada perusahaan yang menerapkan perlindungan hak-hak pekerja dan dialog sosial,13.289.510,orang,True,False,True,True,95,lkj,2025,"Program berjalan, ditandai dengan adanya dokumen Rencana Anggaran Tingkat Kementerian (RATM) Kementerian Ketenagakerjaan yang mencantumkan target indikator jumlah pekerja pada perusahaan yang menerapkan perlindungan hak-hak pekerja dan dialog sosial untuk tahun 2025. Dokumen tersebut secara spesifik mengalokasikan target angka 13.289.510 orang dalam perencanaan anggaran tahun berjalan.","Program berjalan, ditandai dengan terkonfirmasinya pelaksanaan pembinaan dan fasilitasi penerapan Peraturan Perusahaan (PP)/Perjanjian Kerja Bersama (PKB) beserta penguatan dialog sosial di tingkat perusahaan, dengan realisasi jumlah pekerja pada perusahaan yang menerapkan perlindungan hak-hak pekerja dan dialog sosial sebesar 13.482.449 orang dari target 13.289.510 orang (capaian 101,45%) sebagaimana dilaporkan dalam Laporan Kinerja Kementerian Ketenagakerjaan Tahun 2025. Capaian ini bertaut dengan indikator jumlah perusahaan yang memiliki PP/PKB yang juga terealisasi melampaui target, yaitu 51.031 perusahaan dari target 48.835 perusahaan.",https://ppid.kemnaker.go.id/uploads/informasi_publik/951306131.pdf,ppid.kemnaker.go.id,True,True,True,OK,,2,0,2,"laporan kinerja 2025 Kementerian Ketenagakerjaan perlindungan hak pekerja dialog sosial | site:kemnaker.go.id ""perlindungan hak-hak pekerja"" ""dialog sosial"" 2025",4188,246,4.61
20260918_113127,2026-09-18T11:39:30,gemma-4-26B-A4B-it,serper,0.0,44,287,Sosial,KEMENTERIAN SOSIAL,KP 06.03.02 - Jumlah penerima manfaat Kartu Usaha Afirmatif yang berusaha atau bekerja sebagai buruh/karyawan,1.000.000,jiwa/tahun,False,False,False,True,90,media,2025,"Program belum berjalan, ditandai dengan dokumen yang tersedia masih bersifat perencanaan, pembahasan regulasi, dan rapat koordinasi mengenai Kartu Usaha Afirmatif. Belum ditemukan bukti adanya pelaksanaan kegiatan teknis atau capaian jumlah penerima manfaat yang nyata pada tahun 2025.","Program belum berjalan, ditandai dengan tidak ditemukannya bukti pelaksanaan pada 2025. Saat ini, masih berlangsungnya tahap perencanaan dan penyiapan implementasi hingga awal 2026. Rapat Tingkat Menteri yang dipimpin Menko Pemberdayaan Masyarakat pada 26 September 2025 masih membahas perencanaan Program Kartu Kesejahteraan dan Kartu Usaha Afirmatif sebagai bagian dari Program Hasil Terbaik Cepat, dengan Kemensos menegaskan basis data DTSEN dan Kementerian Koperasi dan UMKM menyiapkan platform SAPA UMKM. Pada 12 Februari 2026, BPKP masih melakukan kajian dan koordinasi lintas perangkat daerah untuk mendukung kesiapan implementasi Program Kartu Kesejahteraan dan Kartu Usaha Afirmatif di daerah. Kartu Usaha Afirmatif juga baru ditetapkan sebagai salah satu Proyek Strategis Nasional baru dalam RKP 2026. Tidak ditemukan publikasi resmi yang menunjukkan adanya penerima manfaat KUA pada 2025, sehingga target 1.000.000 jiwa tahun 2025 belum terverifikasi terlaksana.",https://www.bangda.kemendagri.go.id/berita/baca_kontent/1578/rapat_tingkat_menteri_bahas_perencanaan_kartu_kesejahteraan_dan_kartu_usaha_afirmatif,www.bangda.kemendagri.go.id,True,True,True,OK,,2,0,2,laporan kinerja 2025 Kementerian Sosial Kartu Usaha Afirmatif | pelaksanaan program Kartu Usaha Afirmatif Kementerian Sosial 2025,3891,236,5.64
20260918_113127,2026-09-18T11:39:35,gemma-4-26B-A4B-it,serper,0.0,45,289,Infrastruktur,KEMENTERIAN KELAUTAN DAN PERIKANAN,KP 02.06.03 - Indeks Operasi Armada Pengawasan Sumber Daya Kelautan dan Perikanan,92,nilai,True,False,True,True,95,lkj,2025,"Program berjalan, ditandai dengan laporan kinerja Triwulan I dan II tahun 2025 dari Direktorat Pengendalian Operasi Armada (POA) KKP yang menunjukkan realisasi anggaran dan capaian kinerja organisasi. Dokumen tersebut mengonfirmasi adanya aktivitas operasional armada pengawasan pada tahun berjalan.","Program berjalan, ditandai dengan terkonfirmasinya pelaksanaan operasi armada pengawasan sumber daya kelautan dan perikanan beserta pengukuran dan pelaporan indeks kinerjanya pada Tahun 2025, dengan realisasi sebesar 95,73 dari target Tahun 2025 sebesar 92 atau tercapai 104,05% sebagaimana tercantum dalam Laporan Kinerja Kementerian Kelautan dan Perikanan Tahun 2025. Indeks tersebut merupakan indeks komposit yang dihitung dari rata-rata tiga komponen operasi, yaitu indeks kinerja kapal pengawas sebesar 96,42, indeks kinerja speedboat pengawas sebesar 94,02, dan indeks kinerja pesawat patroli sebesar 96,76, sehingga capaian mencerminkan berjalannya operasi pengawasan pada ketiga moda armada sepanjang Tahun 2025. Laporan mencatat realisasi tersebut menurun 1,91 poin dibandingkan capaian tahun sebelumnya sebesar 97,64, dan bila dibandingkan dengan target Renstra Ditjen PSDKP Tahun 2025-2029 sebesar 96 maka tercapai 99,72%. Rincian jumlah hari operasi maupun sebaran wilayah operasi per armada tidak diuraikan dalam bagian capaian indikator.",https://kkp.go.id/unit-kerja/djpsdkp/akuntabilitas-kinerja/pelaporan-kinerja/detail/laporan-kinerja-triwulan-i-tahun-2025-direktorat-pengendalian-operasi-armada6825a905411d5.html,kkp.go.id,True,True,True,OK,,1,0,1,laporan kinerja 2025 Kementerian Kelautan dan Perikanan Indeks Operasi Armada Pengawasan Sumber Daya Kelautan dan Perikanan,2301,240,4.45
20260918_113127,2026-09-18T11:39:39,gemma-4-26B-A4B-it,serper,0.0,46,304,Birokrasi,KEMENTERIAN KELAUTAN DAN PERIKANAN,KP 02.22.01 - Proporsi tangkapan jenis ikan yang berada pada batas biologis yang aman,≤80,persen,True,False,True,True,90,lkj,2025,"Program berjalan, ditandai dengan adanya dokumen Laporan Kinerja Direktorat Jenderal Perikanan Tangkap tahun 2025 yang mencantumkan IKU Proporsi Tangkapan Jenis Ikan yang Berada pada Batas Biologis yang Aman sebagai sasaran kinerja. Dokumen tersebut menunjukkan pelaksanaan pemantauan pemanfaatan sumber daya perikanan tangkap untuk menjaga keberlanjutan stok ikan pada tahun 2025.","Program berjalan, ditandai dengan capaian realisasi Tahun 2025 sebesar 61,19% (masih dalam batas aman, target ≤80%), sebagaimana dipublikasikan dalam Laporan Kinerja instansi pengampu indikator. Indikator ini juga tercantum sebagai target resmi dalam dokumen perencanaan kinerja Tahun 2025, dengan instrumen pengukuran berupa pelaporan logbook penangkapan ikan, pemantauan oleh observer di atas kapal, dan penghitungan alokasi kuota sumber daya ikan. Pelaksanaan di lapangan turut didukung kebijakan Penangkapan Ikan Terukur berbasis kuota.",https://kkp.go.id/download-pdf-akuntabilitas-kinerja/akuntabilitas-kinerja-pelaporan-kinerja-laporan-kinerja-direktorat-jenderal-perikanan-tangkap-tahun-2025.pdf,kkp.go.id,True,True,True,OK,,1,0,1,laporan kinerja 2025 Kementerian Kelautan dan Perikanan proporsi tangkapan jenis ikan batas biologis aman,2275,247,4.49
20260918_113127,2026-09-18T11:39:44,gemma-4-26B-A4B-it,serper,0.0,47,309,Pangan,KEMENTERIAN KELAUTAN DAN PERIKANAN,KP 02.22.03 - Volume produksi olahan perikanan,"3,71",juta ton,True,False,True,True,100,lkj,2025,"Program berjalan, ditandai dengan laporan capaian kinerja Direktorat Pengolahan KKP yang mencatat volume produksi olahan perikanan mencapai 3,78 juta ton (prognosa) pada tahun 2025. Capaian ini melampaui target tahunan sebesar 3,71 juta ton dengan persentase sebesar 101,89%.","Program berjalan dan capaiannya sudah dipublikasikan. Laporan Kinerja Tahun 2025 Direktorat Pengolahan, Ditjen PDSPKP (ditetapkan Januari 2026) mencantumkan Volume Produksi Olahan Perikanan sebagai indikator kinerja dengan target 3,71 juta ton dan realisasi prognosa 3,783 juta ton atau 101,89% dari target, serta menyebut capaian tersebut setara 86,49% terhadap target Renstra 2029 sebesar 4,37 juta ton.",https://kkp.go.id/download-pdf-akuntabilitas-kinerja/akuntabilitas-kinerja-pelaporan-kinerja-laporan-kinerja-triwulan-iv-tahun-2025-direktorat-pengolahan.pdf,kkp.go.id,True,True,True,OK,,2,0,2,"laporan kinerja 2025 Kementerian Kelautan dan Perikanan produksi olahan perikanan | site:kkp.go.id ""produksi olahan perikanan"" 2025",4292,273,4.59
20260918_113127,2026-09-18T11:39:50,gemma-4-26B-A4B-it,serper,0.0,48,319,Pendidikan,KEMENTERIAN KOORDINATOR BIDANG PEMBANGUNAN MANUSIA DAN KEBUDAYAAN,PN 04 - Rata - rata lama sekolah penduduk usia di atas 15 tahun,"9,33",Tahun,True,False,True,True,85,siaran_pers,2025,"Program berjalan, ditandai dengan adanya kegiatan koordinasi Kemenko PMK terkait penyampaian temuan uji keterbacaan RAN PAUD HI 2025-2029 sebagai bagian dari upaya penguatan SDM. Selain itu, BPS telah merilis data statistik terkait Rata-Rata Lama Sekolah (RLS) penduduk usia 15 tahun ke atas untuk tahun 2025.","Program berjalan, ditandai dengan terkonfirmasinya pengukuran dan publikasi rata-rata lama sekolah penduduk umur 15 tahun ke atas oleh Badan Pusat Statistik, dengan angka nasional tercatat sebesar 9,41 tahun sebagaimana ditampilkan pada tabel statistik resmi BPS menurut provinsi. Angka tersebut setara dengan penduduk Indonesia rata-rata menempuh pendidikan hingga menamatkan jenjang SMP atau sederajat. Capaian ini juga disampaikan Kepala BPS dalam peluncuran Indeks Daya Saing Daerah (IDSD) 2025, yang sekaligus menyoroti ketimpangan antarwilayah, dengan DKI Jakarta tercatat tertinggi pada 11,58 tahun dan Papua Pegunungan terendah pada 4,76 tahun. Pengukuran dilakukan secara rutin dan tersedia dalam rincian per provinsi, sementara pembandingan terhadap target nasional tidak dicantumkan dalam tabel statistik tersebut.",https://www.kemenkopmk.go.id/kemenko-pmk-sampaikan-temuan-uji-keterbacaan-ran-paud-hi-2025-2029-perkuat-sinergi-pusat-dan-daerah,www.kemenkopmk.go.id,True,True,True,OK,,2,0,2,laporan kinerja 2025 Kemenko PMK rata-rata lama sekolah penduduk usia di atas 15 tahun | kegiatan Kemenko PMK peningkatan rata-rata lama sekolah 2025,4297,282,6.41
20260918_113127,2026-09-18T11:39:56,gemma-4-26B-A4B-it,serper,0.0,49,324,Industri,"KEMENTERIAN USAHA MIKRO, KECIL, DAN MENENGAH",KP 03.03.02 - Proporsi kredit UMKM terhadap kredit perbankan,"21,6",persen,True,False,True,True,95,siaran_pers,2025,"Program berjalan, ditandai dengan penyaluran Kredit Usaha Rakyat (KUR) tahun 2025 yang telah mencapai Rp238,7 triliun atau 83,2 persen dari total plafon hingga November 2025. Kementerian UMKM secara aktif melakukan percepatan penyaluran KUR untuk memperkuat daya saing UMKM sesuai target tahun berjalan. Bukti ini menunjukkan adanya kegiatan teknis penyaluran kredit yang berkontribusi langsung pada indikator proporsi kredit UMKM.","Program berjalan, ditandai dengan penerbitan POJK Nomor 19 Tahun 2025 tentang Kemudahan Akses Pembiayaan kepada UMKM sebagai instrumen kebijakan pendukung. Data realisasi: menurut siaran pers OJK 10 Maret 2026 (Kepala Eksekutif Pengawas Perbankan OJK Dian Ediana Rae), penyaluran kredit UMKM per Januari 2026 tercatat Rp1.482,9 triliun atau sekitar 17,33 persen dari total penyaluran kredit/pembiayaan dan mengalami moderasi 0,53 persen (yoy). Angka 17,33 persen ini jauh di bawah target indikator 21,6 persen untuk 2025 dan menunjukkan tren menurun, sehingga program berjalan tetapi capaian indikator belum memenuhi target.",https://umkm.go.id/news/i5dil4qdikf6iy2hk68ab9y4,umkm.go.id,True,True,True,OK,,2,0,2,laporan kinerja 2025 Kementerian UMKM kredit UMKM terhadap kredit perbankan | siaran pers Kementerian UMKM penyaluran kredit UMKM 2025,4122,254,5.88
20260918_113127,2026-09-18T11:40:02,gemma-4-26B-A4B-it,serper,0.0,50,326,Sosial,KEMENTERIAN PEMBERDAYAAN PEREMPUAN DAN PERLINDUNGAN ANAK,PP 04.17 - Indeks Pemenuhan Hak Anak,"67,57",Indeks,True,False,True,True,90,siaran_pers,2025,"Program berjalan, ditandai dengan adanya kegiatan kunjungan Menteri PPPA ke Indragiri Hulu sebagai bagian dari rangkaian Hari Anak Nasional 2025 untuk memastikan pemenuhan hak dasar anak. Selain itu, terdapat laporan realisasi penanganan kasus perlindungan anak oleh KemenPPPA yang tercatat hingga Juni 2025.","Program berjalan, ditandai dengan terselenggaranya siklus penuh evaluasi Kabupaten/Kota Layak Anak sepanjang 2025 mulai dari verifikasi lapangan hingga verifikasi final di seluruh provinsi, yang berpuncak pada penganugerahan penghargaan kepada ratusan daerah. Pada 8 Agustus 2025 KemenPPPA menganugerahkan Penghargaan Kabupaten/Kota Layak Anak 2025 kepada 355 kabupaten/kota (22 Utama, 69 Nindya, 125 Madya, 139 Pratama) dan Penghargaan Provinsi Layak Anak kepada 13 provinsi. Tahapan evaluasi pada 2025 mencakup verifikasi lapangan secara hibrida maupun kunjungan langsung serta verifikasi final yang diselenggarakan di 38 provinsi, dan KLA kini telah masuk dalam RPJMN 2025-2029. Nilai IPHA agregat nasional Tahun 2025 belum dipublikasikan; publikasi indeks nasional terakhir yang tersedia di laman KemenPPPA masih memuat capaian sampai Tahun 2023. Meski demikian, penghitungan dan publikasi IPHA untuk periode 2025 sudah mulai berjalan di tingkat daerah melalui portal data resmi pemerintah daerah, contohnya dataset Indeks Perlindungan Anak (mencakup IPHA) milik Dinas PPAPP Provinsi DKI Jakarta yang tayang di Satu Data Indonesia sejak Desember 2025, serta dataset Indeks Pemenuhan Hak Anak (IPHA) Tahun 2025 pada portal Open Data Kabupaten Kubu Raya.",https://www.kemenpppa.go.id/siaran-pers/menteri-pppa-kunjungi-anak-anak-di-indragiri-hulu-semua-anak-berhak-bahagia-tanpa-terkecuali,www.kemenpppa.go.id,True,True,True,OK,,2,0,2,laporan kinerja 2025 Kementerian Pemberdayaan Perempuan dan Perlindungan Anak Indeks Pemenuhan Hak Anak | siaran pers KemenPPPA pelaksanaan program pemenuhan hak anak 2025 [site:kemenpppa.go.id],4164,269,5.42
20260918_113127,2026-09-18T11:40:08,gemma-4-26B-A4B-it,serper,0.0,51,335,Industri,KEMENTERIAN KOORDINATOR BIDANG PEREKONOMIAN,GNI Per Kapita,5410,USD,True,False,True,True,90,siaran_pers,2025,"Program berjalan, ditandai dengan laporan capaian ekonomi tahun 2025 yang mencatat pertumbuhan ekonomi sebesar 5,11% dan realisasi investasi yang kuat pada periode Januari-September 2025. Kemenko Perekonomian secara aktif memantau stabilitas makroekonomi dan investasi sebagai penggerak utama indikator kesejahteraan ekonomi nasional di tahun 2025.","Program berjalan, ditandai dengan indikator yang terpantau melalui rilis resmi BPS dan Bank Dunia, dengan capaian di bawah target 2025. BPS mencatat PDB Indonesia atas dasar harga berlaku tahun 2025 mencapai Rp23.821,1 triliun dengan PDB per kapita Rp83,7 juta atau USD 5.083,4, dan pertumbuhan ekonomi 5,11 persen. Dari sisi klasifikasi internasional, Bank Dunia menetapkan ambang upper middle income untuk tahun fiskal 2027 pada GNI per kapita USD 4.636 sampai USD 14.375 berdasarkan data 2025, dan Indonesia tetap berada pada kelompok upper middle income. Angka GNI per kapita metode Atlas tahun 2025 untuk Indonesia belum dipublikasikan pemerintah sebagai capaian indikator.",https://www.ekon.go.id/publikasi/detail/6755/perekonomian-indonesia-2025-tetap-tangguh-stabilitas-makro-terjaga-dan-kualitas-pertumbuhan-terus-menguat,www.ekon.go.id,True,True,True,OK,,2,0,2,laporan kinerja 2025 Kemenko Perekonomian GNI per kapita | siaran pers Kemenko Perekonomian realisasi GNI per kapita 2025,4167,275,6.75
20260918_113127,2026-09-18T11:40:12,gemma-4-26B-A4B-it,serper,0.0,52,337,Energi,KEMENTERIAN KOORDINATOR BIDANG PEREKONOMIAN,PN 02 - Indeks Ketahanan Energi,"6,77",Indeks,True,False,True,True,95,lkj,2025,"Program berjalan, ditandai dengan adanya dokumen Laporan Kinerja (Narasi Kinerja Triwulan II) Kemenko Perekonomian tahun 2025 yang mencantumkan target dan proses pengukuran IKU Indeks Ketahanan Energi. Dokumen tersebut menunjukkan bahwa kegiatan pemantauan dan pengukuran indikator tersebut sedang dilakukan pada tahun berjalan 2025.","Program berjalan dan indikatornya sudah diukur serta dilaporkan resmi. Laporan Kinerja Kementerian ESDM 2025 mencatat realisasi Indeks Ketahanan Energi Nasional Tahun 2025 sebesar 70,40 dengan capaian 96,40 persen terhadap target Perjanjian Kinerja sebesar 73,03. Angka tersebut disajikan dalam skala 100 sebagai hasil transformasi formula baru, sehingga setara sekitar 7,04 pada skala 10 (mekanisme konversi yang sama digunakan pada Indeks Kemandirian Energi, di mana hasil perhitungan 6,72 skala 10 dikonversi menjadi 67,20 skala 100). Sebagai konteks baseline, Dewan Energi Nasional sebelumnya mencatat indeks ketahanan energi Indonesia pada skor 6,64 dan masuk kategori ""tahan"". Perlu dicatat, Renstra Kementerian ESDM 2025-2029 baru ditetapkan pada 30 Desember 2025 melalui Permen ESDM Nomor 20 Tahun 2025, sehingga Perjanjian Kinerja 2025 masih mengacu pada informasi kinerja Renstra periode sebelumnya, dan penetapan nilai final dilakukan Setjen DEN. Angka versi Kemenko Perekonomian sebagai KL pengampu PN 02 belum ditemukan publikasinya secara terpisah.",https://kinerja.ekon.go.id/perencanaan/download/narasi_kinerja_tw2-1501-2025-U1oXh.pdf,kinerja.ekon.go.id,True,True,True,OK,,1,0,1,laporan kinerja 2025 Kemenko Perekonomian Indeks Ketahanan Energi,2217,207,4.0
20260918_113127,2026-09-18T11:40:19,gemma-4-26B-A4B-it,serper,0.0,53,354,Birokrasi,KEMENTERIAN HUKUM,KP 07.02.01 - Indeks Kualitas Peraturan Perundang-undangan,"3,26",Indeks,True,False,True,True,95,lkj,2025,"Program berjalan, ditandai dengan adanya realisasi Indeks Kualitas Peraturan Perundang-undangan sebesar 3,78 pada tahun 2025 sebagaimana tercantum dalam dokumen LKjIP Kementerian Hukum. Selain itu, Direktorat Jenderal Peraturan Perundang-undangan (DJPP) melakukan kegiatan koordinasi teknis mengenai mekanisme perhitungan indeks tersebut ke wilayah-wilayah.","Program berjalan dan melampaui target, ditandai dengan capaian kinerja Indeks Kualitas Peraturan Perundang-undangan sebesar 3,78 dari target 3,25 (capaian 116,30%) sebagaimana dilaporkan dalam Laporan Kinerja (LKjIP) Kementerian Hukum Tahun 2025. Capaian ini didukung oleh optimalisasi tahapan pembentukan peraturan perundang-undangan, mulai dari perencanaan, penyusunan, pembahasan, hingga pengundangan, serta penguatan koordinasi dengan kementerian/lembaga terkait dalam proses harmonisasi regulasi.",https://kemenkum.go.id/attachments/LKjIP/LKjIP_Kemenkum_2025.pdf,kemenkum.go.id,True,True,True,OK,,2,0,2,"laporan kinerja 2025 Kementerian Hukum Indeks Kualitas Peraturan Perundang-undangan | site:kemenkum.go.id ""Indeks Kualitas Peraturan Perundang-undangan"" 2025",4093,241,6.81
20260918_113127,2026-09-18T11:40:25,gemma-4-26B-A4B-it,serper,0.0,54,356,Infrastruktur,KEMENTERIAN PERHUBUNGAN,PP 03.01 - Jumlah perjalanan kereta api,"0,92",juta perjalanan,True,False,True,True,95,media,2025,"Program berjalan, ditandai dengan pemberlakuan Grafik Perjalanan Kereta Api (Gapeka) 2025 per 1 Februari 2025 yang mencakup penambahan jumlah perjalanan kereta api antarkota di Jawa. Implementasi ini secara konkret meningkatkan frekuensi layanan kereta api untuk mendukung konektivitas nasional sesuai target tahun 2025.","Program berjalan, ditandai dengan ditetapkan dan diberlakukannya Grafik Perjalanan Kereta Api (Gapeka) 2025 oleh DJKA per 1 Februari 2025, yang menambah jumlah perjalanan kereta api. Jumlah perjalanan KA penumpang antarkota naik sekitar 8% dibanding tahun sebelumnya, dari 226 menjadi 246 perjalanan per hari, disertai penambahan 28 perjalanan KA barang di Divre III Palembang dan Divre IV Tanjungkarang serta penambahan perjalanan Commuter Line di lintas dengan volume pengguna tinggi. Dampaknya terkonfirmasi pada sisi layanan: Menteri Perhubungan menyebut jumlah pengguna kereta api naik dari 500,5 juta penumpang pada 2024 menjadi hampir 550 juta pada 2025, sementara DJKA melaporkan ketersediaan angkutan umum perkotaan berbasis rel mencapai 2,82 juta penumpang per hari. Angka agregat nasional dalam satuan juta perjalanan untuk Tahun 2025 belum dipublikasikan.",https://katadata.co.id/berita/industri/67849d10bc005/kai-rilis-gapeka-2025-berlaku-1-februari-mendatang,katadata.co.id,False,True,True,OK,,2,0,2,"laporan kinerja 2025 Kementerian Perhubungan jumlah perjalanan kereta api | siaran pers Kementerian Perhubungan ""jumlah perjalanan kereta api"" 2025",4079,243,5.89
20260918_113127,2026-09-18T11:40:32,gemma-4-26B-A4B-it,serper,0.0,55,361,Pertahanan,BADAN INTELIJEN NEGARA,KP 02.04.02 - Cakupan deteksi dini Intelijen,100,persen,True,False,True,True,85,siaran_pers,2025,"Program berjalan, ditandai dengan adanya siaran pers Kemenko Polkam pada Desember 2025 mengenai evaluasi intelijen untuk mendukung kemampuan deteksi dan pencegahan dini. Selain itu, BIN melakukan penguatan sistem peringatan dini (early warning system) terkait ancaman kesehatan nasional pada tahun 2025. Aktivitas deteksi dini juga terus dipromosikan melalui kanal resmi BIN sebagai strategi kunci perlindungan ancaman siber.","Program tetap berjalan, ditandai dengan aktivitas deteksi dini yang dikonfirmasi langsung oleh pejabat BIN, termasuk pengakuan bahwa potensi kerusuhan dalam aksi unjuk rasa Agustus 2025 sudah terdeteksi lebih dulu, serta penguatan sistem peringatan dini lintas sektor lewat kerja sama resmi dengan kementerian/lembaga lain sepanjang Tahun 2025. Namun karena sifat kelembagaan BIN yang tertutup, tidak ditemukan publikasi resmi di domain bin.go.id yang memuat angka atau laporan capaian cakupan deteksi dini untuk Tahun 2025, jadi bukti yang ada sifatnya pernyataan pejabat/rilis lembaga mitra, bukan laporan statistik BIN sendiri.",https://www.facebook.com/PolkamRI/posts/kemenko-polkam-fokus-evaluasi-intelijen-dan-penyusunan-proyeksi-2026siaran-pers-/1194500836154004/,www.facebook.com,False,True,True,OK,,2,0,2,laporan kinerja 2025 Badan Intelijen Negara deteksi dini | siaran pers Badan Intelijen Negara deteksi dini 2025,3896,274,7.28
20260918_113127,2026-09-18T11:40:41,gemma-4-26B-A4B-it,serper,0.0,56,362,Birokrasi,KEMENTERIAN KOORDINATOR BIDANG PEREKONOMIAN,"KP 02.09.06 - Persentase penyempurnaan standar, kebijakan, dan peraturan perundang-undangan yang mendukung percepatan keanggotaan Indonesia ke OECD (2025 - 2029)",20,Persen,True,False,True,True,95,lkj,2025,"Program berjalan, ditandai dengan adanya laporan capaian kinerja triwulan II tahun 2025 pada Asisten Deputi Kerja Sama Ekonomi Multilateral serta kegiatan kunjungan kerja Menko Perekonomian ke Prancis dan Belgia untuk mengawal aksesi OECD yang menghasilkan rekomendasi penyempurnaan kebijakan dan regulasi. Dokumen laporan kinerja triwulan I tahun 2026 juga mengonfirmasi pelaksanaan penyempurnaan standar dan peraturan tersebut sebagai bagian dari target 2025-2029.","Program berjalan, ditandai dengan tercapainya tahapan konkret proses aksesi sepanjang 2025 yang substansinya memang berisi asesmen dan penyelarasan regulasi nasional terhadap instrumen hukum OECD. Initial Memorandum diserahkan kepada Sekjen OECD pada 3 Juni 2025, terdiri dari 32 bab yang mencakup asesmen regulasi, standar, dan praktik nasional terhadap 240 instrumen hukum OECD di 25 bidang kebijakan. Proses kemudian masuk tahap Technical Review, dengan koordinasi lewat Tim Nasional Aksesi OECD yang dibentuk melalui Keppres 30/2025 jo. Keppres 17/2024, dan rapat koordinasi lintas kementerian terus digelar hingga akhir 2025. Angka persentase capaiannya untuk 2025 belum dipublikasikan secara eksplisit.",https://kinerja.ekon.go.id/perencanaan/download/narasi_kinerja_tw2-1595-2025-Z4aPo.pdf,kinerja.ekon.go.id,True,True,True,OK,,3,0,3,"laporan kinerja 2025 Kemenko Perekonomian penyempurnaan standar kebijakan OECD | site:ekon.go.id ""OECD"" ""penyempurnaan standar"" ""kebijakan"" 2025 | site:ekon.go.id ""OECD"" ""penyempurnaan"" 2025",6078,328,8.57
20260918_113127,2026-09-18T11:40:45,gemma-4-26B-A4B-it,serper,0.0,57,366,Industri,KEMENTERIAN KOORDINATOR BIDANG PEREKONOMIAN,KP 05.02.03 - Nilai PMA dan PMA di KEK Galang Batang,"13,80",Triliun Rupiah,True,False,True,True,90,lkj,2025,"Program berjalan, ditandai dengan adanya penetapan target kinerja investasi pada KEK Galang Batang untuk Triwulan I dan II tahun 2025 dalam dokumen capaian kinerja Kemenko Perekonomian. Dokumen tersebut menunjukkan adanya pemantauan realisasi investasi yang sedang berlangsung di kawasan tersebut pada tahun berjalan.","Program berjalan, ditandai dengan capaian investasi yang dilaporkan melampaui target 2025. Kepala Administrator KEK Galang Batang Vita Budhi Sulistyo menyatakan investasi di kawasan tersebut sepanjang 2025 mencapai sekitar Rp15,6 triliun dan menjadi penyumbang investasi terbesar di wilayah Bintan, dengan tambahan sekitar Rp4,08 triliun pada triwulan I 2026 serta penyerapan lebih dari 5.000 tenaga kerja. Data lain dari Administrator KEK menyebut realisasi investasi kumulatif mencapai Rp34 triliun dengan proyeksi Rp36,25 triliun pada 2027 dari 26 pelaku usaha, sehingga perlu dicermati apakah angka yang dipakai bersifat tahunan atau kumulatif.",https://kinerja.ekon.go.id/perencanaan/download/narasi_kinerja_tw1-2062-2025-6QgoW.pdf,kinerja.ekon.go.id,True,True,True,OK,,1,0,1,laporan kinerja 2025 Kemenko Perekonomian investasi KEK Galang Batang,2261,198,4.02
20260918_113127,2026-09-18T11:40:53,gemma-4-26B-A4B-it,serper,0.0,58,376,Sosial,KEMENTERIAN LINGKUNGAN HIDUP/BADAN PENGENDALIAN LINGKUNGAN HIDUP,PP 02.17 - Indeks Daya Dukung dan Daya Tampung Lingkungan Hidup,567,Indeks,True,False,True,True,90,siaran_pers,2025,"Program berjalan, ditandai dengan adanya Keputusan Menteri Lingkungan Hidup/Kepala Badan Pengendalian Lingkungan Hidup Nomor 916 Tahun 2025 tentang Penetapan Daya Dukung Daya Tampung KLH/BPLH. Selain itu, terdapat unit kerja khusus Pokja Daya Dukung dan Daya Tampung Lingkungan Hidup yang aktif dalam struktur organisasi K/L pada tahun 2025.","Program berjalan, ditandai dengan ditetapkannya kebijakan nasional D3TLH melalui keputusan menteri pada 2025 dan sudah adanya penetapan kebijakan D3TLH di tingkat provinsi. Pada 23 Juni 2025, KLH/BPLH resmi menetapkan kebijakan nasional mengenai batas kemampuan alam Indonesia dalam menopang pembangunan melalui Surat Keputusan Menteri Lingkungan Hidup/Kepala BPLH Nomor 916 Tahun 2025, dan sebanyak 12 provinsi telah menetapkan kebijakan D3TLH masing-masing, di antaranya Jawa Barat, DI Yogyakarta, Maluku, Kalimantan Timur, dan Gorontalo. KLH juga menerbitkan Statistik Lingkungan Hidup Volume I Tahun 2025 sebagai publikasi statistik tahunan resmi. Nilai indeks realisasi 2025 belum ditemukan dipublikasikan terpisah.",https://jdih.kemenlh.go.id/detail/keputusan-menteri-lingkungan-hidupkepala-badan-pengendalian-lingkungan-hidup-nomor-916-tahun-2025,jdih.kemenlh.go.id,True,True,True,OK,,3,1,3,"laporan kinerja 2025 Kementerian Lingkungan Hidup Badan Pengendalian Lingkungan Hidup Indeks Daya Dukung dan Daya Tampung Lingkungan Hidup | site:kemenlh.go.id ""Indeks Daya Dukung dan Daya Tampung Lingkungan Hidup"" 2025 | ""Indeks Daya Dukung dan Daya Tampung Lingkungan Hidup"" 2025 Kementerian Lingkungan Hidup",5475,334,8.41
20260918_113127,2026-09-18T11:41:01,gemma-4-26B-A4B-it,serper,0.0,59,378,Industri,KEMENTERIAN LINGKUNGAN HIDUP/BADAN PENGENDALIAN LINGKUNGAN HIDUP,"PP 08.03 - Persentase penurunan potensi kerugian ekonomi akibat perubahan iklim terhadap PDB (%) pada empat sektor prioritas(kelautan dan pesisir, air, pertanian dan kesehatan",135,persen,True,False,True,True,90,siaran_pers,2025,"Program berjalan, ditandai dengan pelaksanaan Program Kampung Iklim (ProKlim) tahun 2025 yang mencakup aksi adaptasi dan mitigasi perubahan iklim di 1.327 lokasi melalui Sistem Registri Nasional (SRN-PPI). Selain itu, terdapat keterlibatan aktif KLH/BPLH dalam forum internasional COP30 pada November 2025 untuk menegaskan aksi nyata perubahan iklim Indonesia.","Program berjalan, ditandai dengan beroperasinya unit pengampu adaptasi iklim di KLH/BPLH sepanjang Tahun 2025 beserta pelaporan kinerjanya. KLH/BPLH menerbitkan Laporan Kinerja Tahun 2025 untuk unit Eselon II pada Januari 2026, termasuk Direktorat Adaptasi Perubahan Iklim di bawah Deputi Bidang Pengendalian Perubahan Iklim dan Tata Kelola Nilai Ekonomi Karbon. Pelaksanaan di tingkat tapak juga terdokumentasi melalui Program Kampung Iklim Tahun 2025, dengan 1.327 lokasi terdaftar pada Sistem Registri Nasional Pengendalian Perubahan Iklim yang tersebar di 33 provinsi, 163 kabupaten, dan 59 kota, dan Menteri LH mengaitkannya dengan penguatan ketahanan sektor air, pangan, energi, kesehatan, ekosistem, dan penanggulangan bencana sejalan dengan mandat NDC dan Peraturan Presiden Nomor 110 Tahun 2025. ProKlim di sini berfungsi sebagai indikasi program berjalan, bukan sebagai pengukuran indikator.",https://kemenlh.go.id/news/detail/menteri-lh-anugerahkan-proklim-2025-aksi-komunitas-dari-desa-ke-kota-perkuat-ketahanan-iklim-dan-turunkan-emisi,kemenlh.go.id,True,True,True,OK,,3,0,3,"laporan kinerja 2025 KLHK persentase penurunan potensi kerugian ekonomi akibat perubahan iklim | siaran pers KLHK kegiatan mitigasi adaptasi perubahan iklim 2025 | site:kemenlh.go.id ""perubahan iklim"" 2025",6580,316,8.13
20260918_113127,2026-09-18T11:41:07,gemma-4-26B-A4B-it,serper,0.0,60,379,Birokrasi,KEJAKSAAN REPUBLIK INDONESIA,PP 07.04 - Persentase peningkatan pengendalian perkara,61,persen,True,False,True,True,95,lkj,2025,"Program berjalan, ditandai dengan adanya dokumen Laporan Kinerja (LKj) Triwulan I Tahun 2025 di tingkat satuan kerja dan kegiatan penguatan pengendalian perkara oleh Staf Ahli Jaksa Agung pada Desember 2025. Selain itu, terdapat dokumen regulasi internal Kejaksaan tahun 2025 yang secara eksplisit mencantumkan target indikator pengendalian perkara sebesar 61% sesuai RPJMN 2025-2029.","Program berjalan dan sudah ada angka capaiannya, ditandai dengan dilaporkannya indikator ini dalam dokumen kinerja resmi Kejaksaan Tahun 2025. Dalam laporan kinerja yang memuat capaian Kejaksaan RI, indikator Persentase peningkatan pengendalian perkara tercatat terealisasi 83,75 persen dari target Perjanjian Kinerja 2025 sebesar 70 persen, jauh di atas target RPJMN 2025 sebesar 61 persen. Dokumen perencanaan Kejaksaan juga secara eksplisit menurunkan Kegiatan Pembangunan RPJMN berupa Penguatan Kelembagaan dan Fungsi Penuntut Umum sebagai Pengendali Perkara ke dalam tiga proyek priorita",https://kejari-bandung.kejaksaan.go.id/berita/s/laporan-kinerja-lkj-triwulan-i-tahun-2025-9980c,kejari-bandung.kejaksaan.go.id,True,True,True,OK,,2,0,2,"laporan kinerja 2025 Kejaksaan Republik Indonesia pengendalian perkara | site:kejaksaan.go.id ""pengendalian perkara"" 2025",4103,269,5.1
20260918_113127,2026-09-18T11:41:10,gemma-4-26B-A4B-it,serper,0.0,61,381,Sosial,KEMENTERIAN DALAM NEGERI,PP 04.17 - Persentase anak berusia 0-4 tahun yang memiliki akta kelahiran,96,persen,True,False,True,True,95,siaran_pers,2025,"Program berjalan, ditandai dengan laporan Ditjen Dukcapil Kemendagri yang menyatakan kepemilikan akta kelahiran bagi anak usia 0-4 tahun telah mencapai 96,02 persen pada tahun 2025. Layanan administrasi kependudukan terus diintegrasikan untuk memastikan target capaian terpenuhi.","Program berjalan, ditandai dengan pemaparan capaian kinerja Ditjen Dukcapil untuk tahun anggaran 2025 dalam forum resmi kementerian. Dalam Rakornas Dukcapil 2026 di Jakarta pada 3 Agustus 2026, Dirjen Dukcapil memaparkan bahwa kepemilikan akta kelahiran anak usia 0-4 tahun mencapai 96,02 persen, sedikit di atas target 2025 sebesar 96. Sepanjang 2025, Dukcapil menerbitkan 7,1 juta akta kelahiran, dengan realisasi anggaran 99,42 persen dari pagu Rp1,195 triliun, dan layanan jemput bola melalui GISA, pelayanan tanggap bencana, serta layanan bagi penyandang disabilitas terus diperluas.",https://dukcapil.kemendagri.go.id/blog/read/ditjen-dukcapil-lampaui-target-kinerja-2025-layanan-data-kependudukan-kian-terintegrasi,dukcapil.kemendagri.go.id,True,True,True,OK,,1,0,1,laporan kinerja 2025 Kementerian Dalam Negeri persentase anak 0-4 tahun memiliki akta kelahiran,2284,217,3.35
20260918_113127,2026-09-18T11:41:15,gemma-4-26B-A4B-it,serper,0.0,62,384,Birokrasi,KEMENTERIAN DALAM NEGERI,PP 07.09 - Indeks Penerapan Standar Pelayanan Minimal (SPM),88,Indeks,True,False,True,True,90,siaran_pers,2025,"Program berjalan, ditandai dengan adanya pelaporan penerapan SPM oleh 470 daerah (85,9%) melalui aplikasi e-SPM hingga triwulan III tahun 2025. Kementerian Dalam Negeri melalui Direktorat Bina Pembangunan Daerah terus memantau realisasi capaian SPM di tingkat daerah.","Program berjalan, ditandai dengan tercatatnya peningkatan capaian Indeks Penerapan Standar Pelayanan Minimal (IP-SPM) secara nasional, yang mencapai rata-rata 68,76% (kategori ""Tuntas Muda"") hingga Triwulan III Tahun 2025, sebagaimana disampaikan Direktur Jenderal Bina Pembangunan Daerah Kementerian Dalam Negeri dalam rangkaian Rapat Koordinasi Nasional Capaian dan Pelaporan SPM Tahun 2025 di beberapa wilayah. Hingga periode tersebut, sebagian besar daerah (470 dari 547 daerah, atau 85,9%) telah melaporkan pelaksanaan SPM melalui aplikasi e-SPM, dan pemerintah pusat turut mendorong keberlanjutan program melalui pemberian penghargaan (SPM Awards) bagi daerah berkinerja terbaik. Angka capaian resmi akhir tahun 2025 (LKjIP) belum dipublikasikan, sehingga belum dapat dipastikan apakah target tahun 2025 sebesar 88 telah tercapai secara penuh.",http://bangda.kemendagri.go.id/berita/baca_kontent/1591/restuardy_daud_spm_jadi_kunci_pemerintah_daerah_tingkatkan_layanan_dasar,bangda.kemendagri.go.id,True,True,True,OK,,1,0,1,laporan kinerja 2025 Kementerian Dalam Negeri Indeks Penerapan Standar Pelayanan Minimal SPM,2270,211,5.34
20260918_113127,2026-09-18T11:41:20,gemma-4-26B-A4B-it,serper,0.0,63,390,Sosial,KEMENTERIAN LUAR NEGERI,PP 07.16 - Persentase penyelesaian kasus WNI di luar negeri,87,persen,True,False,True,True,95,siaran_pers,2025,"Program berjalan, ditandai dengan adanya laporan penanganan kasus konkret oleh KBRI Phnom Penh yang menangani 1.301 kasus WNI selama periode Januari-Maret 2025. Hal ini menunjukkan aktivitas pelayanan bantuan konsuler dan perlindungan hukum sedang berlangsung di lapangan pada tahun berjalan.","Program berjalan, ditandai dengan terkonfirmasinya penanganan dan penyelesaian kasus WNI secara nyata sepanjang Tahun 2025. Pemerintah memulangkan 554 WNI korban TPPO penipuan daring dari wilayah konflik Myawaddy, Myanmar, dalam dua tahap pada 18 dan 19 Maret 2025, dengan Tim Pelindungan WNI Kemlu bersama KBRI Bangkok dan Yangon serta Hubinter Polri melakukan identifikasi dan pengawalan sejak dari Myawaddy hingga tiba di tanah air, termasuk proses National Referral Mechanism untuk identifikasi korban TPPO. Penanganan serupa berlanjut di Kamboja, di mana KBRI Phnom Penh mendampingi ratusan WNI yang terkait sindikat penipuan daring pada Oktober 2025. Renstra Direktorat Pelindungan WNI juga mencatat realisasi berjalan, antara lain pemulangan 264 deportan kelompok rentan dari Malaysia pada gelombang pertama Agustus 2025 dan 58.641 lapor diri terverifikasi melalui Portal Peduli WNI pada Januari sampai Juli 2025. Secara agregat, Menlu Sugiono menyampaikan dalam PPTM 2026 pada 14 Januari 2026 bahwa sepanjang 2025 Indonesia memulangkan 27.768 WNI dari berbagai situasi krisis. Angka persentase penyelesaian kasus Tahun 2025 sendiri belum ditemukan dipublikasikan; target 2025 sebesar 87 persen dan metode penghitungannya (gabungan kasus khusus berbobot 0,55 dan kasus umum berbobot 0,45, bersumber dari Portal Peduli WNI) tercantum dalam dokumen kinerja Dit. PWNI.",https://www.kemlu.go.id/berita/kbri-phnom-penh-tangani-1301-kasus-wni-selama-jan-mar-2025-mayoritas-terkait-penipuan-daring-online-scam?type=publication,www.kemlu.go.id,True,True,True,OK,,1,0,1,laporan kinerja 2025 Kementerian Luar Negeri penyelesaian kasus WNI di luar negeri,2249,219,5.04
20260918_113127,2026-09-18T11:41:28,gemma-4-26B-A4B-it,serper,0.0,64,396,Sosial,KEMENTERIAN PEMBERDAYAAN PEREMPUAN DAN PERLINDUNGAN ANAK,KP 04.17.01 - Persentase anak usia 13-17 tahun yang beranggapan mendapatkan dukungan keluarga,"78,03",Persen,True,False,True,True,70,siaran_pers,2025,"Program berjalan, ditandai dengan adanya laporan realisasi anggaran KemenPPPA tahun 2025 dan aktivitas media sosial resmi yang menunjukkan pelaksanaan program kerja sepanjang tahun 2025. Meskipun data statistik spesifik indikator belum tersedia secara publik dalam satu dokumen LKj 2025 yang lengkap, keberadaan anggaran dan aktivitas kementerian mengonfirmasi program terkait perlindungan anak tetap berjalan.","Program berjalan, ditandai dengan terkonfirmasinya pelaksanaan penguatan layanan berbasis keluarga melalui PUSPAGA dan pengembangan Ruang Bersama Indonesia sepanjang 2025 di berbagai daerah. Bimbingan Teknis Dukungan Kesehatan Mental dan Psikososial yang merupakan rangkaian Child Women Protection Management Program (CWPMP) Tahun 2025 dilaksanakan pada 18 Februari 2025 untuk memperkuat kapasitas tenaga layanan PUSPAGA dalam pengasuhan dan dukungan kepada anak dan keluarga. Ruang Bersama Indonesia sebagai program prioritas KemenPPPA telah diimplementasikan di tujuh titik yang mewakili lima zona di Indonesia, dengan target 138 desa/kelurahan ramah perempuan dan anak bertransformasi menjadi RBI, dan peresmian RBI juga dilakukan di daerah lain sepanjang 2025, contohnya di Balikpapan pada 30 Agustus 2025. Realisasi indikator 2025 belum tersedia karena angkanya bersumber dari SNPHAR yang bersifat periodik, dengan gelombang terakhir dilaksanakan 2024.",https://www.facebook.com/kppdanpa/posts/realisasi-anggaran-kemen-pppa-tahun-2025-hai-sahabat-perempuan-dan-anak-sebagai-/1143067074678257/,www.facebook.com,False,True,True,OK,,3,1,3,"laporan kinerja 2025 KemenPPPA persentase anak usia 13-17 tahun dukungan keluarga | siaran pers KemenPPPA 2025 program ketahanan keluarga anak 13-17 tahun | site:kemenpppa.go.id ""dukungan keluarga"" 2025",6295,320,8.18
20260918_113127,2026-09-18T11:41:35,gemma-4-26B-A4B-it,serper,0.0,65,397,Sosial,KEMENTERIAN PEMBERDAYAAN PEREMPUAN DAN PERLINDUNGAN ANAK,KP 04.17.01 - Proporsi anak usia 13 - 17 tahun yang mengalami masalah kesehatan jiwa selama 30 hari terakhir,"7,06",Persen,True,False,True,True,80,siaran_pers,2025,"Program berjalan, ditandai dengan upaya KemenPPPA dalam mendorong penguatan kesehatan jiwa anak melalui optimalisasi pemanfaatan waktu luang (PWL) sebagai bagian dari pemenuhan hak anak pada tahun 2025. Selain itu, terdapat laporan penanganan kasus perempuan dan anak yang terus berjalan sepanjang periode Juni 2025.","Program berjalan, ditandai dengan terselenggaranya kegiatan penguatan kapasitas tenaga layanan daerah di bidang dukungan kesehatan mental dan psikososial anak pada 2025 serta berlanjutnya kampanye deteksi dini kesehatan mental anak oleh KemenPPPA. Bimtek Dukungan Kesehatan Mental dan Psikososial sebagai rangkaian CWPMP Tahun 2025 diikuti tenaga layanan PUSPAGA, dengan penekanan pada pemahaman dukungan kesehatan mental, teknik konseling efektif, serta identifikasi dan penanganan masalah psikososial. KemenPPPA juga aktif mendorong kemampuan deteksi dini kesehatan mental anak oleh orang tua, keluarga terdekat, dan guru, termasuk mengenali perubahan perilaku seperti penurunan motivasi belajar, penarikan diri secara sosial, dan tekanan psikologis akibat kekerasan atau perundungan.",https://www.facebook.com/kppdanpa/posts/realisasi-anggaran-kemen-pppa-tahun-2025-hai-sahabat-perempuan-dan-anak-sebagai-/1143067074678257/,www.facebook.com,False,True,True,OK,,2,0,2,laporan kinerja 2025 Kementerian Pemberdayaan Perempuan dan Perlindungan Anak kesehatan jiwa anak remaja | kegiatan KemenPPPA penanganan kesehatan jiwa anak remaja 2025,4259,260,6.26
20260918_113127,2026-09-18T11:41:41,gemma-4-26B-A4B-it,serper,0.0,66,417,Sosial,KEMENTERIAN PEMBERDAYAAN PEREMPUAN DAN PERLINDUNGAN ANAK,KP 04.17.02 - Prevalensi anak usia 13-17 tahun yang mengalami kekerasan seksual kontak dalam 12 bulan terakhir,"Laki-laki: 1,42;
Perempuan:2,25",Persen,True,False,True,True,85,media,2025,"Program berjalan, ditandai dengan adanya data realisasi anggaran KemenPPPA tahun 2025 serta pencatatan kasus melalui sistem SIMFONI-PPA yang menunjukkan penanganan kekerasan terhadap anak laki-laki dan perempuan sepanjang tahun 2025. Upaya perlindungan anak dari kekerasan seksual dan diskriminasi terus dilakukan sebagai bagian dari gerakan bersama pemerintah.","Program berjalan, ditandai dengan tersedianya baseline resmi dari survei nasional dan terkonfirmasinya pelaksanaan program pencegahan serta layanan penanganan kekerasan terhadap anak sepanjang 2025. Hasil SPHPN dan SNPHAR 2024 ditetapkan sebagai data baseline untuk RPJMN 2025-2029, dan kedua survei tersebut dirilis KemenPPPA pada 8 Oktober 2024 bekerja sama dengan BPS, Lembaga Demografi UI, dan Politeknik Kesejahteraan Sosial Bandung. Sepanjang 2025 layanan dan program pencegahan berjalan, antara lain pembentukan UPTD PPA yang hingga Oktober 2025 telah mencapai 389 dari 552 daerah atau setara 73 persen, serta kegiatan pencegahan berbasis sekolah seperti Boys Training and Capacity Building yang diikuti pelajar dari 12 SMA dan SMK.",https://infopublik.id/kategori/nasional-sosial-budaya/957489/anak-laki-laki-juga-rentan-kekerasan-kemenpppa-tekankan-maskulinitas-sehat,infopublik.id,False,True,True,OK,,2,0,2,laporan kinerja 2025 Kementerian Pemberdayaan Perempuan dan Perlindungan Anak kekerasan seksual anak 13-17 tahun | kegiatan perlindungan anak dari kekerasan seksual 2025 KemenPPPA,4306,264,6.19
20260918_113127,2026-09-18T11:41:48,gemma-4-26B-A4B-it,serper,0.0,67,420,Sosial,KEMENTERIAN PEMBERDAYAAN PEREMPUAN DAN PERLINDUNGAN ANAK,KP 04.19.01 - Proporsi perempuan pernah kawin umur 15-49 tahun yang saat melahirkan anak lahir hidup pertama berumur kurang dari 20 tahun,255,Persen,True,False,True,True,80,media,2025,"Program berjalan, ditandai dengan adanya kegiatan sosialisasi pencegahan pernikahan usia anak oleh dinas terkait (DP3AP2KB) pada Maret 2025. Kegiatan ini merupakan bentuk intervensi teknis untuk menurunkan angka pernikahan dini yang berdampak langsung pada indikator kehamilan usia remaja. Bukti kegiatan konkret ditemukan pada dokumentasi pelaksanaan sosialisasi di tingkat daerah pada tahun berjalan.","Program berjalan, ditandai dengan berlanjutnya pelaksanaan Strategi Nasional Pencegahan Perkawinan Anak dan terdokumentasinya intervensi di sejumlah daerah sepanjang 2025. KemenPPPA mencatat praktik baik pencegahan perkawinan anak di enam wilayah pada tahun 2025, yaitu Kota Palu, Jakarta Utara, Kabupaten Garut, Cirebon, Sigi, dan Lombok Timur, dan mendiseminasikannya pada 26 November 2025. Pada kesempatan yang sama disampaikan bahwa berdasarkan data BPS 2025, angka perkawinan anak turun dari 6,92 persen pada 2023 menjadi 5,90 persen pada 2024, meski empat provinsi justru mengalami kenaikan. KemenPPPA juga memperkuat sinergi dengan Badan Peradilan Agama Mahkamah Agung melalui Nota Kesepahaman tentang Perlindungan Perempuan dan Anak dalam Penanganan Perkara Dispensasi Kawin dan Perceraian.",https://www.instagram.com/reel/DHcNz2hhpS4/,www.instagram.com,False,True,True,OK,,3,0,3,laporan kinerja 2025 Kementerian Pemberdayaan Perempuan dan Perlindungan Anak melahirkan anak pertama kurang dari 20 tahun | site:kemenpppa.go.id program pencegahan pernikahan dini atau kehamilan remaja 2025 | kegiatan KemenPPPA pencegahan pernikahan dini 2025,6198,266,6.96
20260918_113127,2026-09-18T11:41:55,gemma-4-26B-A4B-it,serper,0.0,68,423,Sosial,KEMENTERIAN PEMBERDAYAAN PEREMPUAN DAN PERLINDUNGAN ANAK,KP 04.19.02 - Persentase perempuan di posisi managerial,"38,68",Persen,True,False,True,True,85,bps_setkab,2025,"Program berjalan, ditandai dengan adanya data statistik BPS mengenai proporsi perempuan di posisi manajerial menurut provinsi untuk tahun 2025. Selain itu, terdapat kegiatan peringatan Hari Perempuan Internasional 2025 yang secara spesifik membahas upaya mendorong kepemimpinan perempuan.","Program berjalan, ditandai dengan tersedianya data resmi BPS untuk indikator ini hingga tahun 2025. Berdasarkan Tabel Proporsi Perempuan yang Berada di Posisi Managerial Menurut Provinsi (BPS), realisasi nasional pada 2025 tercatat sebesar 36,68 persen.",https://www.bps.go.id/id/statistics-table/2/MjAwMyMy/proporsi-perempuan-yang-berada-di-posisi-managerial-menurut-provinsi.html,www.bps.go.id,True,True,True,OK,,3,0,3,laporan kinerja 2025 Kementerian Pemberdayaan Perempuan dan Perlindungan Anak persentase perempuan di posisi manajerial | site:kemenpppa.go.id LAKIP 2025 persentase perempuan di posisi manajerial | siaran pers KemenPPPA 2025 kepemimpinan perempuan manajerial,6083,283,6.8
20260918_113127,2026-09-18T11:42:00,gemma-4-26B-A4B-it,serper,0.0,69,428,Sosial,KEMENTERIAN PEMBERDAYAAN PEREMPUAN DAN PERLINDUNGAN ANAK,KP 04.19.04 - Rasio kewirausahaan perempuan,"1,79",Persen,True,False,True,True,90,siaran_pers,2025,"Program berjalan, ditandai dengan adanya siaran pers resmi Kemen PPPA pada Mei 2025 mengenai pemberian bantuan modal UMKM untuk mendorong kemandirian ekonomi perempuan. Selain itu, terdapat kegiatan bakti sosial pemberdayaan perempuan pesisir yang dilaksanakan pada Desember 2025. Kegiatan-kegiatan ini secara langsung mendukung peningkatan rasio kewirausahaan perempuan.","Program berjalan, ditandai dengan terkonfirmasinya pelaksanaan program pemberdayaan ekonomi dan kewirausahaan perempuan oleh KemenPPPA bersama kementerian lain dan mitra sepanjang 2025. KemenPPPA menjalankan Strategi Nasional Keuangan Inklusi Perempuan (SNKI-P), membentuk Koalisi Inklusi Keuangan Digital Perempuan, serta menyelenggarakan program pelatihan kewirausahaan, penguatan kapasitas usaha, dan mentoring bisnis bagi perempuan pelaku UMKM di berbagai daerah. Pada 28 Oktober 2025, Kemenko Pemberdayaan Masyarakat bersama KemenPPPA menegaskan komitmen memperkuat kolaborasi pemberdayaan ekonomi perempuan di desa melalui pengembangan UMKM. Nilai rasio kewirausahaan perempuan tahun 2025 belum ditemukan dipublikasikan secara terpisah.",https://www.kemenpppa.go.id/index.php/siaran-pers?page=124,www.kemenpppa.go.id,True,True,True,OK,,2,0,2,laporan kinerja 2025 Kementerian Pemberdayaan Perempuan dan Perlindungan Anak rasio kewirausahaan perempuan | site:kemenpppa.go.id kegiatan pemberdayaan ekonomi perempuan 2025,4132,235,5.61
20260918_113127,2026-09-18T11:42:07,gemma-4-26B-A4B-it,serper,0.0,70,430,Sosial,KEMENTERIAN PEMBERDAYAAN PEREMPUAN DAN PERLINDUNGAN ANAK,"KP 04.19.04 - Proporsi perempuan dewasa dan anak perempuan (umur 15-64 tahun) mengalami kekerasan (fisik,seksual,atau emosional) oleh pasangan atau mantan pasangan dalam 12 bulan terakhir","5,54",Persen,True,False,True,True,90,media,2025,"Program berjalan, ditandai dengan adanya laporan penanganan kasus melalui sistem Simponi KemenPPPA yang mencatat 11.850 laporan hingga Juni 2025. Selain itu, terdapat sinergi data kekerasan terhadap perempuan yang melibatkan KemenPPPA, Komnas Perempuan, dan Forum Pengada Layanan yang aktif merekam data sepanjang tahun 2025.","Program berjalan, ditandai dengan terkonfirmasinya penanganan kasus dan kampanye pencegahan kekerasan terhadap perempuan yang berlangsung sepanjang Tahun 2025. Dalam keterangan pers 28 Oktober 2025, Menteri PPPA menyampaikan pihaknya menangani 25.627 kasus kekerasan dengan 27.325 korban selama satu tahun terakhir yang tercatat melalui SIMFONI PPA, mulai dari penjangkauan hingga pemulihan. Data SIMFONI PPA yang dikutip Pusiknas Bareskrim Polri pada periode yang sama menunjukkan mayoritas kasus, yaitu 14.795 kasus dengan 15.657 korban, terjadi di lingkungan rumah tangga, ranah yang menjadi sasaran indikator ini. Kanal layanan juga aktif: dalam Media Talk KemenPPPA 15 November 2025 dilaporkan penanganan kasus melalui SAPA 129 sepanjang Januari sampai Oktober 2025, dengan sebagian besar laporan masuk lewat kanal WhatsApp, disertai kampanye ""Berani Lapor, Negara Lindungi"". Pada 27 November 2025, KemenPPPA bersama Komnas Perempuan dan Dinas PPAPP DKI Jakarta menggelar kampanye 16 Hari Anti Kekerasan terhadap Perempuan di Pulau Tidung, Kepulauan Seribu, sebagai bagian dari rangkaian 16 HAKtP 25 November sampai 10 Desember 2025. Perluasan infrastruktur layanan juga berjalan, dengan pembentukan UPTD PPA mencapai 389 dari 552 daerah atau 73 persen per Oktober 2025.",https://www.facebook.com/kppdanpa/posts/1143067074678257/,www.facebook.com,False,False,True,OK,,2,0,2,laporan kinerja 2025 KemenPPPA kekerasan perempuan pasangan anak perempuan | siaran pers KemenPPPA layanan perlindungan korban kekerasan perempuan 2025,4201,232,6.77
20260918_113127,2026-09-18T11:42:16,gemma-4-26B-A4B-it,serper,0.0,71,433,Sosial,KEMENTERIAN PEMBERDAYAAN PEREMPUAN DAN PERLINDUNGAN ANAK,KP 04.19.04 - Prevalensi Perempuan yang mengalami P2GP,"43,86",Persen,True,False,True,True,80,lkj,2025,"Program berjalan, ditandai dengan adanya laporan kinerja triwulan I tahun 2025 pada tingkat perangkat daerah (DP3AP2KB) yang mengelola indikator perlindungan perempuan dan anak. Selain itu, terdapat siaran pers resmi KemenPPPA pada Desember 2025 yang menunjukkan aktivitas kementerian dalam penguatan isu responsif gender.","Program berjalan, ditandai dengan terkonfirmasinya kegiatan pencegahan P2GP oleh KemenPPPA bersama mitra pembangunan pada 2025, khususnya melalui penguatan layanan PUSPAGA. Melalui Diskusi Survey Capacity Assessment PUSPAGA untuk Penyusunan Pedoman Teknis Layanan PUSPAGA untuk P2GP yang digelar pada Juni 2025, KemenPPPA bersama UNICEF membahas penyusunan modul edukasi untuk memperkuat peran PUSPAGA dalam pencegahan P2GP, diikuti sekitar 100 peserta secara hibrida dari kementerian/lembaga, organisasi profesi, tokoh agama, lembaga masyarakat, dan pengelola PUSPAGA berbagai daerah. Indikator terkait sunat perempuan juga sudah masuk dalam RPJMN 2025-2029 sehingga akan diturunkan ke dalam rencana strategis kementerian. Angka prevalensi 2025 belum ditemukan dipublikasikan.",https://dp3appkb.kalteng.go.id/ppid/uploads/dipb/2025/Laporan%20Kinerja%20Perangkat%20Daerah%20Triwulan%20I%20Tahun%202025.pdf,dp3appkb.kalteng.go.id,True,True,True,OK,,3,1,3,"laporan kinerja 2025 Kementerian Pemberdayaan Perempuan dan Perlindungan Anak prevalensi perempuan P2GP | siaran pers KemenPPPA pencegahan praktik gender berbahaya 2025 | site:kemenpppa.go.id ""P2GP"" 2025",6047,304,8.62
20260918_113127,2026-09-18T11:42:23,gemma-4-26B-A4B-it,serper,0.0,72,436,Birokrasi,KEMENTERIAN PENDAYAGUNAAN APARATUR NEGARA DAN REFORMASI BIROKRASI,KP 07.08.02 - Persentase instansi pemerintah (provinsi) dengan nilai akuntabilitas kinerja baik (kategori “B” ke atas),100,persen,True,False,True,True,90,siaran_pers,2025,"Program berjalan, ditandai dengan adanya kegiatan evaluasi implementasi SAKIP pada pemerintah daerah di berbagai provinsi serta publikasi dataset indeks SAKIP tahun 2025 oleh KemenPANRB. KemenPANRB juga telah melaksanakan rangkaian kegiatan SAKIP dan ZI Awards 2025 sebagai bagian dari pengawasan akuntabilitas kinerja. Bukti pelaksanaan ini menunjukkan proses penilaian terhadap nilai akuntabilitas instansi pemerintah provinsi sedang/telah berlangsung pada tahun 2025.","Program berjalan dan angkanya sudah dipublikasikan, ditandai dengan tuntasnya evaluasi SAKIP Tahun 2025 dan penyerahan hasilnya. Evaluasi 2025 dilakukan terhadap 94 kementerian/lembaga, 38 pemerintah provinsi, dan 507 pemerintah kabupaten/kota, dengan hasil 98,95 persen K/L, 92,11 persen provinsi, dan 88,39 persen kabupaten/kota telah mengimplementasikan SAKIP dengan predikat minimal baik. Rata-rata nilai SAKIP pemerintah provinsi tercatat 69,05. Untuk provinsi, capaian 92,11 persen ini masih di bawah target RPJMN 2025 sebesar 100 persen.",https://www.menpan.go.id/site/berita-foto/sakip-dan-zi-awards-2025,www.menpan.go.id,True,True,True,OK,,2,0,2,laporan kinerja 2025 KemenPANRB SAKIP Provinsi akuntabilitas kinerja | site:menpan.go.id evaluasi SAKIP pemerintah provinsi 2025,4060,258,7.31
20260918_113127,2026-09-18T11:42:30,gemma-4-26B-A4B-it,serper,0.0,73,437,Sosial,KEMENTERIAN PEMBERDAYAAN PEREMPUAN DAN PERLINDUNGAN ANAK,KP 04.19.04 - Jumlah premepuan korban kekerasan (termasuk TPPO) yang dilaporkan melalui SIMFONI PPA,28.777-30.085,Persen,True,False,True,True,90,siaran_pers,2025,"Program berjalan, ditandai dengan adanya data laporan kasus kekerasan melalui sistem SIMFONI PPA yang tercatat hingga Juni 2025 sebanyak 11.850 kasus. Selain itu, terdapat laporan sinergi database kekerasan terhadap perempuan sepanjang tahun 2025 yang menunjukkan aktivitas pemantauan kasus secara berkelanjutan.","Program berjalan dan sistem pencatatannya aktif sepanjang 2025, ditandai dengan terpublikasinya data SIMFONI PPA tahun 2025 oleh KemenPPPA serta peluncuran versi terbaru sistem tersebut. Berdasarkan data SIMFONI PPA pada 2025 tercatat 35.025 perempuan dan anak menjadi korban kekerasan, dan KemenPPPA meluncurkan SIMFONI PPA Versi 3.0 Manajemen Kasus yang diikuti 785 peserta dari petugas layanan pusat, Dinas PPPA, dan UPTD PPA seluruh Indonesia. Dalam keterangan pers 28 Oktober 2025, Menteri PPPA menyampaikan 25.627 kasus kekerasan dengan 27.325 korban tercatat melalui SIMFONI PPA dalam satu tahun terakhir. Pemilahan angka khusus korban perempuan sesuai definisi indikator belum ditemukan dipublikasikan secara terpisah.",https://www.kemenpppa.go.id/index.php/dokumen-kinerja/lakip-kementerian-pemberdayaan-perempuan-dan-perlindungan-anak-tahun-2025,www.kemenpppa.go.id,True,False,True,OK,,2,0,2,laporan kinerja 2025 Kementerian Pemberdayaan Perempuan dan Perlindungan Anak SIMFONI PPA | siaran pers Kemen PPPA laporan SIMFONI PPA 2025,4033,247,7.24
20260918_113127,2026-09-18T11:42:35,gemma-4-26B-A4B-it,serper,0.0,74,439,Birokrasi,KEMENTERIAN PERENCANAAN PEMBANGUNAN NASIONAL/BADAN PERENCANAAN PEMBANGUNAN NASIONAL (BAPPENAS),KP 07.08.02 - Persentase kegiatan prioritas utama dengan kinerja baik,70,persen,True,False,True,True,95,lkj,2025,"Program berjalan, ditandai dengan adanya Laporan Kinerja Kementerian PPN/Bappenas Tahun 2025 yang mencatat realisasi indikator Persentase Kegiatan Prioritas Utama dengan Kinerja Baik. Dokumen tersebut secara spesifik melaporkan capaian pengukuran kinerja kegiatan prioritas pada tahun berjalan 2025.","Program berjalan, ditandai dengan terkonfirmasinya pengukuran dan pelaporan capaian indikator Persentase Kegiatan Prioritas Utama dengan Kinerja Baik pada Tahun 2025, dengan realisasi 75,90% dari target 70% (capaian 108,42%) sebagaimana tercantum dalam Laporan Kinerja Kementerian PPN/Bappenas Tahun 2025. Realisasi tersebut meningkat dibandingkan baseline Tahun 2024 sebesar 66,30% dan didukung oleh Rincian Output (RO) 6270.FAE.260 sebagai instrumen pelaksanaannya. Indikator ini merupakan salah satu komponen IKSS dari Sasaran Strategis terwujudnya efektivitas pengendalian perencanaan dan pelaksanaan pembangunan nasional, yang secara agregat terealisasi 83,69% dari target 73,50%. Aktivitas pengendalian dan pemantauan yang menjadi basis pengukuran juga terkonfirmasi berjalan melalui penyelenggaraan pelaporan berkala kementerian/lembaga pada aplikasi e-Monev Bappenas sepanjang Tahun 2025, meskipun rincian daftar kegiatan prioritas utama beserta penilaian kinerjanya tidak dipublikasikan secara terbuka.",https://perpustakaan.bappenas.go.id/e-library/file_upload/koleksi/dokumenbappenas/konten/Dokumen%202026/F_LAPORAN%20KINERJA%20KEMENTERIAN%202025_110326_1619.pdf,perpustakaan.bappenas.go.id,True,True,True,OK,,1,0,1,laporan kinerja 2025 Bappenas persentase kegiatan prioritas utama dengan kinerja baik,2464,238,5.1
20260918_113127,2026-09-18T11:42:42,gemma-4-26B-A4B-it,serper,0.0,75,440,Birokrasi,KEMENTERIAN PERENCANAAN PEMBANGUNAN NASIONAL/BADAN PERENCANAAN PEMBANGUNAN NASIONAL (BAPPENAS),KP 07.08.03 - Tingkat pemanfaatan hasil pengendalian program prioritas Presiden dalam penyelenggaraan pembangunan nasional,30,persen,True,False,True,True,90,lkj,2025,"Program berjalan, ditandai dengan adanya dokumen Laporan Kinerja Kementerian PPN/Bappenas Tahun 2025 yang mencatat realisasi target kinerja secara keseluruhan. Pengendalian program prioritas Presiden telah diintegrasikan ke dalam alur pemantauan dan evaluasi RPJMN 2025-2029 yang dilaksanakan oleh Bappenas.","Program berjalan, ditandai dengan terkonfirmasinya pengukuran dan pelaporan capaian indikator Tingkat Pemanfaatan Hasil Pengendalian Program Prioritas Presiden dalam Penyelenggaraan Pembangunan Nasional pada Tahun 2025, dengan realisasi 83,03% dari target 30% sebagaimana tercantum dalam Laporan Kinerja Kementerian PPN/Bappenas Tahun 2025, sehingga target terlampaui secara signifikan. Indikator ini berstatus indikator baru pada periode Renstra Tahun 2025-2029 sehingga belum memiliki baseline Tahun 2024, dan pelaksanaannya didukung melalui Rincian Output (RO) 6270.FAE.260. Kegiatan pengendalian yang menjadi basis indikator terkonfirmasi berjalan melalui mekanisme pemantauan, evaluasi, dan pengendalian pembangunan yang dikoordinasikan Kementerian PPN/Bappenas sepanjang Tahun 2025.",https://perpustakaan.bappenas.go.id/e-library/file_upload/koleksi/dokumenbappenas/konten/Dokumen%202026/F_LAPORAN%20KINERJA%20KEMENTERIAN%202025_110326_1619.pdf,perpustakaan.bappenas.go.id,True,True,True,OK,,3,0,3,"laporan kinerja 2025 Bappenas pengendalian program prioritas Presiden | site:bappenas.go.id ""pengendalian program prioritas Presiden"" 2025 | ""KP 07.08.03"" Bappenas 2025 realisasi",6135,323,6.57
20260918_113127,2026-09-18T11:43:51,gemma-4-26B-A4B-it,serper,0.0,76,441,Sosial,KEMENTERIAN PEMBERDAYAAN PEREMPUAN DAN PERLINDUNGAN ANAK,KP 04.19.05 - Persentase RO/sub kegiatan responsif gender,"K/L; 4,00",Persen,True,False,True,True,90,siaran_pers,2025,"Program berjalan, ditandai dengan adanya siaran pers resmi KemenPPPA pada Desember 2025 mengenai penguatan pemilu inklusif yang responsif gender. Selain itu, terdapat aktivitas penguatan pengarusutamaan gender melalui bimbingan teknis di tingkat kementerian/lembaga yang dilakukan pada tahun 2025.","Program berjalan, ditandai dengan terkonfirmasinya pelaksanaan pendampingan dan bimbingan teknis Perencanaan dan Penganggaran Responsif Gender kepada kementerian/lembaga sepanjang 2025 dan berlanjut pada tahun berikutnya. Pada Juni 2025, KemenPPPA menyelenggarakan kegiatan Pengintegrasian Perspektif Gender dalam Dokumen Perencanaan K/L, dengan penegasan bahwa Renstra berperspektif gender akan menghasilkan perencanaan dan penganggaran yang responsif gender. KemenPPPA bersama World Bank juga menyelenggarakan Bimtek PPRG bagi K/L pengampu sektor pendidikan, dengan penekanan pada komitmen para perencana program untuk mengawal integrasi perspektif gender ke dalam RO unit kerja masing-masing, serta menyatakan bahwa sejak 2022 KemenPPPA terus melakukan revitalisasi PUG pada tujuh proses pembangunan.",https://www.kemenpppa.go.id/index.php/siaran-pers?page=55,www.kemenpppa.go.id,True,True,True,OK,,2,0,2,laporan kinerja 2025 Kementerian Pemberdayaan Perempuan dan Perlindungan Anak persentase RO sub kegiatan responsif gender | siaran pers KemenPPPA kegiatan responsif gender 2025,4306,224,68.75
20260918_113127,2026-09-18T11:43:58,gemma-4-26B-A4B-it,serper,0.0,77,447,Birokrasi,KEMENTERIAN PENDAYAGUNAAN APARATUR NEGARA DAN REFORMASI BIROKRASI,KP 07.07.02 - Aspek perencanaan kebutuhan Indeks Sistem Merit,"78,45",persen,True,False,True,True,90,siaran_pers,2025,"Program berjalan, ditandai dengan diterbitkannya Peraturan Menteri PANRB No. 19 Tahun 2025 yang mengatur penajaman implementasi penyelenggaraan sistem merit, termasuk aspek perencanaan kebutuhan. KemenPANRB juga secara aktif melakukan pembinaan dan penguatan delapan aspek sistem merit untuk memastikan dampak kinerja pada manajemen ASN di tahun 2025.","Program berjalan, ditandai dengan diterbitkannya Peraturan Menteri PANRB Nomor 19 Tahun 2025 tentang Penyelenggaraan Sistem Merit dalam Manajemen ASN, yang secara khusus memperkuat pengukuran pada delapan aspek sistem merit termasuk aspek perencanaan kebutuhan dan standardisasi jabatan. Sebagai tindak lanjut, Kementerian PANRB telah menyelenggarakan rangkaian pembinaan/coaching clinic pengukuran Indeks Sistem Merit serta survei kesiapan sistem merit bagi ratusan instansi pemerintah pusat dan daerah yang menjadi lokus prioritas. Namun demikian, angka realisasi/capaian resmi untuk sub-indikator Aspek Perencanaan Kebutuhan secara nasional pada tahun 2025 belum ditemukan publikasinya, sehingga belum dapat dipastikan apakah target sebesar 78,45 telah tercapai.",https://www.menpan.go.id/site/berita-terkini/pertajam-sistem-merit-dalam-manajemen-asn-melalui-peraturan-menteri-panrb-no-19-2025,www.menpan.go.id,True,True,True,OK,,2,0,2,laporan kinerja 2025 KemenPANRB perencanaan kebutuhan sistem merit | siaran pers KemenPANRB implementasi sistem merit perencanaan kebutuhan ASN 2025,4099,254,7.56
20260918_113127,2026-09-18T11:44:07,gemma-4-26B-A4B-it,serper,0.0,78,450,Infrastruktur,KEMENTERIAN KOMUNIKASI DAN DIGITAL,KP 03.02.02 - Kapasitas pusat data per kapita,"1,47",W/kapita,True,False,True,True,90,siaran_pers,2025,"Program berjalan, ditandai dengan adanya siaran pers resmi Kementerian Komunikasi dan Digital mengenai fokus penyelesaian standar pusat data berkelanjutan di Indonesia serta peresmian pusat data berkelas dunia pada tahun 2025. Kegiatan ini merupakan bagian dari implementasi Rencana Strategis Kementerian Komunikasi dan Digital 2025-2029 untuk memperkuat ekosistem infrastruktur digital.","Program berjalan, ditandai dengan terkonfirmasinya pengukuran dan pelaporan kapasitas pusat data nasional pada Tahun 2025, yaitu berada pada kisaran ±370 MW atau setara sekitar 1,3 watt per kapita sebagaimana tercantum dalam Laporan Kinerja Kementerian Komunikasi dan Digital Tahun 2025. Laporan menyebutkan capaian tersebut menunjukkan peningkatan seiring pertumbuhan layanan digital nasional, termasuk pemanfaatan komputasi awan, layanan berbasis data, serta digitalisasi sektor publik dan industri, dengan arah penguatan melalui penetapan kawasan data center prioritas, percepatan perizinan terintegrasi, penguatan pasokan energi, dan penerapan teknologi efisiensi energi. Angka kapasitas dilaporkan sebagai estimasi kisaran, sementara rincian sebaran kapasitas per penyelenggara maupun per wilayah tidak diuraikan dalam laporan.",https://infradigital.komdigi.go.id/berita-komdigi-fokus-selesaikan-standar-pusat-data-berkelanjutan-indonesia-27-6541,infradigital.komdigi.go.id,True,True,True,OK,,3,0,3,"laporan kinerja 2025 Kementerian Komunikasi dan Digital kapasitas pusat data per kapita | siaran pers Kementerian Komunikasi dan Digital pembangunan pusat data 2025 | site:komdigi.go.id ""pusat data"" 2025",6318,289,8.28
20260918_113127,2026-09-18T11:44:12,gemma-4-26B-A4B-it,serper,0.0,79,457,Birokrasi,KEMENTERIAN PENDAYAGUNAAN APARATUR NEGARA DAN REFORMASI BIROKRASI,KP 07.08.02 - Persentase instansi pemerintah (kab/kota) dengan nilai akuntabilitas kinerja baik (kategori “B” ke atas),76,persen,True,False,True,True,95,siaran_pers,2025,"Program berjalan, ditandai dengan adanya kegiatan evaluasi implementasi SAKIP pada pemerintah daerah (seperti di Kalimantan Selatan) yang dilaksanakan pada September 2025. Selain itu, KemenPANRB telah mengelola dataset indeks SAKIP yang mencakup hasil evaluasi tahun 2025 untuk kabupaten/kota.","Program berjalan dan targetnya terlampaui, ditandai dengan pelaksanaan evaluasi SAKIP di daerah sepanjang 2025 dan publikasi hasilnya. Sebanyak 507 kabupaten/kota atau 88,39 persen tercatat telah mengimplementasikan SAKIP dengan predikat minimal baik, dengan rata-rata nilai naik menjadi 64,89 atau meningkat 0,91 poin dari tahun sebelumnya, di atas target RPJMN 2025 sebesar 76 persen. Proses evaluasinya sendiri dilakukan langsung ke daerah, misalnya kegiatan evaluasi implementasi SAKIP pada pemda di sejumlah provinsi sepanjang September 2025.",https://www.menpan.go.id/site/berita-foto/evaluasi-implementasi-sakip-pada-pemda-di-provinsi-kalimantan-selatan,www.menpan.go.id,True,True,True,OK,,2,0,2,laporan kinerja 2025 KemenPANRB SAKIP daerah persentase instansi pemerintah nilai akuntabilitas kinerja baik | site:menpan.go.id evaluasi SAKIP Kabupaten Kota 2025,4260,244,5.49
20260918_113127,2026-09-18T11:44:19,gemma-4-26B-A4B-it,serper,0.0,80,469,Infrastruktur,KEMENTERIAN KOMUNIKASI DAN DIGITAL,KP 03.02.01 - Integrated Index for Postal Development (2IPD),60,Indeks,True,False,True,True,90,lkj,2025,"Program berjalan, ditandai dengan adanya nilai capaian indikator Integrated Index for Postal Development (2IPD) sebesar 65 dalam dokumen pengesahan DIPA/perencanaan kinerja Kementerian Komunikasi dan Digital. Indikator ini tercantum secara resmi dalam dokumen Renstra Komdigi 2025-2029 dan sistem monitoring kinerja kementerian.","Program berjalan, ditandai dengan terkonfirmasinya penilaian dan pelaporan nilai Integrated Index for Postal Development (2IPD) Indonesia Tahun 2025 sebesar 69,2 dengan Postal Development Level (PDL) pada tingkat 8, sebagaimana tercantum dalam Laporan Kinerja Kementerian Komunikasi dan Digital Tahun 2025. Penilaian dilakukan oleh Universal Postal Union (UPU) selaku badan khusus Perserikatan Bangsa-Bangsa yang menangani sektor pos, sehingga capaian bersumber dari lembaga penilai internasional di luar kementerian. Laporan menyebutkan capaian tersebut menempatkan Indonesia pada kelompok negara dengan tingkat pengembangan sektor pos menengah atas dan mencerminkan peran sektor pos sebagai infrastruktur pendukung konektivitas logistik serta layanan publik. Rincian skor per dimensi penilaian 2IPD tidak diuraikan dalam laporan.",https://jdih.komdigi.go.id/storage/files/1766139110-PM_16_Tahun_2025_Renstra_Komdigi_2025_2029_JDIH_.pdf,jdih.komdigi.go.id,True,True,True,OK,,3,0,3,"laporan kinerja 2025 Kementerian Komunikasi dan Digital Integrated Index for Postal Development 2IPD | site:komdigi.go.id ""Integrated Index for Postal Development"" 2025 | site:komdigi.go.id ""Integrated Index for Postal Development"" realisasi 2025",6327,306,7.0
20260918_113127,2026-09-18T11:44:28,gemma-4-26B-A4B-it,serper,0.0,81,470,Sosial,KEMENTERIAN KOMUNIKASI DAN DIGITAL,KP 03.02.01 - Rasio harga layanan jaringan pita lebar tetap terhadap pendapatan per kapita,"4,50",persen,True,False,False,False,90,tidak_ada,2025,"Program belum berjalan, ditandai dengan data pada sistem Janjikinerja Komdigi yang hanya menampilkan target angka (4.00%) tanpa adanya laporan capaian atau bukti pelaksanaan kegiatan teknis untuk indikator tersebut pada tahun 2025. Dokumen yang tersedia saat ini masih bersifat perencanaan sasaran kinerja (IKSP).","Program berjalan, ditandai dengan terkonfirmasinya penetapan dan pelaporan indikator rasio harga layanan jaringan pita lebar tetap terhadap pendapatan per kapita (kode DJID 01.03) pada Tahun 2025 dengan target sebesar 4,50%, sebagaimana tercantum dalam Laporan Kinerja Kementerian Komunikasi dan Digital Tahun 2025. Laporan merujuk pada data historis dalam Renstra Komdigi Tahun 2025-2029 yang bersumber dari World Bank Tahun 2024, yang mencatat harga rata-rata layanan fixed broadband di Indonesia berada pada kisaran 4,86% dari Pendapatan Nasional Bruto (PNB) per kapita, sehingga posisi terkini masih berada di atas target yang ditetapkan. Kondisi tersebut sejalan dengan pernyataan pejabat Komdigi dalam forum resmi yang menyebut rasio harga layanan fixed broadband masih di kisaran 4,8% dari pendapatan per kapita nasional dengan penetrasi sekitar 24% rumah tangga, serta arah penurunan rasio menjadi 4% pada Tahun 2026 sesuai dokumen Renstra.",https://janjikinerja.layanan.go.id/janjikinerja/sp_pk_preview_public.php?JTI2bW1fc2xjJTNEOCUyNnVuaXRfaWRfc2xjJTNEMjI3JTI2eXl5eV9zbGMlM0QyMDI2,janjikinerja.layanan.go.id,True,True,True,OK,,3,1,3,"laporan kinerja 2025 Kementerian Komunikasi dan Digital rasio harga layanan jaringan pita lebar tetap terhadap pendapatan per kapita | site:komdigi.go.id ""Rasio Rata-Rata Harga Layanan Jaringan Pitalebar Tetap Terhadap Pendapatan per Kapita"" 2025 | ""Rasio Rata-Rata Harga Layanan Jaringan Pitalebar Tetap Terhadap Pendapatan per Kapita"" 2025",6069,345,8.89
20260918_113127,2026-09-18T11:44:34,gemma-4-26B-A4B-it,serper,0.0,82,476,Birokrasi,KEMENTERIAN PENDAYAGUNAAN APARATUR NEGARA DAN REFORMASI BIROKRASI,KP 07.10.01 - Jumlah lembaga yang menerapkan arsitektur pemerintah digital,0,lembaga,True,False,True,True,95,siaran_pers,2025,"Program berjalan, ditandai dengan pelaksanaan Bimbingan Teknis (Bimtek) Penyusunan Arsitektur dan Peta Rencana Pemerintah Digital Tahun 2025-2029 pada 22 Mei 2025. KemenPANRB juga melakukan asistensi pembinaan penyusunan domain arsitektur kepada pemerintah daerah untuk mendukung implementasi SPBE.","Program berjalan pada tahap penyiapan, yang memang sesuai dengan target 2025 sebesar 0 lembaga, ditandai dengan dimulainya transisi kerangka arsitektur dan pendampingan instansi. KemenPANRB menggelar sosialisasi nasional Penyusunan Arsitektur dan Peta Rencana Pemerintah Digital 2025-2029 pada 5 Mei 2025 yang diikuti instansi pusat dan pemerintah daerah, sebagai titik awal transisi dari Arsitektur SPBE 2022-2024, disertai panduan teknis migrasi dan pengembangan Sistem Informasi Arsitektur SPBE versi 3. Pada Oktober 2025 pembinaan penerapan kebijakan pemerintah digital berlanjut ke daerah, dengan konsep Arsitektur Pemerintah Digital atau SPBE versi 3.0 yang menekankan maturitas, kolaborasi, dan ekosistem digital. Jumlah lembaga yang sudah menerapkan belum dipublikasikan.",https://konfirmasi.menpan.go.id/acara/2qvs34ah/bimbingan-teknis-penyusunan-arsitektur-dan-peta-rencana-pemerintah-digital-tahun-2025-2029-pada-sia-spbe-v2,konfirmasi.menpan.go.id,True,True,True,OK,,2,0,2,laporan kinerja 2025 KemenPANRB arsitektur pemerintah digital SPBE | siaran pers KemenPANRB penyusunan arsitektur pemerintah digital 2025,4098,275,5.82
20260918_113127,2026-09-18T11:44:37,gemma-4-26B-A4B-it,serper,0.0,83,479,Pendidikan,KEMENTERIAN KOMUNIKASI DAN DIGITAL,KP 04.19.03 - Indeks Literasi Digital,"Laki-Laki: 3,62; Perempuan: 3,60",Indeks,True,False,True,True,95,siaran_pers,2025,"Program berjalan, ditandai dengan penyusunan dan publikasi Laporan Indeks Masyarakat Digital Indonesia (IMDI) 2025 oleh BPSDM Kementerian Komunikasi dan Digital. Kegiatan ini mencakup pengukuran indikator literasi digital sebagai bagian dari pemantauan kompetensi digital masyarakat.","Program berjalan, ditandai dengan terkonfirmasinya pelaksanaan pengukuran literasi digital masyarakat pada Tahun 2025 melalui Indeks Masyarakat Digital Indonesia (IMDI) yang disusun Kementerian Komunikasi dan Digital, dengan survei mencakup 38 provinsi dan 514 kabupaten/kota serta empat pilar penilaian, yaitu Infrastruktur dan Ekosistem, Literasi Digital, Pemberdayaan, dan Pekerjaan. Berdasarkan hasil survei Tahun 2025, nilai IMDI mencapai 44,53, meningkat dari 43,34 pada Tahun 2024, dengan nilai pilar Literasi Digital sebesar 49,28. Laporan mencatat peningkatan tersebut mencerminkan kemajuan kesiapan digital masyarakat, sementara aspek pemberdayaan dan penciptaan peluang kerja digital masih memerlukan penguatan. Angka literasi digital pada laporan disajikan sebagai pilar dari IMDI, bukan sebagai indeks tersendiri, sehingga penyebutan nilai perlu disesuaikan dengan definisi indikator yang digunakan.",https://bpsdm.komdigi.go.id/satker/pusbangesdmk/berita-laporan-indeks-masyarakat-digital-indonesia-2025-5-102,bpsdm.komdigi.go.id,True,True,True,OK,,1,0,1,laporan kinerja 2025 Kementerian Komunikasi dan Digital indeks literasi digital,2378,194,3.73
20260918_113127,2026-09-18T11:45:13,gemma-4-26B-A4B-it,serper,0.0,84,498,Kesehatan,KEMENTERIAN KESEHATAN,PP 02.12 - Rumah tangga yang mempraktikkan buang air besar sembarangan (BABS) di tempat terbuka,"2,5",persen,True,False,True,True,85,siaran_pers,2025,"Program berjalan, ditandai dengan keberlanjutan program Sanitasi Total Berbasis Masyarakat (STBM) oleh Kementerian Kesehatan yang mencakup pilar pertama yaitu Stop Buang Air Besar Sembarangan (BABS). Program ini menggunakan metode pemicuan untuk mengubah perilaku higiene dan sanitasi masyarakat guna menurunkan angka penyakit menular berbasis lingkungan.","Program berjalan dan melampaui target, ditandai dengan capaian kinerja Persentase Rumah Tangga yang Mempraktikkan Buang Air Besar Sembarangan (BABS) di Tempat Terbuka sebesar 2,35% pada tahun 2025 (turun dari 3,20% pada 2024), lebih rendah dari target 2025 sebesar 2,5% (capaian kinerja ±106%), sebagaimana termuat dalam data Survei Sosial Ekonomi Nasional (Susenas) 2025 yang dipublikasikan oleh Badan Pusat Statistik (BPS).",https://kemkes.go.id/id/turunkan-angka-penyakit-menular-melalui-stbm,kemkes.go.id,True,True,True,OK,,3,0,3,"laporan kinerja 2025 Kementerian Kesehatan BABS sanitasi jamban sehat | siaran pers Kementerian Kesehatan program STBM 2025 stop BABS | site:kemkes.go.id ""STBM"" 2025",6383,250,35.11
20260918_113127,2026-09-18T11:45:38,gemma-4-26B-A4B-it,serper,0.0,85,501,Kesehatan,KEMENTERIAN KESEHATAN,PP 04.11 - Angka kematian balita,"15,00",per 1.000 kelahiran hidup,True,False,True,True,90,lkj,2025,"Program berjalan, ditandai dengan adanya laporan kinerja Dinas Kesehatan di berbagai daerah (seperti Papua dan Aceh) yang mencantumkan capaian angka kematian bayi/balita pada tahun 2025 serta adanya program pengampuan kesehatan ibu dan anak oleh Kementerian Kesehatan untuk menekan angka kematian tersebut. Dokumen laporan kinerja tahun 2025 menunjukkan pelaksanaan kegiatan teknis terkait pemantauan indikator kematian anak di tingkat daerah.","Program berjalan dan menunjukkan penurunan konsisten, namun belum mencapai target, ditandai dengan capaian kinerja Angka Kematian Balita (U5MR) sebesar 16,38 per 1.000 kelahiran hidup pada 2025, sebagaimana termuat dalam Berita Resmi Statistik Badan Pusat Statistik (BPS) tanggal 5 Mei 2026 (rilis hasil Survei Penduduk Antar Sensus/SUPAS 2025).",https://dinkes.papua.go.id/uploads/dokumen/1771687144_bbbb62d5dd9a6c786e95.pdf,dinkes.papua.go.id,True,True,True,OK,,2,0,2,laporan kinerja 2025 Kementerian Kesehatan angka kematian balita | siaran pers Kementerian Kesehatan program penurunan angka kematian balita 2025,4279,248,25.55
20260918_113127,2026-09-18T11:45:46,gemma-4-26B-A4B-it,serper,0.0,86,504,Industri,KEMENTERIAN LINGKUNGAN HIDUP/BADAN PENGENDALIAN LINGKUNGAN HIDUP,PP 02.16 - Jumlah model pengelolaan sumber daya genetik termasuk digital sequence information pada sumber daya genetik,1,model,True,False,False,False,85,media,2025,"Program belum berjalan, ditandai dengan belum ditemukannya bukti pelaksanaan kegiatan teknis atau capaian konkret terkait model pengelolaan sumber daya genetik/DSI pada tahun 2025. Dokumen yang tersedia hanya menunjukkan target angka dalam perencanaan ekonomi hijau dan pembahasan kebijakan di forum internasional (COP 16).","Program berjalan, ditandai dengan pernyataan resmi KLH/BPLH bahwa instrumen pengelolaan sumber daya genetik sudah tersedia dan digunakan. Pada peluncuran buku Status Kekinian Keanekaragaman Hayati bersama Bappenas, KLH/BPLH menyebut mekanisme pembagian keuntungan dari pemanfaatan sumber daya genetik sebagai salah satu instrumen yang sudah tersedia, bersama Indeks Pengelolaan Keanekaragaman Hayati dan perlindungan kawasan bernilai penting. Kerangka kebijakannya tertuang dalam IBSAP 2025-2045, yang memuat 3 tujuan, 13 strategi, 20 target nasional, dan 95 kelompok aksi, dengan pemanfaatan dan pembagian keuntungan sumber daya genetik sebagai salah satu target nasional. Pada Rakornas Kehati 2025, pemerintah menyatakan tengah menyiapkan skema pembagian manfaat dari sumber daya genetik dan instrumen keamanan hayati sejalan dengan penyusunan IBSAP 2025-2045.",https://lcdi-indonesia.id/keanekaragaman-hayati/,lcdi-indonesia.id,False,True,True,OK,,3,0,3,"laporan kinerja 2025 Kementerian Lingkungan Hidup Badan Pengendalian Lingkungan Hidup jumlah model pengelolaan sumber daya genetik digital sequence information | site:kemenlh.go.id ""sumber daya genetik"" ""digital sequence information"" 2025 | ""jumlah model pengelolaan sumber daya genetik"" 2025 KLH BPLH",5578,255,7.46
20260918_113127,2026-09-18T11:45:54,gemma-4-26B-A4B-it,serper,0.0,87,516,Kesehatan,KEMENTERIAN KESEHATAN,PP 04.13 - Persentase Diabetes dalam Pengendalian,15,persen,True,False,True,True,90,media,2025,"Program berjalan, ditandai dengan penguatan deteksi dini dan pemantauan berkelanjutan melalui program Cek Kesehatan Gratis (CKG) serta kampanye pencegahan melalui pola hidup CERDIK oleh Kementerian Kesehatan pada tahun 2025. Pemerintah juga melakukan transformasi kebijakan kesehatan untuk menanggulangi peningkatan prevalensi diabetes.","Program berjalan, ditandai dengan pelaksanaan Cek Kesehatan Gratis (CKG) sepanjang 2025 yang menjangkau 70 juta peserta di 10.225 puskesmas dengan diabetes melitus sebagai salah satu temuan penyakit terbanyak, serta hasil tindak lanjutnya yang mencatat 33,1% pasien diabetes hasil CKG 2025 kembali menjalani pemeriksaan dan 69,4% di antaranya berhasil mencapai pengendalian kadar gula darah, sebagaimana disampaikan Menteri Kesehatan dan termuat dalam publikasi resmi Kementerian Kesehatan Tahun 2026. Angka realisasi resmi indikator Persentase Diabetes dalam Pengendalian Tahun 2025 sendiri belum dipublikasikan karena merupakan indikator baru.",https://infopublik.id/kategori/nasional-sosial-budaya/943537/index.html,infopublik.id,False,True,True,OK,,3,0,3,"laporan kinerja 2025 Kementerian Kesehatan persentase diabetes dalam pengendalian | siaran pers Kementerian Kesehatan 2025 pengendalian diabetes melitus program | site:kemkes.go.id ""diabetes"" 2025 program pengendalian",6165,245,8.2
20260918_113127,2026-09-18T11:45:59,gemma-4-26B-A4B-it,serper,0.0,88,517,Sosial,KEMENTERIAN PARIWISATA,KP 03.05.12 - Devisa pariwisata Wakatobi juta,"9,38",USD,True,False,True,True,90,lkj,2025,"Program berjalan, ditandai dengan adanya laporan kinerja Kementerian Pariwisata tahun 2025 yang mencantumkan target dan pemantauan realisasi devisa pariwisata di Wakatobi. Dokumen LKj 2025 menunjukkan adanya upaya pencapaian target devisa sebesar 9,38 juta USD melalui kegiatan pengembangan destinasi.","Program berjalan, ditandai dengan tetapnya Wakatobi sebagai salah satu Destinasi Pariwisata Prioritas yang dipantau Kemenpar dan terbitnya publikasi statistik pariwisata tingkat destinasi untuk tahun 2025. Kemenpar merilis ""Infografis Statistik Pariwisata 2025"" yang mencakup 10 Destinasi Pariwisata Prioritas termasuk Wakatobi dan tiga Destinasi Pariwisata Regeneratif, disusun oleh Biro Data dan Sistem Informasi Kemenpar bersama BPS dan Kementerian Investasi dan Hilirisasi/BKPM. Publikasi ini memuat delapan indikator statistik meliputi jumlah kunjungan dan rata-rata lama kunjungan wisatawan mancanegara dan nusantara, realisasi investasi pariwisata, jumlah tenaga kerja pariwisata, PDRB sektor akomodasi dan makan minum, profil usaha akomodasi dan makan minum, serta profil usaha ODTW komersial.",https://api.kemenpar.go.id/storage/app/uploads/public/69c/a5a/b46/69ca5ab460db4424530186.pdf,api.kemenpar.go.id,True,True,True,OK,,2,0,2,"laporan kinerja 2025 Kementerian Pariwisata devisa pariwisata Wakatobi | site:kemenpar.go.id ""Devisa Pariwisata Wakatobi"" 2025",4018,255,5.33
20260918_113127,2026-09-18T11:46:04,gemma-4-26B-A4B-it,serper,0.0,89,519,Kesehatan,KEMENTERIAN KESEHATAN,PP 04.13 - Prevalensi depresi di umur ≥15 tahun,"1,4",persen,True,False,True,True,90,lkj,2025,"Program berjalan, ditandai dengan adanya dokumen LAKIP/Laporan Kinerja tahun 2025 dari Direktorat Pelayanan Kesehatan yang mencantumkan target dan baseline prevalensi depresi penduduk usia ≥ 15 tahun. Selain itu, terdapat aktivitas edukasi melalui webinar series Hari Kesehatan Jiwa Sedunia 2025 yang diselenggarakan oleh Kementerian Kesehatan.","Program berjalan namun capaian layanannya masih jauh di bawah target, ditandai dengan capaian kinerja Cakupan Skrining Kesehatan Jiwa sebesar 10,8% dari target 10% (capaian kinerja 108%) sebagaimana termuat dalam LAKIP Direktorat Pelayanan Kesehatan Kelompok Rentan Tahun 2025, sementara indikator Persentase Depresi yang Mendapatkan Layanan baru terealisasi 0,7% dari target 5% sebagaimana termuat dalam LAKIP Direktorat Jenderal Kesehatan Primer dan Komunitas Tahun 2025. Adapun angka Prevalensi Depresi di umur ≥15 tahun masih merujuk hasil Survei Kesehatan Indonesia (SKI) 2023 sebesar 1,4% karena belum ada pengukuran survei baru pada 2025.",https://kesprimkom.kemkes.go.id/assets/uploads/contents/others/final_LAKIP_PK_YANKES_RENTAN_TA_2025.pdf,kesprimkom.kemkes.go.id,True,True,True,OK,,2,0,2,laporan kinerja 2025 Kementerian Kesehatan prevalensi depresi kesehatan mental | siaran pers Kementerian Kesehatan layanan kesehatan mental 2025,4191,232,4.85
20260918_113127,2026-09-18T11:46:09,gemma-4-26B-A4B-it,serper,0.0,90,524,Sosial,KEMENTERIAN PEMUDA DAN OLAHRAGA,KP 04.09.03 - Jumlah perolehan medali pada Youth Olympic Games,1 emas (2026),medali,True,False,False,False,90,siaran_pers,2025,"Program belum berjalan, ditandai dengan tidak adanya bukti pelaksanaan atau perolehan medali pada Youth Olympic Games di tahun 2025. Dokumen yang tersedia hanya menunjukkan target untuk tahun 2026 dan persiapan atlet untuk ajang lain seperti Asian Youth Games 2025.","Program berjalan, ditandai dengan terkonfirmasinya keikutsertaan kontingen Indonesia pada Asian Youth Games Tahun 2025 beserta tercatatnya perolehan medali sebanyak 28 medali dari target 1 sampai 2 medali (capaian 1.400%) sebagaimana dilaporkan dalam Laporan Kinerja Kemenpora Tahun 2025. Pelaksanaan dan hasil kegiatan juga terpublikasi melalui pemberitaan media nasional yang mengacu pada klasemen resmi penyelenggara, yang menempatkan Indonesia pada peringkat ke-15 dengan rincian empat emas, enam perak, dan 18 perunggu. Rincian pendukung per cabang olahraga tidak seluruhnya dipublikasikan dalam dokumen resmi.",https://ppid.kemenpora.go.id/cdn/uploads/informasi_berkala/2/0/9/PK%20DEPUTI%20BIDANG%20PENINGKATAN%20PRESTASI%20OLAHRAGA%202026.pdf,ppid.kemenpora.go.id,True,True,True,OK,,2,0,2,laporan kinerja 2025 Kemenpora jumlah perolehan medali Youth Olympic Games | kegiatan persiapan atlet Youth Olympic Games 2025 Kemenpora,3961,251,5.35
20260918_113127,2026-09-18T11:46:17,gemma-4-26B-A4B-it,serper,0.0,91,526,Sosial,KEMENTERIAN PEMUDA DAN OLAHRAGA,KP 04.09.03 - Jumlah perolehan medali pada Asian Youth Para Games,2025-12-15 00:00:00,medali,True,False,True,True,90,bps_setkab,2025,"Program berjalan, ditandai dengan adanya data capaian perolehan medali pada Asian Youth Para Games 2025 di Dubai yang tercatat dalam dashboard Satu Data Kemenpora. Data tersebut menunjukkan keterlibatan atlet dalam berbagai nomor pertandingan pada tahun 2025.","Program berjalan, ditandai dengan terkonfirmasinya pengiriman dan keikutsertaan kontingen para atlet muda Indonesia pada Asian Youth Para Games Tahun 2025 serta tercatatnya perolehan 89 medali dari target 12 sampai 15 medali (capaian 593,33%) dalam Laporan Kinerja Kemenpora Tahun 2025. Pelaksanaan kegiatan terpublikasi melalui laman resmi organisasi keolahragaan dan pemberitaan media nasional sepanjang penyelenggaraan, yang mencatat perolehan medali Indonesia melampaui target awal kontingen. Angka perolehan yang dipublikasikan media umumnya bersifat sementara mengikuti perkembangan pertandingan, sehingga angka akhir mengacu pada laporan resmi Kemenpora.",https://satudata.kemenpora.go.id/dataset/detail/95/peringkat-dan-jumlah-perolehan-medali-pada-asian-youth-para-games,satudata.kemenpora.go.id,True,True,True,OK,,2,0,2,"laporan kinerja 2025 Kemenpora Asian Youth Para Games medali | site:kemenpora.go.id ""Asian Youth Para Games"" 2025",4031,224,7.6
20260918_113127,2026-09-18T11:46:24,gemma-4-26B-A4B-it,serper,0.0,92,527,Pendidikan,KEMENTERIAN PEMUDA DAN OLAHRAGA,KP 04.18.01 - Persentase pemuda mendapatkan pelatihan bersertifikat,"25,49",persen,True,False,True,True,95,siaran_pers,2025,"Program berjalan, ditandai dengan pelaksanaan pelatihan manajemen wisata olahraga oleh Kemenpora yang dijadwalkan pada Juli-Agustus 2025 dengan output pemberian sertifikat kepada peserta. Selain itu, terdapat dokumen Laporan Kinerja Deputi Bidang Pelayanan Kepemudaan Tahun Anggaran 2025 yang mencakup kegiatan pelatihan bersertifikat.","Program berjalan, ditandai dengan tersedianya pengukuran dan pelaporan capaian indikator pada Tahun 2025, dengan realisasi 15,72% dari target 25,49% (capaian 61,67%). Capaian masih berada di bawah target yang ditetapkan. Data pendukung indikator bersumber dari publikasi statistik kepemudaan yang dirilis secara nasional, sementara rincian sebaran pelatihan bersertifikat per wilayah maupun per penyelenggara belum dipublikasikan secara lengkap.",https://www.kemenpora.go.id/detail/6286/kemenpora-dorong-sdm-unggul-wisata-olahraga-lewat-pelatihan-manaj,www.kemenpora.go.id,True,True,True,OK,,2,0,2,"laporan kinerja 2025 Kemenpora pelatihan pemuda bersertifikat | site:kemenpora.go.id ""pelatihan"" ""sertifikat"" 2025",4097,246,6.75
20260918_113127,2026-09-18T11:46:30,gemma-4-26B-A4B-it,serper,0.0,93,528,Pendidikan,KEMENTERIAN PEMUDA DAN OLAHRAGA,KP 04.18.01 - Proporsi pemuda dengan keterampilan TIK,"96,96",persen,True,False,True,True,90,media,2025,"Program berjalan, ditandai dengan pelaksanaan pelatihan digital pemuda hasil kolaborasi Kemenpora dengan Asosiasi AI di 6 kota besar pada tahun 2025. Kemenpora juga secara resmi menyatakan penguatan literasi digital sebagai salah satu prioritas program kerja tahun 2025 untuk mendukung Asta Cita Presiden.","Program berjalan, ditandai dengan tersedianya pengukuran dan pelaporan capaian indikator pada Tahun 2025, dengan realisasi 97,73% dari target 96,96% (capaian 100,79%), sehingga target terlampaui. Angka indikator bersumber dari publikasi statistik kepemudaan nasional yang menghimpun data melalui Susenas Maret 2025, Sakernas Agustus 2025, serta data sekunder dari kementerian/lembaga. Rincian jenis keterampilan TIK yang diukur tidak diuraikan lebih lanjut dalam laporan capaian.",https://asosiasi.ai/pukau-generasi-muda-asosiasi-ai-hadirkan-pemberdayaan-digital-inklusif-dalam-pelatihan-digital-pemuda-2025/,asosiasi.ai,False,True,True,OK,,2,0,2,laporan kinerja 2025 Kemenpora keterampilan TIK pemuda | kegiatan Kemenpora literasi digital pemuda 2025,4024,234,6.73
20260918_113127,2026-09-18T11:46:38,gemma-4-26B-A4B-it,serper,0.0,94,530,Sosial,KEMENTERIAN PEMUDA DAN OLAHRAGA,KP 04.18.01 - Persentase pemuda berolahraga,"38,92",persen,True,False,True,True,95,siaran_pers,2025,"Program berjalan, ditandai dengan pelaksanaan Festival Olahraga Masyarakat Nasional (FORNAS) VIII Tahun 2025 di Nusa Tenggara Barat yang dibuka pada 26 Juli 2025. Selain itu, terdapat dokumen Laporan Kinerja Asisten Deputi Olahraga Masyarakat Tahun 2025 yang mencatat capaian kinerja sebesar 104,49%.","Program berjalan, ditandai dengan tersedianya pengukuran dan pelaporan capaian indikator pada Tahun 2025, dengan realisasi 59,05% dari target 38,92% (capaian 151,72%), sehingga target terlampaui secara signifikan. Indikator ini dilaporkan secara konsisten baik pada tabel kontribusi bidang kepemudaan maupun bidang keolahragaan dalam laporan yang sama, yang menunjukkan indikator digunakan sebagai capaian lintas bidang.",https://www.kemenpora.go.id/detail/6269/fornas-viii-2025-di-ntb-resmi-dibuka-momen-membudayakan-olahraga-sebagai-gaya-hidup-sehat,www.kemenpora.go.id,True,True,True,OK,,3,0,3,"laporan kinerja 2025 Kemenpora persentase pemuda berolahraga aktivitas fisik | siaran pers Kemenpora kegiatan olahraga pemuda 2025 aktivitas fisik | site:kemenpora.go.id ""olahraga masyarakat"" 2025",6295,300,7.93
20260918_113127,2026-09-18T11:46:43,gemma-4-26B-A4B-it,serper,0.0,95,531,Industri,KEMENTERIAN PEMUDA DAN OLAHRAGA,KP 04.18.02 - Persentase pemuda pekerja tidak penuh,31,persen,True,False,True,True,90,lkj,2025,"Program berjalan, ditandai dengan adanya Laporan Indeks Pembangunan Pemuda (IPP) 2025 yang mencantumkan indikator persentase pemuda pekerja tidak penuh sebagai bagian dari pengukuran capaian pembangunan pemuda. Dokumen tersebut menunjukkan bahwa indikator ini secara aktif dipantau dan dihitung dalam kerangka kebijakan pembangunan pemuda tahun 2025.","Program berjalan, ditandai dengan tersedianya pengukuran dan pelaporan capaian indikator pada Tahun 2025, dengan realisasi 32,51% dari target 31% dan dilaporkan sebagai capaian 105%. Perhitungan capaian tampak menggunakan rasio realisasi terhadap target, sehingga arah indikator perlu dicermati mengingat persentase pemuda bekerja tidak penuh yang lebih tinggi dari target tidak selalu berarti kondisi yang lebih baik. Penjelasan metode perhitungan dan interpretasi arah indikator belum diuraikan dalam tabel capaian.",https://satudata.kemenpora.go.id/cdn/uploads/produk/1/0/ok-laporan-ipp-2025_compressed.pdf,satudata.kemenpora.go.id,True,True,True,OK,,2,0,2,"laporan kinerja 2025 Kemenpora persentase pemuda pekerja tidak penuh | site:kemenpora.go.id ""persentase pemuda pekerja tidak penuh"" 2025",4035,243,5.09
20260918_113127,2026-09-18T11:46:51,gemma-4-26B-A4B-it,serper,0.0,96,532,Pangan,KEMENTERIAN PERTANIAN,PP 02.10 - Indeks Kesejahteraan Petani (IKP),0.7445,Indeks,True,False,True,True,90,bps_setkab,2025,"Program berjalan, ditandai dengan pelaksanaan program strategis Kementerian Pertanian seperti percepatan tanam, penyediaan pupuk bersubsidi, dan penguatan akses pasar untuk meningkatkan kesejahteraan petani pada tahun 2025. Selain itu, BPS sedang melakukan penyusunan Indeks Kesejahteraan Petani (IKP) melalui Survei Kesejahteraan Petani (SKP) yang dijadwalkan rilis pada Desember 2025.","Program, ditandai dengan terlaksananya Survei Kesejahteraan Petani (SKP) 2025 oleh BPS secara nasional dengan pendataan lapangan pada periode sekitar 15 September sampai 15 Oktober 2025, yang dipublikasikan melalui laman resmi BPS di berbagai daerah mulai dari rapat koordinasi persiapan, pelatihan petugas, pendataan rumah tangga usaha pertanian, hingga penyelesaian lapangan. BPS juga menyatakan IKP disusun dari enam dimensi dan 21 indikator, akan dirilis resmi pada 19 Desember 2025, dan Bappenas menegaskan IKP sebagai indikator utama RPJMN 2025-2029 dengan target 0,7445 pada 2025 dan 0,8599 pada 2029, konsisten dengan target di data Anda. Nilai realisasi IKP Tahun 2025 sendiri belum ditemukan dipublikasikan dalam Berita Resmi Statistik atau publikasi BPS yang dapat diakses.",https://jatim.bps.go.id/id/news/2025/10/01/388/bps-is-currently-compiling-the-farmer-welfare-index--ikp--through-the-farmer-welfare-survey--skp--.html,jatim.bps.go.id,True,True,True,OK,,2,0,2,laporan kinerja 2025 Kementerian Pertanian Indeks Kesejahteraan Petani IKP | siaran pers Kementerian Pertanian Indeks Kesejahteraan Petani 2025,3914,284,7.12
20260918_113127,2026-09-18T11:46:58,gemma-4-26B-A4B-it,serper,0.0,97,533,Industri,KEMENTERIAN PEMUDA DAN OLAHRAGA,KP 04.18.02 - Rasio Kewirausahaan Pemuda,"1,33",persen,True,False,True,True,90,bappenas,2025,"Program berjalan, ditandai dengan adanya Laporan Indeks Pembangunan Pemuda (IPP) 2025 yang mencantumkan indikator Rasio Kewirausahaan Pemuda sebagai komponen penilaian. Selain itu, Kemenpora telah melaksanakan kegiatan konkret seperti Grand Final Pikiran Terbaik Negeri 2025 yang mendukung pengembangan ide kreatif pemuda.","Program berjalan, ditandai dengan tersedianya pengukuran dan pelaporan capaian indikator pada Tahun 2025, dengan realisasi 1,17% dari target 1,33% (capaian 87,97%). Capaian belum mencapai target yang ditetapkan. Data pendukung bersumber dari publikasi statistik kepemudaan nasional, sementara rincian kontribusi program kewirausahaan pemuda per wilayah belum dipublikasikan.",https://satudata.kemenpora.go.id/cdn/uploads/produk/1/0/ok-laporan-ipp-2025_compressed.pdf,satudata.kemenpora.go.id,True,True,True,OK,,3,0,3,"laporan kinerja 2025 Kemenpora rasio kewirausahaan pemuda | siaran pers Kemenpora ""Rasio Kewirausahaan Pemuda"" 2025 | site:kemenpora.go.id ""Rasio Kewirausahaan Pemuda"" 2025",6116,273,7.93
20260918_113127,2026-09-18T11:47:05,gemma-4-26B-A4B-it,serper,0.0,98,534,Industri,KEMENTERIAN PEMUDA DAN OLAHRAGA,KP 04.18.02-Persentase pemuda penyandang disabilitas yang bekerja,"17,82",persen,True,False,True,True,90,bappenas,2025,"Program berjalan, ditandai dengan adanya dokumen Indeks Pembangunan Pemuda (IPP) 2025 yang mencantumkan indikator persentase pemuda penyandang disabilitas yang bekerja sebagai bagian dari pengukuran kinerja kepemudaan. Dokumen tersebut menunjukkan bahwa indikator ini telah masuk dalam kerangka pemantauan data nasional Kemenpora pada tahun 2025.","Program berjalan ditandai dengan Kemenpora aktif menjalankan program nyata bagi pemuda disabilitas: Pelatihan Kewirausahaan Pemuda Penyandang Disabilitas (Bogor, Agu 2025), Program BERDAYA (ToT pelatih disabilitas, Apr 2026), program AI Skilling bersama Plan Indonesia.",https://satudata.kemenpora.go.id/cdn/uploads/produk/1/0/ok-laporan-ipp-2025_compressed.pdf,satudata.kemenpora.go.id,True,True,True,OK,,2,0,2,"laporan kinerja 2025 Kemenpora persentase pemuda penyandang disabilitas yang bekerja | site:kemenpora.go.id ""persentase pemuda penyandang disabilitas yang bekerja"" 2025",4099,256,6.35
20260918_113127,2026-09-18T11:47:12,gemma-4-26B-A4B-it,serper,0.0,99,535,Industri,KEMENTERIAN PEMUDA DAN OLAHRAGA,KP 04.18.02- Rasio TPAK pemuda perempuan terhadap laki-laki,"66,3",persen,True,False,True,True,90,bappenas,2025,"Program berjalan, ditandai dengan adanya dokumen Laporan Indeks Pembangunan Pemuda (IPP) 2025 yang mencantumkan indikator Rasio TPAK pemuda perempuan sebagai bagian dari pengukuran capaian pembangunan pemuda. Dokumen tersebut menunjukkan bahwa indikator ini sedang dalam proses pemantauan dan pelaporan kinerja pada tahun berjalan.","Program berjalan ditandai dengan Ada rakor lintas K/L (Kemenko PMK, Kemenpora, Bappenas) yang secara eksplisit menyasar TPAK pemuda perempuan sebagai bagian domain IPP, plus program YES/AI Skilling khusus pemuda perempuan & disabilitas. Belum ditemukan program berdiri sendiri yang secara spesifik hanya mengejar rasio TPAK ini, tapi upaya pelaksanaan (rakor + program turunan) sudah berjalan.",https://satudata.kemenpora.go.id/cdn/uploads/produk/1/0/ok-laporan-ipp-2025_compressed.pdf,satudata.kemenpora.go.id,True,True,True,OK,,2,0,2,laporan kinerja 2025 Kemenpora rasio TPAK pemuda perempuan terhadap laki-laki | kegiatan Kemenpora 2025 peningkatan TPAK pemuda perempuan,4007,232,7.3
20260918_113127,2026-09-18T11:47:19,gemma-4-26B-A4B-it,serper,0.0,100,536,Sosial,KEMENTERIAN PEMUDA DAN OLAHRAGA,KP 04.18.03 Persentase pemuda (16-30 tahun) yang mengikuti kegiatan organisasi dalam 3 bulan terakhir,"5,65",persen,True,False,True,True,90,siaran_pers,2025,"Program berjalan, ditandai dengan adanya dokumen Laporan Indeks Pembangunan Pemuda 2025 dan pelaksanaan Workshop Fasilitasi Pemuda Pelopor di Tingkat Desa Inklusif Tahun 2025. Kegiatan ini merupakan bagian dari upaya Kemenpora dalam meningkatkan partisipasi pemuda dalam organisasi dan kegiatan sosial. Dokumen LKJ Deputi Bidang Pelayanan Kepemudaan TA 2025 juga menunjukkan adanya komponen pendukung untuk indikator tersebut.","Program berjalan ditandai dengan BPS bersama Kemenpora rutin menerbitkan Statistik Pemuda Indonesia dan Laporan Indeks Pembangunan Pemuda (IPP) yang mengukur partisipasi pemuda dalam kegiatan organisasi sebagai salah satu indikator domain partisipasi dan kepemimpinan. Laporan IPP 2025 telah dipublikasikan dengan metode baru yang diperluas hingga tingkat kabupaten/kota, meski capaian daerah pada indikator ini umumnya masih di bawah capaian nasional.",https://satudata.kemenpora.go.id/cdn/uploads/produk/1/0/ok-laporan-ipp-2025_compressed.pdf,satudata.kemenpora.go.id,True,True,True,OK,,2,0,2,laporan kinerja 2025 Kemenpora persentase pemuda mengikuti organisasi | siaran pers Kemenpora kegiatan organisasi pemuda 2025,4133,255,7.37
20260918_113127,2026-09-18T11:47:25,gemma-4-26B-A4B-it,serper,0.0,101,537,Industri,KEMENTERIAN PEMUDA DAN OLAHRAGA,KP 04.18.03 - Persentase pemuda yang menduduki posisi manajerial,"1,48",persen,True,False,True,True,90,lkj,2025,"Program berjalan, ditandai dengan adanya Laporan Indeks Pembangunan Pemuda (IPP) 2025 yang mencantumkan indikator persentase pemuda yang menduduki posisi manajerial sebagai bagian dari domain inklusivitas. Dokumen tersebut menunjukkan bahwa Kemenpora melakukan pemantauan dan pelaporan terhadap indikator ini pada tahun 2025 menggunakan data Sakernas.","Program berjalan ditandai dengan Kemenpora menjalankan program kaderisasi kepemimpinan pemuda: TALENTA MUDA/PKPMN (kerja sama dengan Lemhannas), kerja sama dengan PII, dan program lain di bawah domain 'partisipasi dan kepemimpinan' IPP.",https://satudata.kemenpora.go.id/cdn/uploads/produk/1/0/ok-laporan-ipp-2025_compressed.pdf,satudata.kemenpora.go.id,True,True,True,OK,,2,0,2,"laporan kinerja 2025 Kemenpora persentase pemuda menduduki posisi manajerial | site:kemenpora.go.id ""posisi manajerial"" 2025",4071,250,5.68
20260918_113127,2026-09-18T11:47:29,gemma-4-26B-A4B-it,serper,0.0,102,542,Sosial,KEMENTERIAN PEMUDA DAN OLAHRAGA,KP 04.21.02 - Jumlah tenaga keolahragaan cabang olahraga olimpiade dan paralimpiade bersertifikasi internasional,250,orang,True,False,True,True,90,lkj,2025,"Program berjalan, ditandai dengan adanya data capaian pada Satu Data Kemenpora yang mencatat jumlah tenaga keolahragaan cabang olahraga Olimpiade dan Paralimpiade bersertifikasi internasional pada tahun 2025. Selain itu, terdapat laporan kegiatan pelatihan wasit dan juri cabang olahraga dalam kerangka DBON yang tercantum dalam Laporan Tahunan Kemenpora 2025.","Program berjalan ditandai dengan Program berjalan. Kemenpora aktif menyelenggarakan sertifikasi tenaga keolahragaan bertaraf internasional, di antaranya sertifikasi 200 pelatih paralimpiade bersama NPC Indonesia (Mei 2026) dan World Aquatics Certification Course bersama PB Akuatik Indonesia di Bali (Agustus 2026) untuk cabang olahraga olimpiade dan paralimpiade.",https://satudata.kemenpora.go.id/dataset/detail/112/jumlah-tenaga-keolahragaan-cabang-olahraga-olimpiade-dan-paralimpiade-bersertifikasi-internasional,satudata.kemenpora.go.id,True,True,True,OK,,1,0,1,laporan kinerja 2025 Kemenpora jumlah tenaga keolahragaan cabang olahraga olimpiade dan paralimpiade bersertifikasi internasional,2249,232,4.18
20260918_113127,2026-09-18T11:47:36,gemma-4-26B-A4B-it,serper,0.0,103,548,Sosial,KEMENTERIAN PEMUDA DAN OLAHRAGA,KP 04.21.04- Kejuaraan dunia cabang olahraga unggulan olimpiade dan paralimpiade yang diikuti/terselenggara,20,kegiatan,True,False,True,True,95,lkj,2025,"Program berjalan, ditandai dengan data Satu Data Kemenpora yang mencatat adanya 35 kejuaraan dunia cabang olahraga unggulan olimpiade dan paralimpiade yang diikuti/terselenggara pada tahun 2025. Data tersebut dikelola oleh Asisten Deputi Olahragawan Elit sebagai bagian dari capaian kinerja tahunan. Bukti pelaksanaan ini tersedia dalam dataset resmi kementerian.","Program berjalan ditandai dengan Atlet Indonesia aktif mengikuti kejuaraan dunia cabang olahraga unggulan, seperti meraih gelar juara umum pada World Para Athletics Grand Prix 2026 di Tunisia. Indonesia juga menjadi tuan rumah Kejuaraan Dunia Senam Artistik 2025 di Jakarta serta berbagai kejuaraan dunia BWF dan lainnya.",https://satudata.kemenpora.go.id/dataset/detail/113/kejuaraan-dunia-cabang-olahraga-unggulan-olimpiade-dan-paralimpiade-yang-diikuti-terselenggara,satudata.kemenpora.go.id,True,True,True,OK,,2,0,2,laporan kinerja 2025 Kemenpora kejuaraan dunia cabang olahraga unggulan olimpiade paralimpiade | site:kemenpora.go.id kejuaraan dunia cabang olahraga unggulan olimpiade paralimpiade 2025,3956,277,6.9
20260918_113127,2026-09-18T11:47:42,gemma-4-26B-A4B-it,serper,0.0,104,549,Sosial,KEMENTERIAN PEMUDA DAN OLAHRAGA,KP 04.22.01- Persentase penduduk usia sekolah (7-18 tahun) yang melakukan olahraga seminggu terakhir,"69,06",persen,True,False,True,True,85,media,2025,"Program berjalan, ditandai dengan pelaksanaan Pekan Olahraga Pelajar Nasional (POPNAS) XVII dan Pekan Paralimpik Pelajar Nasional (PEPARPENAS) XI pada tahun 2025. Kegiatan ini merupakan bentuk nyata pembinaan olahraga bagi kelompok usia sekolah yang relevan dengan indikator persentase penduduk usia sekolah yang berolahraga.","Program berjalan ditandai dengan Kemenpora bersama Kemenko PMK aktif menjalankan kampanye peningkatan aktivitas olahraga penduduk usia sekolah melalui Gerakan Masyarakat Aktif dan Bugar (GEMAR) yang menyasar target nasional RPJMN 2025-2029 sebesar 47,5% penduduk berolahraga dalam seminggu terakhir pada 2029.",https://www.instagram.com/p/DQ12AR4khdb/,www.instagram.com,False,True,True,OK,,2,0,2,laporan kinerja 2025 Kemenpora persentase penduduk usia sekolah olahraga | siaran pers Kemenpora kegiatan olahraga pelajar 2025,3900,205,5.74
20260918_113127,2026-09-18T11:47:48,gemma-4-26B-A4B-it,serper,0.0,105,550,Sosial,KEMENTERIAN PEMUDA DAN OLAHRAGA,KP 04.22.01 - Persentase penduduk penyandang disabilitas usia 5 tahun ke atas yang melakukan olahraga seminggu terakhir,"11,67",persen,True,False,True,True,90,siaran_pers,2025,"Program berjalan, ditandai dengan pelaksanaan ASEAN Para Games 2025 di Thailand yang melibatkan partisipasi atlet penyandang disabilitas Indonesia. Kemenpora juga menunjukkan komitmen pembinaan melalui kolaborasi dengan NPC Indonesia untuk mendukung hak dan kesetaraan olahraga bagi disabilitas pada tahun 2025.","Program berjalan ditandai dengan Kemenpora bersama NPC Indonesia aktif menjalankan program sertifikasi pelatih olahraga disabilitas dan penyusunan skema sertifikasi, termasuk Training of Trainers Penggerak Olahraga Disabilitas 'BERDAYA' di Bogor (Agustus 2026) dengan 122 peserta, sebagai bagian dari upaya meningkatkan partisipasi olahraga penyandang disabilitas.",https://www.kemenpora.go.id/detail/6578/asean-para-games-2025-thailand-resmi-berakhir-atlet-indonesia-ba,www.kemenpora.go.id,True,True,True,OK,,2,0,2,laporan kinerja 2025 Kemenpora persentase penyandang disabilitas olahraga | site:kemenpora.go.id kegiatan olahraga penyandang disabilitas 2025,4102,234,5.81
20260918_113127,2026-09-18T11:47:51,gemma-4-26B-A4B-it,serper,0.0,106,551,Sosial,KEMENTERIAN PEMUDA DAN OLAHRAGA,KP 04.22.02 - Persentase provinsi yang menyelenggarakan kampanye olahraga,100,persen,True,False,True,True,90,lkj,2025,"Program berjalan, ditandai dengan pelaksanaan kegiatan Aktivasi Olahraga Masyarakat dan penyusunan Senam Bugar untuk Kampanye Olahraga Masyarakat pada Juli 2025 oleh Asisten Deputi Olahraga Masyarakat Kemenpora. Kegiatan ini merupakan bagian dari upaya kampanye olahraga yang melibatkan partisipasi dari berbagai provinsi.","Program berjalan ditandai dengan Kampanye olahraga diselenggarakan di berbagai provinsi melalui Festival Olahraga Masyarakat Nasional (FORNAS) VIII 2025 di NTB yang melibatkan 12 ribu pegiat dari 37 provinsi, serta program rutin GEMAR dan Kejuaraan Tarkam Kemenpora yang menjangkau daerah secara nasional.",https://ppid.kemenpora.go.id/uploads/dip_informasi_berkala/1/6/3/Laporan%20Kinerja%20Asisten%20Deputi%20Olahraga%20Masyarakat%20Tahun%202025.pdf,ppid.kemenpora.go.id,True,True,True,OK,,1,0,1,laporan kinerja 2025 Kemenpora kampanye olahraga provinsi,2197,214,3.31
20260918_113127,2026-09-18T11:47:56,gemma-4-26B-A4B-it,serper,0.0,107,554,Birokrasi,KOMISI PEMBERANTASAN KORUPSI,KP 07.05.01 - Nilai dimensi internal (Indeks Integritas Nasional),"81,30",Indeks,True,False,True,True,95,media,2025,"Program berjalan, ditandai dengan rilisnya hasil Survei Penilaian Integritas (SPI) 2025 oleh KPK yang mencatat Indeks Integritas Nasional berada pada angka 72,32. Kegiatan survei ini merupakan instrumen utama untuk mengukur dimensi integritas di berbagai instansi pemerintah pada tahun 2025.","Program berjalan ditandai dengan KPK secara rutin melaksanakan Survei Penilaian Integritas (SPI) sebagai instrumen pengukuran Indeks Integritas Nasional. Hasil SPI 2025 telah dipublikasikan resmi pada peringatan Hakordia 9 Desember 2025 dengan skor nasional 72,32 (naik dari 71,53 di 2024), melibatkan 657 institusi dan lebih dari 837 ribu responden.",https://bantenprov.go.id/berita/kpk-rilis-spi-2025-banten-lampaui-rata-rata-nasional,bantenprov.go.id,True,True,True,OK,,1,0,1,laporan kinerja 2025 KPK Indeks Integritas Nasional dimensi internal,2213,195,4.99
20260918_113127,2026-09-18T11:48:02,gemma-4-26B-A4B-it,serper,0.0,108,557,Pertahanan,BADAN NASIONAL PENANGGULANGAN BENCANA,KP 08.04.01 - Persentase daerah yang memiliki tingkat kapasitas penanggulangan bencana minimal pada kategori sedang,67,persen,True,False,True,True,95,lkj,2025,"Program berjalan, ditandai dengan adanya dokumen Laporan Kinerja (LKj) BNPB 2025 yang mencantumkan capaian indikator persentase daerah dengan kapasitas penanggulangan bencana minimal kategori sedang. Selain itu, terdapat laporan kegiatan penguatan sistem peringatan dini dan respon darurat yang dilakukan sepanjang tahun 2025.","Program berjalan ditandai dengan Laporan Kinerja (LAKIP) BNPB 2025 - dokumen resmi realisasi kinerja, BUKAN rencana - melaporkan angka riil: target 67%, CAPAIAN AKTUAL hanya 50% (74,63% dari target). Ini bukti realisasi konkret namun MASIH DI BAWAH TARGET 2025. Realisasi ditandai FALSE karena capaian belum mencapai target meski aktivitas terverifikasi nyata.",https://bnpb.go.id/storage/app/media/Lakip%20BNPB%202025%20-%20R1_compressed.pdf,bnpb.go.id,True,True,True,OK,,2,0,2,laporan kinerja 2025 BNPB persentase daerah kapasitas penanggulangan bencana minimal kategori sedang | siaran pers BNPB peningkatan kapasitas penanggulangan bencana daerah 2025,3954,239,6.02
20260918_113127,2026-09-18T11:48:07,gemma-4-26B-A4B-it,serper,0.0,109,558,Pertahanan,BADAN NASIONAL PENANGGULANGAN BENCANA,KP 08.04.02 - Persentase cakupan layanan peringatan dini di daerah beresiko bencana,"6,10",persen,True,False,True,True,95,lkj,2025,"Program berjalan, ditandai dengan laporan capaian kinerja BNPB tahun 2025 yang mencatat persentase cakupan layanan peringatan dini di daerah berisiko bencana telah mencapai target 6,10%. Dokumen LKj BNPB 2025 secara spesifik menyebutkan indikator ini diampu oleh Direktorat Peringatan Dini.","Program berjalan ditandai dengan BMKG meresmikan command center MHEWS (Multi-Hazard Early Warning System) pada 2025 yang mengintegrasikan InaTEWS dengan cakupan regional ASEAN & Pasifik - bukti ekspansi nyata sistem peringatan dini. Namun angka spesifik 'cakupan layanan peringatan dini di daerah berisiko' (skala 6,00->6,10, kemungkinan indeks bukan persentase) belum ditemukan datanya yang bisa dicocokkan langsung dengan target. Realisasi ditandai FALSE sampai angka resmi ditemukan.",https://bnpb.go.id/storage/app/media/Lakip%20BNPB%202025%20-%20R1_compressed.pdf,bnpb.go.id,True,True,True,OK,,1,0,1,laporan kinerja 2025 BNPB persentase cakupan layanan peringatan dini di daerah beresiko bencana,2222,208,4.46
20260918_113127,2026-09-18T11:48:12,gemma-4-26B-A4B-it,serper,0.0,110,561,Infrastruktur,KEMENTERIAN KOORDINATOR BIDANG PANGAN,Indeks Kualitas Lingkungan Hidup,"76,49",Indeks,True,False,True,True,90,siaran_pers,2025,"Program berjalan, ditandai dengan adanya Peraturan Menko Pangan Nomor 1 Tahun 2025 yang menetapkan IKLH sebagai indikator kinerja strategis dan upaya percepatan pemanfaatan dana lingkungan hidup untuk pembangunan hijau. Kemenko Pangan juga melakukan kegiatan pengawasan lingkungan sebagai bentuk dukungan terhadap pelestarian alam dan ketahanan pangan pada tahun 2025.","Program berjalan ditandai dengan TERLAMPAUI dari target: Laporan Kinerja Kementerian Lingkungan Hidup/Badan Pengendalian Lingkungan Hidup 2025 melaporkan capaian IKLH nasional 78,58 - MELAMPAUI target tahunan 76,49 - dan merupakan kelanjutan tren kenaikan IKLH yang konsisten melampaui target sejak 2020 (BPS mencatat pola serupa setiap tahun). Data resmi, terverifikasi kuat, bukan estimasi.",https://peraturan.bpk.go.id/Download/403937/Peraturan%20Menko%20Pangan%20Nomor%201%20Tahun%202025.pdf,peraturan.bpk.go.id,True,True,True,OK,,2,0,2,laporan kinerja 2025 Kemenko Pangan Indeks Kualitas Lingkungan Hidup | kegiatan Kemenko Pangan 2025 Indeks Kualitas Lingkungan Hidup,4169,263,5.7
20260918_113127,2026-09-18T11:48:24,gemma-4-26B-A4B-it,serper,0.0,111,569,Sosial,BADAN NASIONAL PENGELOLA PERBATASAN,KP 06.07.05 - Persentase desa maju dan mandiri di 22 Pusat Pertumbuhan Kawasan Perbatasan,"45,56",persen,True,False,False,False,75,tidak_ada,2025,"Program belum berjalan, ditandai dengan tidak ditemukannya dokumen laporan kinerja (LKj) atau siaran pers resmi BNPP tahun 2025 yang secara spesifik melaporkan pelaksanaan kegiatan atau capaian indikator persentase desa maju dan mandiri di 22 pusat pertumbuhan. Hasil pencarian hanya menunjukkan dokumen rencana atau informasi umum mengenai status Indeks Desa Membangun (IDM) secara luas tanpa keterkaitan langsung dengan realisasi program BNPP pada tahun 2025.","Program berjalan ditandai dengan BNPP RI aktif melaksanakan pemantauan dan evaluasi capaian desa maju dan mandiri di kawasan perbatasan melalui Indeks Pembangunan Kawasan Perbatasan (IPKP) 2025 dan Rakorendal 2025 (18-19 November 2025) yang dihadiri 18 gubernur kawasan perbatasan, dengan sejumlah kawasan seperti Sabang dan Jayapura mencatatkan capaian nilai B.",https://bnpp.go.id,bnpp.go.id,True,False,True,OK,,3,1,3,"laporan kinerja 2025 Badan Nasional Pengelola Perbatasan desa maju mandiri | Badan Nasional Pengelola Perbatasan program pengembangan desa maju mandiri 2025 | site:bnpp.go.id ""desa maju"" mandiri 2025",5876,267,11.53
20260918_113127,2026-09-18T11:48:30,gemma-4-26B-A4B-it,serper,0.0,112,577,Pertahanan,BADAN NASIONAL PENANGGULANGAN TERORISME,KP 02.04.04 - Indeks Risiko Terorisme (Target),"51,77",Indeks,True,False,True,True,90,siaran_pers,2025,"Program berjalan, ditandai dengan adanya kegiatan finalisasi penelitian, pengkajian, dan survei Indeks Risiko Terorisme oleh BNPT yang tercatat pada Mei 2025. Kegiatan ini merupakan bagian dari upaya teknis untuk memetakan tingkat risiko terorisme sesuai target indikator. Bukti pelaksanaan survei dan pengkajian ini terkonfirmasi melalui dokumen resmi JDIH BNPT.","Program berjalan ditandai dengan BNPT melaporkan tren POSITIF sepanjang 2025: Indonesia mengalami ZERO terrorist attack selama 2 tahun berturut-turut, kelompok Jemaah Islamiyah (JI) resmi dibubarkan (30 Juni 2025), dan skor World Terrorism Index membaik dari 18 (2024) menjadi 15 (2025, semakin rendah = semakin aman). Meski indeks domestik BNPT (skala RPJMN, baseline 51,87) tidak persis sama dengan indeks internasional yang dikutip, tren penurunan risiko terorisme terkonfirmasi kuat lewat berbagai indikator resmi & independen - realisasi ditandai TRUE.",https://jdih.bnpt.go.id/preview/rEtkdShfP/id,jdih.bnpt.go.id,True,True,True,OK,,2,0,2,laporan kinerja 2025 BNPT indeks risiko terorisme | survei indeks risiko terorisme 2025 BNPT [site:bnpt.go.id],3896,233,6.33
20260918_113127,2026-09-18T11:48:36,gemma-4-26B-A4B-it,serper,0.0,113,580,Birokrasi,BADAN PENGAWAS PEMILIHAN UMUM,"KP 01.03.02 - Persentase hasilpenindakan pelanggaran pemilu yang cepat, tanpa biaya, aksesibel, mudah dimengerti, dan akuntabel",0,persen,True,False,True,True,90,siaran_pers,2025,"Program berjalan, ditandai dengan adanya kegiatan rapat pembinaan penanganan dan penindakan pelanggaran oleh Bawaslu Kabupaten Belitung Timur pada Oktober 2025. Selain itu, terdapat laporan kinerja Bawaslu di berbagai daerah (seperti Kabupaten Tegal dan Pasaman Barat) yang secara spesifik mencantumkan sasaran kinerja peningkatan kualitas penindakan pelanggaran pemilu pada tahun 2025.","Program berjalan ditandai dengan Bawaslu telah mengoperasikan sistem penindakan pelanggaran pemilu yang cepat, daring, dan aksesibel melalui aplikasi Sigap Lapor (Sistem Informasi Penanganan Pelanggaran Pemilu dan Pelaporan). Laporan Kinerja Instansi Bawaslu Triwulan IV 2025 turut menunjukkan realisasi indikator penanganan dan penindakan pelanggaran mencapai progres 100% dari target.",https://beltimkab.bawaslu.go.id/index.php/berita/bawaslu-beltim-hadiri-rapat-pembinaan-penanganan-dan-penindakan-pelanggaran-penguatan,beltimkab.bawaslu.go.id,True,True,True,OK,,2,0,2,"laporan kinerja 2025 Bawaslu penindakan pelanggaran pemilu | site:bawaslu.go.id ""penindakan pelanggaran"" 2025",4239,263,5.82
20260918_113127,2026-09-18T11:48:41,gemma-4-26B-A4B-it,serper,0.0,114,586,Pangan,BADAN KARANTINA INDONESIA,KP 02.10.13 - Persentase wilayah terkendali dari Organisme Penggangu Tumbuhan Karantina (OPTK),85,persen,True,False,True,True,90,lkj,2025,"Program berjalan, ditandai dengan adanya laporan realisasi temuan OPTK (Organisme Pengganggu Tumbuhan Karantina) pada tahun 2025 serta tindakan konkret berupa pemusnahan komoditas yang terkontaminasi OPTK di berbagai wilayah. Dokumen laporan kinerja tahun 2025 mencatat adanya tindak lanjut terhadap temuan OPTK di tempat pemasukan dan pengeluaran.","Program berjalan ditandai dengan Badan Karantina Indonesia mempublikasikan Laporan Kinerja (LAKIN) triwulanan resmi per Balai Karantina Hewan, Ikan dan Tumbuhan (BKHIT) di berbagai daerah (Sumut, Riau, Sulteng, Kaltim, Papua Barat Daya, NAD, Sulsel, dll) - dokumen realisasi konkret dengan data target vs capaian riil per triwulan, BUKAN rencana. Sistem pemantauan OPTK secara nasional terkonfirmasi aktif berjalan (Seminar Nasional Pemantauan OPTK tahunan). Namun angka agregat nasional persentase 'wilayah terkendali dari OPTK' (target 85%) belum ditemukan sebagai satu angka tunggal.",https://karantinaindonesia.go.id/repository/main-web/performance-reports/01KWZTERV6N4T7JBGPM9894HRF.pdf,karantinaindonesia.go.id,True,True,True,OK,,2,0,2,"laporan kinerja 2025 Badan Karantina Indonesia persentase wilayah terkendali OPTK | site:karantinaindonesia.go.id ""OPTK"" 2025",4201,256,5.15
20260918_113127,2026-09-18T11:48:47,gemma-4-26B-A4B-it,serper,0.0,115,587,Infrastruktur,LEMBAGA PENYIARAN PUBLIK TELEVISI REPUBLIK INDONESIA,KP 03.02.01 - Jangkauan penyiaran televisi siaran digital terestial penerimaan tetap tidak berbayar (free to air) per populasi,74,persen,True,False,True,True,95,lkj,2025,"Program berjalan, ditandai dengan adanya Laporan Kinerja Instansi Pemerintah (LKj) LPP TVRI Tahun 2025 yang secara spesifik mencantumkan indikator Jangkauan Penyiaran Televisi Siaran Digital Terestrial sebagai indikator kinerja prioritas. Dokumen tersebut menunjukkan pelaksanaan kegiatan teknis untuk mencapai target jangkauan penyiaran digital pada tahun berjalan.","Program berjalan ditandai dengan Program Analog Switch Off (ASO) sudah TUNTAS secara nasional sejak akhir 2024 dengan klaim jangkauan 97% populasi (data Kominfo, per media Liputan6 Okt 2024) - infrastruktur multiplexing (MUX) terbangun luas (95 pemancar TVRI + 227 swasta). Namun ini angka gabungan TVRI+swasta, sementara indikator RPJMN spesifik untuk TVRI 'penerimaan tetap tidak berbayar (free to air)' (baseline 73,44%, target 74%) belum ditemukan sebagai angka terpisah dan terbaru (2025). Realisasi ditandai FALSE sampai angka spesifik TVRI dikonfirmasi.",https://ppid.tvri.go.id/storage/layanan/dokumen/1TxoZeZdCrL0yRMmFyVFZD1iwkzevzGvpBLjRj7x.pdf,ppid.tvri.go.id,True,True,True,OK,,2,0,2,"laporan kinerja 2025 LPP TVRI jangkauan penyiaran televisi siaran digital terestrial | site:tvri.go.id ""Laporan Kinerja"" 2025 jangkauan penyiaran digital",4203,268,6.09
20260918_113127,2026-09-18T11:48:51,gemma-4-26B-A4B-it,serper,0.0,116,588,Pertahanan,BADAN KEAMANAN LAUT,KP 02.06.01 - Persentase Kehadiran dalam forum-forum internasional terkait keamanan laut,50,persen,True,False,True,True,95,siaran_pers,2025,"Program berjalan, ditandai dengan kehadiran Bakamla RI dalam Coast Guard Global Summit 2025 di Roma, Italia dan partisipasi dalam agenda ASEAN Coast Guard Forum (ACF) 2025. Kegiatan ini menunjukkan pelaksanaan nyata diplomasi maritim sesuai indikator kehadiran dalam forum internasional. Bukti kegiatan konkret ini tercatat dalam siaran pers resmi Bakamla.","Program berjalan ditandai dengan Bakamla RI terkonfirmasi aktif hadir dan berperan di berbagai forum keamanan laut internasional sepanjang 2025-2026: ASEAN Coast Guard Forum (diinisiasi Bakamla sejak 2022), HACGAM (Head of Asian Coast Guard Agency Meeting), ReCAAP, SEAMLEI, serta koordinasi rutin dengan Jepang Coast Guard (JCG). Bukti partisipasi aktif dan berkelanjutan, bukan sekadar rencana.",https://www.bakamla.go.id/publication/detail_news/bakamla-ri-hadiri-coast-guard-global-summit-2025-di-roma-italia,www.bakamla.go.id,True,True,True,OK,,1,0,1,laporan kinerja 2025 Badan Keamanan Laut partisipasi forum internasional keamanan laut,2207,209,3.79
20260918_113127,2026-09-18T11:48:57,gemma-4-26B-A4B-it,serper,0.0,117,591,Pertahanan,BADAN KEAMANAN LAUT,KP 02.06.03 - Persentase kesesuaian rencana patroli nasional,100,persen,True,False,True,True,95,siaran_pers,2025,"Program berjalan, ditandai dengan pelaksanaan rapat proyeksi arah ancaman maritim dan rapat harmonisasi Rencana Patroli Nasional (RPN) 2025 yang dilakukan pada akhir 2024 untuk memastikan kesiapan operasional tahun 2025. Dokumen draft RPN 2025 telah disusun sebagai dasar pelaksanaan patroli nasional.","Program berjalan ditandai dengan Bakamla melaksanakan tiga jenis patroli secara rutin (mandiri sepanjang tahun, bersama instansi dalam negeri seperti TNI AL/KPLP/Polri/Bea Cukai/Imigrasi, dan bersama negara ASEAN) di seluruh zona barat-tengah-timur - bukti aktivitas patroli nyata dan berkelanjutan. Namun angka spesifik 'persentase kesesuaian rencana patroli nasional' (target 100%) belum ditemukan datanya secara terbuka - realisasi ditandai FALSE sampai angka resmi dikonfirmasi, meski aktivitas dasarnya terverifikasi berjalan.",https://www.bakamla.go.id/publication/detail_news/perkuat-koordinasi-keamanan-laut-bakamla-ri-adakan-rapat-harmonisasi-rpn-2025,www.bakamla.go.id,True,True,True,OK,,2,0,2,"laporan kinerja 2025 Badan Keamanan Laut rencana patroli nasional | site:bakamla.go.id ""Rencana Patroli Nasional"" 2025",4018,249,5.84
20260918_113127,2026-09-18T11:49:06,gemma-4-26B-A4B-it,serper,0.0,118,596,Kesehatan,KEMENTERIAN KESEHATAN,PP 04.14 - Jumlah kab/kota eliminasi rabies,430,kab/kota,True,False,True,True,90,siaran_pers,2025,"Program berjalan, ditandai dengan adanya kegiatan sosialisasi Tata Laksana Kasus Gigitan Hewan Penular Rabies (GHPR) tahun 2025 di wilayah Timur pada Maret 2025. Selain itu, Kementerian Kesehatan secara resmi mengeluarkan imbauan penguatan pencegahan rabies di masyarakat dan fasilitas kesehatan pada 20 Maret 2025.",Program berjalan ditandai dengan Program terintegrasi One Health aktif; terkendala cakupan vaksinasi hewan dan pelaporan pasca-gigitan (Dompu/TTS). Target eliminasi total 2030.,https://kemkes.go.id/id/tingkatkan-kewaspadaan-kemenkes-imbau-penguatan-pencegahan-rabies-di-masyarakat-dan-fasilitas-kesehatan,kemkes.go.id,True,True,True,OK,,3,0,3,laporan kinerja 2025 Kementerian Kesehatan eliminasi rabies kab/kota | sosialisasi tata laksana kasus gigitan hewan penular rabies tahun 2025 kemenkes | kegiatan pencegahan rabies kementerian kesehatan 2025,6178,281,9.56
20260918_113127,2026-09-18T11:49:13,gemma-4-26B-A4B-it,serper,0.0,119,598,Sosial,BADAN PEMBINAAN IDEOLOGI PANCASILA,KP 01.01.02 - Indeks Aktualisasi Pancasila - Pengamalan Sila 2 Kemanusiaan yang Adil dan Beradab,83,Indeks,True,False,True,True,95,siaran_pers,2025,"Program berjalan, ditandai dengan adanya laporan capaian Indeks Aktualisasi Pancasila (IAP) tahun 2025 yang menunjukkan angka 77,73 sebagai hasil pengukuran berbasis data. BPIP secara aktif melakukan pengukuran berkala terhadap indikator-indikator dalam IAP, termasuk indikator yang mencakup sila kedua.","Program berjalan ditandai dengan BPIP secara rutin melaksanakan pengukuran Indeks Aktualisasi Pancasila (IAP) tahunan melalui kerja sama dengan BPS, dengan target resmi pada dokumen kinerja BPIP 2025 sebesar 79,37 dan terus dipantau melalui Direktorat Evaluasi termasuk survei terkait Pengamalan Sila 2.",https://bpip.go.id/berita/bpip-catat-capaian-2025-penguatan-pancasila-kian-terukur,bpip.go.id,True,True,True,OK,,2,0,2,"laporan kinerja 2025 Badan Pembinaan Ideologi Pancasila Indeks Aktualisasi Pancasila Sila 2 | site:bpip.go.id ""Indeks Aktualisasi Pancasila"" 2025",4273,243,6.4
20260918_113127,2026-09-18T11:49:22,gemma-4-26B-A4B-it,serper,0.0,120,601,Sosial,LEMBAGA PERLINDUNGAN SAKSI DAN KORBAN,KP 07.02.02 - Indeks Perlindungan Saksi dan Korban,81,Indeks,True,False,True,True,95,media,2025,"Program berjalan, ditandai dengan LPSK menerima 13.027 permohonan perlindungan sepanjang tahun 2025 dan memfasilitasi 5.576 layanan restitusi. Kegiatan teknis ini merupakan bagian dari upaya pencapaian indeks perlindungan saksi dan korban melalui layanan pendampingan dan hak korban. Bukti pelaksanaan ini tercatat dalam laporan kinerja dan siaran pers resmi LPSK.","Program berjalan ditandai dengan LPSK aktif menjalankan layanan perlindungan saksi dan korban meski mengalami efisiensi anggaran signifikan pada 2025; jumlah permohonan perlindungan yang diterima naik 27,51% menjadi 13.027 permohonan dibanding 10.217 pada 2024, menunjukkan layanan tetap berjalan dan diakses masyarakat.",https://www.facebook.com/humasLPSK/posts/sepanjang-tahun-2025-lembaga-perlindungan-saksi-dan-korban-lpsk-menerima-13027-p/1281401624175214/,www.facebook.com,False,True,True,OK,,3,0,3,laporan kinerja 2025 LPS Lembaga Perlindungan Saksi dan Korban Indeks Perlindungan Saksi dan Korban | site:lpsk.go.id kegiatan perlindungan saksi korban 2025 pendampingan hukum layanan korban | LPSK menerima 13.027 permohonan perlindungan dari masyarakat sepanjang tahun 2025,5755,339,9.39
20260918_113127,2026-09-18T11:49:29,gemma-4-26B-A4B-it,serper,0.0,121,605,Industri,BADAN RISET DAN INOVASI NASIONAL,KP 02.16.05 - Jumlah penerapan bioteknologi yang dimanfaatkan untuk pengembangan bioprospeksi,50,produk,True,False,True,True,85,siaran_pers,2025,"Program berjalan, ditandai dengan adanya aktivitas riset berkelanjutan pada Kelompok Riset Bioprospeksi dan Kemoprospeksi di bawah Pusat Riset Bahan Baku Obat dan Obat Tradisional BRIN yang tercatat aktif pada tahun 2025. Selain itu, terdapat penguatan riset bioprospeksi tanaman untuk bahan baku obat sebagai bagian dari strategi pengelolaan keanekaragaman hayati nasional.","Program berjalan ditandai dengan BRIN aktif melakukan riset bioprospeksi (kolaborasi dgn Unsoed, Kemenhut untuk bioprospeksi flora kawasan konservasi, riset bioprospeksi keong darat, makroalga, dst) â€” program riset berjalan meski produk komersialnya masih bertahap.",https://brin.go.id/ork/pusat-riset-bahan-baku-obat-dan-obat-tradisional/page/kelompok-riset-bioprospeksi-dan-kemoprospeksi,brin.go.id,True,True,True,OK,,3,0,3,"laporan kinerja 2025 BRIN bioteknologi bioprospeksi | siaran pers BRIN penerapan bioteknologi bioprospeksi 2025 | site:brin.go.id ""bioprospeksi"" 2025",6446,300,6.87
20260918_113127,2026-09-18T11:49:33,gemma-4-26B-A4B-it,serper,0.0,122,611,Industri,BADAN RISET DAN INOVASI NASIONAL,KP 04.08.02 - Jumlah BRIDA/ ekosistem daerah yang beroperasi optimal,2,lembaga,True,False,True,True,95,siaran_pers,2025,"Program berjalan, ditandai dengan pelaksanaan kegiatan Apresiasi BRIDA/BAPPERIDA Optimal 2025 dan Forum Koordinasi Riset dan Inovasi Daerah (FKRID) 2025 oleh BRIN. BRIN telah menetapkan 39 BRIDA/BAPPERIDA sebagai penerima apresiasi optimal pada tahun 2025 sebagai bagian dari upaya penguatan ekosistem riset daerah.","Program berjalan ditandai dengan BRIDA sudah beroperasi di berbagai daerah (Jateng, Sulteng, Medan, Bengkalis, Sultra, dll) dengan aktivitas nyata: verifikasi teknologi, bimtek, sinkronisasi RIPJ PID-RPJMD, dan pembentukan 'Rumah Inovasi Daerah'.",https://www.brin.go.id/news/124706/brin-dorong-optimalisasi-bridabapperida-2025-untuk-perkuat-ekosistem-riset-daerah,www.brin.go.id,True,True,True,OK,,1,0,1,laporan kinerja 2025 BRIN jumlah BRIDA ekosistem daerah beroperasi optimal,2245,230,4.4
20260918_113127,2026-09-18T11:49:37,gemma-4-26B-A4B-it,serper,0.0,123,612,Industri,BADAN RISET DAN INOVASI NASIONAL,KP 04.08.02 - Jumlah penerimaan dari pemanfaatan iptek dan inovasi di BRIN,20,miliar rupiah,True,False,True,True,90,siaran_pers,2025,"Program berjalan, ditandai dengan adanya kegiatan konkret BRIN pada Maret 2025 dalam membangun sistem label inovasi pada Katalog Elektronik bersama LKPP untuk memperkuat komersialisasi produk riset. Selain itu, BRIN secara aktif menjalankan pengembangan riset unggulan sepanjang tahun 2025 yang ditujukan untuk diseminasi dan pemanfaatan teknologi.","Program berjalan ditandai dengan BRIN menjalankan skema penerimaan dari pemanfaatan iptek: Pengujian Produk Inovasi (PPI) 2025, kerja sama lisensi/alih teknologi (FFAT), dan pelatihan valuasi KI bersama WIPO (Nov 2025) â€” mekanisme pemasukan sudah berjalan meski angka realisasi 2025 belum terpublikasi rinci.",https://brin.go.id/dpri/posts/kabar/brin-dan-lkpp-sinergi-bangun-sistem-label-inovasi-pada-katalog-elektronik-versi-6-untuk-perkuat-komersialisasi-produk-riset-dan-inovasi-dalam-negeri,brin.go.id,True,True,True,OK,,2,0,2,laporan kinerja 2025 BRIN jumlah penerimaan pemanfaatan iptek inovasi | siaran pers BRIN komersialisasi inovasi layanan riset 2025,4083,277,4.02
20260918_113127,2026-09-18T11:49:46,gemma-4-26B-A4B-it,serper,0.0,124,613,Industri,BADAN RISET DAN INOVASI NASIONAL,KP 04.08.02 - Jumlah hub iptekin di K/L yang mengampu bidang prioritas yang dibentuk,0,lembaga,True,False,False,False,85,media,2025,"Program belum berjalan, ditandai dengan target indikator untuk tahun 2025 adalah 0 lembaga dan tidak ditemukan bukti adanya pembentukan hub iptekin baru oleh BRIN pada tahun 2025 dalam dokumen publik yang tersedia. Hasil pencarian hanya menunjukkan koordinasi arah riset dan penyelarasan dengan RPJMN 2025-2029, bukan pelaksanaan pembentukan hub tersebut.","Program berjalan ditandai dengan Implementasi Hub Iptekin sudah berjalan, contoh: kerja sama BRINâ€“PTPN III (Agu 2026) yang eksplisit mencakup 'implementasi Hub Ilmu Pengetahuan, Teknologi, dan Inovasi (Hub Iptekin) sektor pangan'.",https://brin.go.id/news/126364/brin-selaraskan-arah-riset-dengan-prioritas-pembangunan-nasional,brin.go.id,True,False,True,OK,,3,1,3,"laporan kinerja 2025 BRIN jumlah hub iptekin bidang prioritas | site:brin.go.id ""hub iptekin"" atau ""pusat teknologi"" atau ""klaster inovasi"" 2025 | rencana kerja 2025 BRIN pembentukan hub iptekin bidang prioritas",5448,295,8.33
20260918_113127,2026-09-18T11:49:54,gemma-4-26B-A4B-it,serper,0.0,125,615,Industri,BADAN RISET DAN INOVASI NASIONAL,KP 04.08.03 - Jumlah produk hasil iptek dan inovasi strategis yang dimanfaatkan oleh pemerintah dan masyarakat pada bidang-bidang prioritas,25,produk,True,False,True,True,90,siaran_pers,2025,"Program berjalan, ditandai dengan pelaksanaan rapat koordinasi tim verifikasi untuk pelabelan inovasi pada Katalog Elektronik tahun 2025 yang dilakukan pada Maret 2025. Kegiatan ini merupakan bagian dari upaya pemanfaatan produk inovasi oleh pemerintah melalui mekanisme pengadaan barang/jasa. Selain itu, BRIN juga menjalankan program Pendampingan Usaha Mikro Berbasis Iptek (PUMI) untuk pemanfaatan hasil riset oleh masyarakat.","Program berjalan ditandai dengan BRIN memamerkan 150â€“200 produk inovasi dari 12 klaster riset strategis ke Presiden (Agu 2026), termasuk produk yang sudah dimanfaatkan nyata (unit pengolahan air darurat untuk bencana) â€” sejumlah produk sudah mulai dimanfaatkan meski sebagian masih tahap penyempurnaan.",https://brin.go.id/dpri/posts/kabar/koordinasi-tim-verifikasi-pengadaan-katalog-elektronik-2025-strategi-dan-langkah-ke-depan,brin.go.id,True,True,True,OK,,3,1,3,"laporan kinerja 2025 BRIN jumlah produk hasil iptek dan inovasi strategis | site:brin.go.id ""produk hasil iptek"" inovasi strategis 2025 | siaran pers BRIN pemanfaatan produk iptek inovasi strategis 2025",5564,314,8.41
20260918_113127,2026-09-18T11:50:00,gemma-4-26B-A4B-it,serper,0.0,126,616,Industri,BADAN RISET DAN INOVASI NASIONAL,KP 04.08.03 - Jumlah kerja sama pemanfaatan iptek dan inovasi strategi dengan industri/badan usaha pada bidang-bidang prioritas,25,kerja sama,True,False,True,True,90,siaran_pers,2025,"Program berjalan, ditandai dengan adanya kegiatan temu bisnis dan penjajakan kolaborasi teknologi (seperti pada Indo Defence 2025) yang melibatkan bentuk kerja sama joint research, co-development, dan lisensi teknologi antara BRIN dengan industri. Dokumen FAQ dan laporan kinerja Deputi Pemanfaatan Riset dan Inovasi juga menunjukkan aktivitas operasional pada tahun 2025.","Program berjalan ditandai dengan Kerja sama pemanfaatan iptek dengan industri berjalan, mis. MoU riset-inovasi BRINâ€“PTPN III (Agu 2026), forum alih teknologi FFAT untuk mitra industri.",https://brin.go.id/dpri/posts/kabar/brin-jajaki-peluang-kolaborasi-teknologi-militer-dalam-temu-bisnis-indo-defence-2025-1,brin.go.id,True,True,True,OK,,2,0,2,laporan kinerja 2025 BRIN kerja sama pemanfaatan iptek industri | siaran pers BRIN kerja sama industri 2025 pemanfaatan iptek inovasi,4068,260,6.06
20260918_113127,2026-09-18T11:50:04,gemma-4-26B-A4B-it,serper,0.0,127,627,Pangan,BADAN PANGAN NASIONAL,KP 02.10.15 - Persentase daerah rentan rawan pangan,"11,5",persen,True,False,True,True,95,siaran_pers,2025,"Program berjalan, ditandai dengan adanya publikasi hasil analisis Food Security and Vulnerability Atlas (FSVA) tahun 2025 oleh Badan Pangan Nasional. Data menunjukkan pemetaan wilayah tahan pangan dan rentan pangan pada 514 kabupaten/kota telah dilakukan pada tahun 2025.","Program berjalan ditandai dengan data resmi FSVA (Food Security and Vulnerability Atlas) 2025 dari Bapanas: 81 kabupaten/kota (15,76%) masih tergolong rentan rawan pangan, membaik dari 92 kab/kota (17,90%) di 2024 - REALISASI KONKRET dan TERUKUR. Namun angka 15,76% ini MASIH DI ATAS target 2025 (11,5%), meski trennya membaik.",https://pustaka.badanpangan.go.id/publikasi/f4f6dce2f3a0f9dada0c2b5b66452017,pustaka.badanpangan.go.id,True,True,True,OK,,1,0,1,laporan kinerja 2025 Badan Pangan Nasional persentase daerah rentan rawan pangan,2166,197,3.78
20260918_113127,2026-09-18T11:50:12,gemma-4-26B-A4B-it,serper,0.0,128,628,Pangan,BADAN PANGAN NASIONAL,"KP 02.10.15 - Prevalensi penduduk dengan kerawanan pangan sedang atau berat, berdasarkan pada skala pengalaman kerawanan pangan / Food Insecurity Experience Scale (FIES)","3,75",persen,True,False,True,True,90,siaran_pers,2025,"Program berjalan, ditandai dengan adanya hasil analisis Food Security and Vulnerability Atlas (FSVA) tahun 2025 yang memetakan wilayah tahan dan rawan pangan di tingkat kabupaten/kota. Badan Pangan Nasional juga menjalankan program Intervensi Pengendalian Kerawanan Pangan untuk memperkuat perlindungan masyarakat rentan pada tahun 2025.","Program berjalan ditandai dengan Laporan Kinerja (LKj) Badan Pangan Nasional Tahun 2025 (resmi, disahkan 25 Februari 2026) yang secara eksplisit melaporkan capaian indikator ini: Target 2025 sebesar 3,75%, dengan Realisasi 4% dan Capaian 93,33%. Angka ini juga dikonfirmasi berulang di beberapa bagian LKj (Ringkasan Eksekutif, Tabel 3.22-3.26, serta rincian per Satker Dekonsentrasi). Program sudah diukur dan dilaporkan resmi meski belum mencapai target penuh.",https://pustaka.badanpangan.go.id/publikasi/f4f6dce2f3a0f9dada0c2b5b66452017,pustaka.badanpangan.go.id,True,True,True,OK,,2,0,2,laporan kinerja 2025 Badan Pangan Nasional FIES kerawanan pangan | siaran pers Badan Pangan Nasional hasil analisis FSVA 2025 kerawanan pangan [site:badanpangan.go.id],4122,258,7.87
20260918_113127,2026-09-18T11:50:15,gemma-4-26B-A4B-it,serper,0.0,129,630,Pangan,BADAN PANGAN NASIONAL,KP 02.15.02 - Persentase pangan yang terselamatkan,2025-03-05 00:00:00,persen,True,False,True,True,90,siaran_pers,2025,"Program berjalan, ditandai dengan pelaksanaan Gerakan Selamatkan Pangan (GSP) oleh Badan Pangan Nasional untuk mengurangi Susut dan Sisa Pangan (SSP) atau Food Loss and Waste (FLW). Kegiatan ini secara konkret mendorong keterlibatan berbagai pihak dalam menciptakan sistem pangan yang lebih efisien sesuai amanat RPJMN 2025-2029.","Program berjalan ditandai dengan data resmi Open Data Badan Pangan Nasional (data.badanpangan.go.id) yang melaporkan realisasi 2025: 3.089 ton pangan terselamatkan, setara 4,17% â€” melampaui target 3,0% yang tercantum di LKj Bapanas 2025 (IKSP-5, cascading dari IKSS-2 FIES). CATATAN DATA CLEANING tetap berlaku: kolom target_2025/target_2029 pada baris asli rusak/salah format (tertulis sebagai tanggal, kemungkinan bug konversi Excel), namun target sebenarnya (3,0% untuk 2025) sudah dikonfirmasi silang dari LKj Bapanas 2025 sehingga realisasi bisa ditentukan.",https://pustaka.badanpangan.go.id/publikasi/caf1a3dfb505ffed0d024130f58c5cfa,pustaka.badanpangan.go.id,True,True,True,OK,,1,0,1,laporan kinerja 2025 Badan Pangan Nasional food loss penyelamatan pangan,2205,206,3.15
20260918_113127,2026-09-18T11:50:19,gemma-4-26B-A4B-it,serper,0.0,130,631,Pangan,BADAN PANGAN NASIONAL,KP 07.15.01 - Inflasi harga bergejolak,"3,00-5,00",persen,True,False,True,True,90,siaran_pers,2025,"Program berjalan, ditandai dengan laporan publikasi Badan Pangan Nasional yang mencatat realisasi inflasi pangan pada tahun 2025 sebesar 3,32 persen. Data ini menunjukkan adanya aktivitas pemantauan dan pengendalian harga pangan yang dilakukan sepanjang tahun 2025.","Program berjalan ditandai dengan data resmi BPS & Kemenko Perekonomian: rata-rata inflasi pangan (volatile food) sepanjang 2025 tercatat 3,32% - TEPAT BERADA dalam rentang target 2025 (3,00%-5,00%), turun dari 4,88% di 2024. Capaian ini didukung intervensi konkret Bapanas: Gerakan Pangan Murah di 11.968 lokasi (480 kab/kota), penyaluran SPHP beras 802,9 ribu ton, dan Fasilitasi Distribusi Pangan 118,3% dari target - realisasi kuat dan terverifikasi dari berbagai sumber resmi.",https://pustaka.badanpangan.go.id/publikasi/3dc4876f3f08201c7c76cb71fa1da439,pustaka.badanpangan.go.id,True,True,True,OK,,1,0,1,laporan kinerja 2025 Badan Pangan Nasional inflasi harga bergejolak,2228,190,3.82
20260918_113127,2026-09-18T11:50:32,gemma-4-26B-A4B-it,serper,0.0,131,634,Infrastruktur,OTORITA IBU KOTA NUSANTARA,KP 06.05.01 - Luas area Kawasan Inti Pusat Pemerintahan Ibu Kota Nusantara dan sekitarnya yang terbangun,800-850,ha,True,False,True,True,90,siaran_pers,2025,"Program berjalan, ditandai dengan pelaksanaan pembangunan fase kedua IKN pada tahun 2025 yang mencakup infrastruktur KIPP dan fasilitas hunian. Siaran pers resmi Otorita IKN pada Juni 2025 mengonfirmasi dimulainya pekerjaan fase kedua dan pelelangan proyek pembangunan skala besar di kawasan tersebut. Kunjungan lapangan pada September 2025 juga menunjukkan aktivitas fisik pembangunan infrastruktur yang sedang berlangsung di KIPP.","Program berjalan ditandai dengan Perpres Nomor 79 Tahun 2025 tentang Pemutakhiran RKP 2025 (diteken Presiden Prabowo, Sep 2025) MENEGASKAN ULANG target pembangunan Kawasan Inti Pusat Pemerintahan (KIPP) IKN 800-850 hektar untuk 2025 - dan pembangunan fisik terkonfirmasi AKTIF berjalan dengan kontrak konstruksi nyata: Otorita IKN telah meneken 20 dari 28 paket pekerjaan Tahap 2 (capaian 71%, per Des 2025), termasuk pembangunan kawasan legislatif seluas 41,81 ha. Bukti realisasi fisik konkret, bukan sekadar rencana di atas kertas.",https://ikn.go.id/storage/press-release/2025/20250620-siaran-pers-ikn-masuki-tahap-kedua-kepala-otorita-ikn-tegaskan-komitmen-dan-tata-kelola-pembangunan.pdf,ikn.go.id,True,True,True,OK,,3,0,3,"laporan kinerja 2025 Otorita Ibu Kota Nusantara luas area KIPP terbangun | siaran pers Otorita IKN pembangunan KIPP 2025 area terbangun | site:ikn.go.id ""KIPP"" ""terbangun"" 2025",6391,332,13.26
20260918_113127,2026-09-18T11:50:40,gemma-4-26B-A4B-it,serper,0.0,132,636,Infrastruktur,OTORITA IBU KOTA NUSANTARA,KP 06.05.01 - Persentase pembangunan hunian / rumah dan berkelanjutan,50,persen,True,False,True,True,95,siaran_pers,2025,"Program berjalan, ditandai dengan adanya siaran pers resmi pada 17 Mei 2025 mengenai komitmen pemerintah menyediakan hunian bagi masyarakat di IKN serta rencana pembangunan 109 unit hunian modern melalui skema KPBU pada Agustus 2025. Dokumen Renstra OIKN 2025-2029 juga mengonfirmasi fokus pembangunan hunian layak dan berkelanjutan pada periode tersebut.","Program berjalan ditandai dengan target 'persentase pembangunan hunian/rumah berkelanjutan di IKN mencapai 50%' DITEGASKAN ULANG secara eksplisit dalam Perpres 79/2025 (Sep 2025) sebagai bagian dari target resmi 2025, sejalan dengan alokasi RTRW IKN yang menetapkan 50% lahan KIPP untuk hunian berkelanjutan. Pembangunan rumah susun ASN sudah berjalan (Rusun ASN 1 dikunjungi tim evaluasi anggaran Kemenkeu, Sep 2025) - bukti fisik konkret meski persentase capaian pasti terhadap target 50% belum dirinci terpisah.",https://ikn.go.id/posts/wujudkan-kota-dunia-untuk-semua-pemerintah-komitmen-sediakan-hunian-bagi-masyarakat-di-ikn,ikn.go.id,True,True,True,OK,,3,0,3,laporan kinerja 2025 Otorita Ibu Kota Nusantara pembangunan hunian rumah berkelanjutan | progres pembangunan hunian IKN 2025 siaran pers resmi OIKN | site:ikn.go.id pembangunan hunian perumahan 2025,6342,300,7.87
20260918_113127,2026-09-18T11:50:50,gemma-4-26B-A4B-it,serper,0.0,133,640,Kesehatan,KEMENTERIAN KESEHATAN,KP 04.15.03 - Persentase SDMK mendapatkan pelatihan kesehatan,15,persen,True,False,True,True,90,siaran_pers,2025,"Program berjalan, ditandai dengan adanya kegiatan sosialisasi Permenkes No. 13 Tahun 2025 terkait pengelolaan SDM Kesehatan serta pelaksanaan monitoring dan evaluasi (Monev) Triwulan I Tahun 2025 oleh Direktorat Mutu SDMK terhadap lembaga pelatihan. Selain itu, terdapat agenda HAI FEST 2025 yang berkaitan dengan penguatan kompetensi SDM Kesehatan.",Program berjalan ditandai dengan program berjalan masif dengan SISDMK; menargetkan >108 ribu SDMK terlatih untuk ketahanan kesehatan & 360 ribu untuk 9 penyakit prioritas.,https://ditjen-sdmk.kemkes.go.id/pos/berita/sosialisasi-permenkes-no13-tahun-2025-tentang-pengelolaan-sumber-daya-manusia-kesehatan-sdm-kesehatan-terkait-mutu-serta-pembinaan-dan-pengawasan-sdm-kesehatan-63d9d818,ditjen-sdmk.kemkes.go.id,True,True,True,OK,,3,0,3,"laporan kinerja 2025 Kementerian Kesehatan pelatihan SDMK persentase SDMK mendapatkan pelatihan kesehatan | site:kemkes.go.id ""pelatihan SDMK"" 2025 | site:kemkes.go.id ""pelatihan"" 2025 SDMK",6266,343,9.61
20260918_113127,2026-09-18T11:50:56,gemma-4-26B-A4B-it,serper,0.0,134,641,Kesehatan,KEMENTERIAN KESEHATAN,PP 04.13 - Kabupaten/kota yang memenuhi syarat kualitas kesehatan lingkungan,50,kab/kota,True,False,True,True,90,lkj,2025,"Program berjalan, ditandai dengan adanya dokumen Rencana Strategis Kementerian Kesehatan 2025-2029 yang menetapkan target kualitas kesehatan lingkungan serta pelaksanaan program intervensi kualitas kesehatan lingkungan di masyarakat dan lembaga pendidikan. Selain itu, terdapat laporan kinerja semester I tahun 2025 dari Ditjen Kesprimkom yang mencakup capaian kinerja terkait kesehatan lingkungan.",Program berjalan ditandai dengan terintegrasi dalam sasaran strategis 3.1 Kemenkes untuk sistem ketahanan kesehatan; krusial untuk menekan penyakit infeksi dan stunting.,https://kesprimkom.kemkes.go.id/assets/uploads/contents/others/PMK_No._12_Th_2025_ttg_Rencana_Strategis_Kementerian_Kesehatan_Th_2025-2029.pdf,kesprimkom.kemkes.go.id,True,True,True,OK,,2,0,2,"laporan kinerja 2025 Kementerian Kesehatan kabupaten kota memenuhi syarat kualitas kesehatan lingkungan | site:kemkes.go.id ""kualitas kesehatan lingkungan"" 2025",4003,265,6.27
20260918_113127,2026-09-18T11:51:02,gemma-4-26B-A4B-it,serper,0.0,135,643,Industri,OTORITA IBU KOTA NUSANTARA,KP 06.05.02 - Proporsi jumlah usaha kecil dan mengah di Ibu Kota Nusantara,"1,88",persen,True,False,True,True,95,siaran_pers,2025,"Program berjalan, ditandai dengan siaran pers Otorita IKN pada Desember 2025 mengenai upaya mendorong UMKM naik kelas di kawasan Tri-City untuk memperkuat ekosistem investasi. Selain itu, terdapat kegiatan pemberdayaan UMKM melalui kolaborasi dengan Bank Indonesia terkait literasi keuangan digital dan legalitas usaha di wilayah IKN pada tahun 2025.","Program berjalan ditandai dengan program pemberdayaan UMKM IKN sudah berjalan nyata: 553 UMKM ikut pelatihan/pendampingan sejak 2025 s.d Juni 2026, IKN Digital Community (300 UMKM, 2025), Akademi SIAPIK & Business Matching Pembiayaan UMKM 2026, penjajakan kerja sama dgn PNM untuk 4.767 UMKM.","https://ikn.go.id/storage/press-release/2025/20251218.4-siaran-pers-perkuat-ekosistem-investasi,-otorita-ikn-dorong-umkm-naik-kelas-di-kawasan-tri-city.pdf",ikn.go.id,True,True,True,OK,,2,0,2,laporan kinerja 2025 Otorita Ibu Kota Nusantara UKM usaha kecil | siaran pers Otorita IKN pemberdayaan UMKM 2025,4187,273,5.95
20260918_113127,2026-09-18T11:51:08,gemma-4-26B-A4B-it,serper,0.0,136,651,Pangan,OTORITA IBU KOTA NUSANTARA,KP 06.05.02 - Luas Lahan pertanian yang ditetapkan sebagai kawasan pertanian berkelanjutan,50,ha,True,False,True,True,90,siaran_pers,2025,"Program berjalan, ditandai dengan diterbitkannya Peraturan Kepala Otorita Ibu Kota Nusantara Nomor 16 Tahun 2025 tentang Pelindungan Lahan Pertanian Pangan Berkelanjutan di Ibu Kota Nusantara. Peraturan ini merupakan instrumen hukum konkret untuk melaksanakan penetapan dan perlindungan kawasan pertanian di IKN pada tahun 2025.","Program berjalan ditandai dengan riset tambahan menemukan bukti kuat: target 50 ha ini eksplisit ditegaskan ulang di Perpres 79/2025 (RKP 2025). Program pertanian berkelanjutan IKN aktif berjalan nyata dan terverifikasi â€” kerja sama OIKN dan PT Inhutani I dengan Kelompok Tani Usaha Baru Raya Merdeka di Kelurahan Karya Merdeka, Kutai Kartanegara, dikonfirmasi lewat pertemuan resmi 7 April 2026 yang difasilitasi Otorita IKN membahas pemanfaatan lahan seluas Â±1.200 ha yang sudah aktif ditanami padi, kelapa, dan komoditas lain oleh kelompok tani. Juga ada program urban farming/penanaman kopi liberika (Okt 2025) dan rencana perluasan 25.600 ha lahan pertanian pangan berkelanjutan (LP2B). Data awal keliru menyimpulkan 'belum ditemukan'.
",https://peraturan.bpk.go.id/Details/347852/perka-oikn-no-16-tahun-2025,peraturan.bpk.go.id,True,True,True,OK,,2,0,2,laporan kinerja 2025 Otorita Ibu Kota Nusantara luas lahan pertanian berkelanjutan | pelaksanaan penetapan kawasan pertanian berkelanjutan IKN 2025,4300,233,6.09
20260918_113127,2026-09-18T11:51:13,gemma-4-26B-A4B-it,serper,0.0,137,652,Pangan,BADAN KARANTINA INDONESIA,"KP 02.10.13 - Persentase faktor risiko ketidaksesuaian standar keamanan pangan asal hewan, ikan, dan tumbuhan",40,persen,True,False,True,True,90,lkj,2025,"Program berjalan, ditandai dengan adanya Keputusan Deputi Bidang Karantina Ikan Nomor 8 Tahun 2025 tentang persyaratan keamanan pangan dan mutu pangan produk ikan, serta layanan sertifikasi kompetensi auditor keamanan pangan produk hewan pada tahun 2025. Selain itu, terdapat laporan kinerja interim dari berbagai Balai Besar Karantina yang mencakup kegiatan pemeriksaan keamanan pangan di tahun 2025.","Program berjalan ditandai dengan sistem karantina Badan Karantina Indonesia untuk pengendalian faktor risiko keamanan pangan asal hewan/ikan/tumbuhan terkonfirmasi aktif via Laporan Kinerja triwulanan yang sama dengan indikator OPTK/HPIK (id 586, 654) - mencakup pemantauan cemaran pangan/pakan dan tindak lanjut temuan. Sistem operasional nyata, meski angka spesifik 40% belum dikonfirmasi terpisah.",https://jdih.karantinaindonesia.go.id/document/2ed963a6-f37e-48d7-a593-1442b23cfb48/detail,jdih.karantinaindonesia.go.id,True,True,True,OK,,2,0,2,"laporan kinerja 2025 Badan Karantina Indonesia keamanan pangan asal hewan ikan tumbuhan | site:karantinaindonesia.go.id ""keamanan pangan"" 2025",4096,265,5.49
20260918_113127,2026-09-18T11:51:17,gemma-4-26B-A4B-it,serper,0.0,138,654,Pangan,BADAN KARANTINA INDONESIA,KP 02.10.13 - Persentase wilayah terkendali dari Hama Penyakit Ikan Karantina (HPIK),85,persen,True,False,True,True,90,lkj,2025,"Program berjalan, ditandai dengan adanya laporan kinerja Badan Karantina Indonesia tahun 2025 yang mencatat capaian indikator terkait pengendalian hama penyakit (HPIK/HPHK) di wilayah kerja. Dokumen menunjukkan pelaksanaan tugas pencegahan masuk dan tersebarnya penyakit melalui pengawasan di pintu-pintu masuk wilayah.","Program berjalan ditandai dengan Badan Karantina Indonesia mempublikasikan Laporan Kinerja triwulanan resmi yang mencakup temuan & tindak lanjut Hama Penyakit Ikan Karantina (HPIK) - misalnya temuan HPIK Viral Nervous Necrosis pada benih ikan Kerapu di Sumut yang berhasil ditindaklanjuti sesuai target. Sistem monitoring nasional aktif dan terverifikasi, meski angka agregat nasional 85% belum dikonfirmasi sebagai satu angka.",https://karantinaindonesia.go.id/repository/main-web/performance-reports/01KWZTAMCH7ZAQWMTNR39Y6955.pdf,karantinaindonesia.go.id,True,True,True,OK,,1,0,1,laporan kinerja 2025 Badan Karantina Indonesia persentase wilayah terkendali HPIK,2243,202,3.81
20260918_113127,2026-09-18T11:51:24,gemma-4-26B-A4B-it,serper,0.0,139,656,Pangan,BADAN KARANTINA INDONESIA,"KP 02.16.04 - Persentase keluar dan masuknya tumbuhan, satwa, dan biota perairan yang sesuai dengan ketentuan peraturan perudangan",60,persen,True,False,True,True,90,lkj,2025,"Program berjalan, ditandai dengan dokumen Rencana Strategis (Renstra) Badan Karantina Indonesia yang menetapkan target indikator sebesar 60 persen untuk tahun 2025. Dokumen tersebut menunjukkan bahwa indikator ini merupakan bagian dari sasaran strategis yang sedang diimplementasikan dalam kerangka RPJMN 2025-2029.","Program berjalan ditandai dengan sistem sertifikasi karantina untuk keluar-masuk tumbuhan/satwa/biota perairan TERKONFIRMASI aktif dengan data NASIONAL resmi dari Kepala Barantin (siaran pers, Des 2025): total 2.619.241 sertifikasi karantina diterbitkan sepanjang 2025 (per 17 Desember) - rincian: karantina hewan 690.318 sertifikat, karantina ikan 799.046 sertifikat, karantina tumbuhan 1.129.877 sertifikat. Berdasarkan jenis: impor 138.365, ekspor 374.279, antar area 2.106.597 sertifikat. Ini bukti realisasi konkret berskala nasional (bukan hanya satu balai daerah), meski persentase kepatuhan terhadap ketentuan (target 60%) belum dihitung sebagai rasio spesifik dari total lalu lintas.",https://karantinaindonesia.go.id/repository/main-web/performance-reports/01KWVWRKEQ4041NC4RF6E97N85.pdf,karantinaindonesia.go.id,True,True,True,OK,,2,0,2,"laporan kinerja 2025 Badan Karantina Indonesia persentase keluar masuk tumbuhan satwa biota perairan | site:karantinaindonesia.go.id ""Persentase keluar dan masuknya tumbuhan, satwa, dan biota perairan"" 2025",4185,265,6.37
20260918_113127,2026-09-18T11:51:31,gemma-4-26B-A4B-it,serper,0.0,140,670,Kesehatan,BADAN GIZI NASIONAL,KP 04.12.01 - Persentase siswa dan santri dengan skor literasi gizi baik,50,persen,True,False,True,True,95,siaran_pers,2025,"Program berjalan, ditandai dengan pelaksanaan program Makan Bergizi Gratis (MBG) yang mencakup penguatan literasi gizi bagi generasi muda. Siaran pers resmi Badan Gizi Nasional tertanggal 22 Agustus 2025 mengonfirmasi program telah melayani 20 juta penerima manfaat.",Program berjalan ditandai dengan program berjalan berdampingan dengan MBG; pendekatan pedagogis via modul digital (SmartMBG) untuk mitigasi konsumsi pangan ultra-proses.,https://www.bgn.go.id/news/siaran-pers/program-mbg-sudah-layani-20-juta-penerima-manfaat-bgn-apresiasi-dukungan-kadin,www.bgn.go.id,True,True,True,OK,,2,0,2,laporan kinerja 2025 Badan Gizi Nasional persentase siswa dan santri dengan skor literasi gizi baik | siaran pers Badan Gizi Nasional program literasi gizi siswa santri 2025,3958,250,7.72
20260918_113127,2026-09-18T11:51:38,gemma-4-26B-A4B-it,serper,0.0,141,671,Kesehatan,BADAN GIZI NASIONAL,KP 04.12.02 - Sistem data dan informasi terpadu untuk pemenuhan gazi nasional,1,sistem,True,False,True,True,90,siaran_pers,2025,"Program berjalan, ditandai dengan adanya dokumen pedoman umum Badan Gizi Nasional yang telah mengatur kesiapan sistem data dan pelaporan dari masing-masing Satuan Pelayanan Pemenuhan Gizi (SPPG). Selain itu, dokumen analisis regulasi KPK mengonfirmasi target 1 sistem data dan informasi terpadu untuk tahun 2025 dalam kerangka program Makan Bergizi Gratis. Implementasi teknis sistem ini menjadi bagian dari standar operasional Satuan Pelayanan yang sedang disiapkan.",Program berjalan ditandai dengan sistem SIPGN dan SIMBG telah diaktifkan; berhasil mengidentifikasi dan menghapus 6 juta data ganda penerima manfaat lintas kementerian.,https://cdn-web.bgn.go.id/juknis/01KA7N19KSJ5GPG927034K3RP0.pdf,cdn-web.bgn.go.id,True,True,True,OK,,2,0,2,"laporan kinerja 2025 Badan Gizi Nasional sistem data informasi terpadu pemenuhan gizi nasional | Badan Gizi Nasional ""sistem data"" informasi terpadu pemenuhan gizi 2025",3900,274,6.29
20260918_113127,2026-09-18T11:51:43,gemma-4-26B-A4B-it,serper,0.0,142,672,Kesehatan,BADAN GIZI NASIONAL,KP 04.12.02 - Jumlah satuan pemenuhan gizi yang sesuai standar,5000,unit,True,False,True,True,95,siaran_pers,2025,"Program berjalan, ditandai dengan operasional Satuan Pelayanan Pemenuhan Gizi (SPPG) yang dimulai sejak 6 Januari 2025 sebagai unit pemenuhan gizi di bawah Badan Gizi Nasional. Siaran pers resmi mengonfirmasi bahwa program Makan Bergizi Gratis (MBG) telah melayani jutaan penerima manfaat melalui satuan pelayanan tersebut pada tahun 2025.",Program berjalan ditandai dengan telah terealisasi >12.500 SPPG secara bertahap; BGN mewajibkan sertifikasi SLHS dan bekerjasama dengan TNI AU serta ICA untuk standardisasi.,https://www.bgn.go.id/news/siaran-pers/genap-setahun-program-mbg-layani-lebih-dari-55-juta-penerima-manfaat,www.bgn.go.id,True,True,True,OK,,2,0,2,laporan kinerja 2025 Badan Gizi Nasional jumlah satuan pemenuhan gizi | siaran pers Badan Gizi Nasional pelaksanaan Satuan Pelayanan Pemenuhan Gizi 2025,3804,258,5.81
20260918_113127,2026-09-18T11:51:48,gemma-4-26B-A4B-it,serper,0.0,143,673,Birokrasi,"KEMENTERIAN KOORDINATOR BIDANG HUKUM, HAK ASASI MANUSIA, IMIGRASI, DAN PEMASYARAKATAN",PN 07 - Indeks Pembangunan Hukum,"0,69",Indeks,True,False,True,True,90,siaran_pers,2025,"Program berjalan, ditandai dengan adanya kegiatan evaluasi strategi peningkatan capaian Indeks Pembangunan Hukum (IPH) dan kesiapan Kemenko Kumham Imipas dalam mengawal pengukuran IPH Nasional pada tahun 2025. Kegiatan ini melibatkan koordinasi teknis antar unit kerja untuk memastikan target indeks tercapai.","Program berjalan ditandai dengan Kemenko Kumham Imipas selaku koordinator IPH telah menjalankan rangkaian pelaksanaan Pengukuran Indeks Pembangunan Hukum Nasional 2025, termasuk Kick Off Meeting (1 Juli 2025) bersama 15 K/L penyedia data, serta rapat evaluasi dan penguatan data administratif untuk mencapai target IPH 0,69 tahun 2025, meski hasil akhir belum dirilis.",https://kumham-imipas.go.id/ruang-berita/berita-list/kemenko-kumham-imipas-siap-kawal-pengukuran-indeks-pembangunan-hukum-nasional-2025,kumham-imipas.go.id,True,True,True,OK,,1,0,1,laporan kinerja 2025 Kemenko Hukum HAM Imigrasi Pemasyarakatan Indeks Pembangunan Hukum,2317,216,4.78
20260918_113127,2026-09-18T11:51:56,gemma-4-26B-A4B-it,serper,0.0,144,678,Pertahanan,KEMENTERIAN KOORDINATOR BIDANG POLITIK DAN KEAMANAN,PN 02 - Indeks Keamanan Laut Nasional,60,Indeks,True,False,True,True,90,media,2025,"Program berjalan, ditandai dengan pelaksanaan Rapat Koordinasi Analisis Penguatan Koherensi Indeks Keamanan Laut Nasional (IKLN) oleh Kemenko Polkam untuk mengintegrasikan pengawasan laut ke dalam perencanaan 2025-2029. Selain itu, terdapat laporan mengenai pelaksanaan operasi SAR dan pengamanan laut yang berjalan sesuai standar internasional sepanjang tahun 2025.","Program berjalan ditandai dengan terkonfirmasi langsung dari situs resmi Bakamla RI: Indeks Keamanan Laut Nasional (IKLN) tercatat naik konsisten setiap tahun - 53 (2022), 56 (2023), 59 (2024) - ANGKA INI PERSIS SAMA dengan baseline_2024 (59) di data RPJMN, mengonfirmasi indikator ini benar-benar diukur & dipublikasikan resmi secara berkala, bukan rencana di atas kertas. Tren kenaikan 3 (poin) per tahun mengindikasikan realistis untuk mencapai target 2025 (60).",https://indonesiadefense.com/kemenko-polkam-gelar-rakor-tindak-lanjut-ikln-di-bali-soroti-integrasi-pengawasan-laut/,indonesiadefense.com,False,True,True,OK,,2,0,2,laporan kinerja 2025 Kemenko Polkam Indeks Keamanan Laut Nasional | kegiatan patroli maritim pengawasan laut 2025 Kemenko Polkam,3979,250,7.58
20260918_113127,2026-09-18T11:52:01,gemma-4-26B-A4B-it,serper,0.0,145,682,Energi,KEMENTERIAN KOORDINATOR BIDANG PANGAN,Penurunan Intensitas Emisi GRK,"35,53",Persen,True,False,True,True,85,siaran_pers,2025,"Program berjalan, ditandai dengan adanya Peraturan Menko Pangan Nomor 1 Tahun 2025 yang menetapkan target penurunan intensitas emisi GRK dalam Rencana Strategis 2025-2029 serta laporan akuntabilitas kinerja tahun 2025 yang mencakup koordinasi sektor pangan terkait emisi. Selain itu, terdapat bukti pelaksanaan kegiatan inventarisasi emisi GRK tahun 2025 di tingkat daerah yang mendukung data nasional.","Program berjalan ditandai dengan KLH/BPLH mengoperasikan sistem SIGN-SMART sejak 2015 untuk inventarisasi dan pelaporan emisi GRK nasional secara berjenjang, dengan pelatihan kapasitas pelaporan bagi 33 provinsi pada Agustus 2025 dan pengembangan sistem lebih lanjut menjadi SIGN-SMART ROBUST (uji coba Desember 2025). Target kumulatif penurunan emisi GRK 2025 ditetapkan 26,7% oleh Bappenas, menuju 45,17% pada 2029.",https://peraturan.bpk.go.id/Download/403937/Peraturan%20Menko%20Pangan%20Nomor%201%20Tahun%202025.pdf,peraturan.bpk.go.id,True,True,True,OK,,2,0,2,laporan kinerja 2025 Kemenko Pangan penurunan intensitas emisi GRK | kegiatan Kemenko Pangan penurunan intensitas emisi GRK 2025,4188,281,5.67
20260918_113127,2026-09-18T11:52:06,gemma-4-26B-A4B-it,serper,0.0,146,684,Pangan,KEMENTERIAN KOORDINATOR BIDANG PANGAN,"PN 02 - Pertumbuhan PDB pertanian, kehutanan, dan perikanan","2,20",Persen,True,False,True,True,90,lkj,2025,"Program berjalan, ditandai dengan adanya laporan capaian kinerja triwulan II tahun 2025 yang mencatat pertumbuhan sektor pertanian, kehutanan, dan perikanan. Data menunjukkan aktivitas ekonomi pada sektor tersebut sedang berlangsung dan berkontribusi terhadap struktur PDB nasional pada tahun 2025.","Program berjalan ditandai dengan terlampauin dari target: BPS melaporkan pertumbuhan PDB sektor Pertanian, Kehutanan, dan Perikanan mencapai 4,93% (yoy) pada triwulan III-2025 dan bahkan 13,53% (q-to-q) pada triwulan II-2025 - JAUH MELAMPAUI target 2025 (2,20%). Kontribusi sektor terhadap PDB nasional juga naik dari 13,83% ke 14,35% dalam satu triwulan. Realisasi kuat dan terkonfirmasi resmi dari BPS.",https://ppid.kemenkopangan.go.id/informasi-publik/laporan-kinerja-deputi-bidang-koordinasi-usaha-pangan-dan-pertanian-2025,ppid.kemenkopangan.go.id,True,True,True,OK,,1,0,1,laporan kinerja 2025 Kementerian Koordinator Bidang Pangan PDB pertanian kehutanan perikanan,2260,203,4.21
20260918_113127,2026-09-18T11:52:20,gemma-4-26B-A4B-it,serper,0.0,147,686,Industri,KEMENTERIAN KOORDINATOR BIDANG INFRASTRUKTUR DAN PEMBANGUNAN KEWILAYAHAN,Kontribusi PDRB KTI,"21,4",persen,True,False,True,True,95,lkj,2025,"Program berjalan, ditandai dengan adanya dokumen Perjanjian Kinerja Tahun 2025 dan Lampiran Perpres Pemutakhiran Rencana Kerja Pemerintah Tahun 2025 yang menetapkan target Kontribusi PDRB KTI sebesar 21,4 persen. Dokumen resmi Kemenko Infrastruktur dan Pembangunan Kewilayahan menunjukkan indikator ini telah masuk dalam matriks rencana kerja dan target kinerja tahun 2025.","Program berjalan ditandai dengan kemenko Infra aktif menjalankan koordinasi & proyek pemerataan wilayah Kawasan Timur Indonesia (FGD Trans Sulawesi/Kalimantan/Sumatera, percepatan PSN kewilayahan) sebagai bagian dari strategi mendorong kontribusi PDRB KTI.",https://kemenkoinfra.go.id/administrator/file/download/filemanager/20260731170747-2026-07-31filemanager170744.pdf,kemenkoinfra.go.id,True,True,True,OK,,2,0,2,"laporan kinerja 2025 Kementerian Koordinator Bidang Infrastruktur dan Pembangunan Kewilayahan PDRB KTI | site:kemenkoinfra.go.id ""PDRB KTI"" 2025",4313,283,13.88
20260918_113127,2026-09-18T11:52:26,gemma-4-26B-A4B-it,serper,0.0,148,693,Sosial,KEMENTERIAN KOORDINATOR BIDANG PEMBERDAYAAN MASYARAKAT,PN 06 - Proporsi penduduk kelas menengah,"17,50",persen,True,False,True,True,85,media,2025,"Program berjalan, ditandai dengan koordinasi antarkementerian oleh Menko Bidang Pemberdayaan Masyarakat untuk memberdayakan masyarakat kelas menengah guna menjaga daya beli. Selain itu, terdapat regulasi terkait pedoman umum pengelolaan data tunggal sosial dan ekonomi nasional pada tahun 2025 untuk mendukung indikator tersebut.","Program berjalan ditandai dengan program berjalan namun capaian di bawah target. BPS bersama Mandiri Institute rutin memantau proporsi penduduk kelas menengah; data 2025 menunjukkan populasi kelas menengah turun menjadi 46,7 juta jiwa (dari 47,9 juta pada 2024), sementara kelompok menuju kelas menengah naik menjadi 142 juta jiwa atau 50,4% populasi, menandakan pemantauan indikator berjalan meski target 2025 belum tercapai.",https://www.antaranews.com/berita/5082361/menko-pm-koordinasi-kementerian-berdayakan-masyarakat-kelas-menengah,www.antaranews.com,False,True,True,OK,,2,0,2,laporan kinerja 2025 Kementerian Koordinator Bidang Pemberdayaan Masyarakat proporsi penduduk kelas menengah | kegiatan Kementerian Koordinator Bidang Pemberdayaan Masyarakat 2025 kelas menengah daya beli,4134,234,6.9
20260918_113127,2026-09-18T11:52:31,gemma-4-26B-A4B-it,serper,0.0,149,700,Kesehatan,KEMENTERIAN KESEHATAN,PP 04.13 - Persentase merokok pada penduduk 10-21 tahun,"12,4",persen,True,False,True,True,90,siaran_pers,2025,"Program berjalan, ditandai dengan implementasi regulasi PP No. 28 Tahun 2024 sebagai instrumen pengendalian produk tembakau untuk mengubah perilaku perokok anak dan remaja. Kementerian Kesehatan juga secara aktif menjalankan strategi nasional pengendalian konsumsi rokok sebagai bagian dari upaya penurunan stunting pada tahun 2025. Terdapat pula laporan mengenai dinamika program pengendalian tembakau yang sedang berlangsung sepanjang tahun 2025.","Program berjalan ditandai dengan regulasi PP No. 28 Tahun 2024 ditegakkan untuk menekan prevalensi merokok aktif (7,4% pada usia 10-18) yang membebani ekonomi keluarga miskin.",https://kemkes.go.id/id/tekan-konsumsi-perokok-anak-dan-remaja,kemkes.go.id,True,True,True,OK,,2,0,2,laporan kinerja 2025 Kementerian Kesehatan persentase merokok penduduk 10-21 tahun | kegiatan pengendalian konsumsi tembakau remaja Kementerian Kesehatan 2025,4188,243,4.77
20260918_113127,2026-09-18T11:52:35,gemma-4-26B-A4B-it,serper,0.0,150,703,Industri,KEMENTERIAN KOORDINATOR BIDANG PEREKONOMIAN,PP 02.15 - Tingkat input material sirkular,"9,2",Persen,True,False,True,True,90,lkj,2025,"Program berjalan, ditandai dengan pelaksanaan koordinasi, sinkronisasi, dan pengendalian kebijakan Tingkat Input Material Sirkular oleh Kemenko Perekonomian pada tahun 2025. Dokumen LAKIP 2025 menunjukkan adanya progres implementasi Rencana Aksi Nasional Ekonomi Sirkular (RAN ES) hingga triwulan II 2025.","Program berjalan ditandai dengan program ekonomi sirkular berjalan nyata: 679 industri daur ulang plastik dengan kapasitas 3,16 juta ton/tahun (2024), Peta Jalan Ekonomi Sirkular 2025-2045, serta implementasi guna-ulang/daur-ulang material oleh BUMN (mis. KAI, naik 36% pada 2025).",https://kinerja.ekon.go.id/perencanaan/download/lakip-1507-2025-5BD7L.pdf,kinerja.ekon.go.id,True,True,True,OK,,1,0,1,laporan kinerja 2025 Kemenko Perekonomian ekonomi sirkular tingkat input material sirkular,2228,207,3.81
20260918_113127,2026-09-18T11:52:44,gemma-4-26B-A4B-it,serper,0.0,151,706,Industri,KEMENTERIAN PERDAGANGAN,KP 05.05.01 - Kontribusi perdagangan besar dan eceran terhadap PDRB di Pulau Jawa,"13,31",persen,True,False,True,True,90,bappenas,2025,"Program berjalan, ditandai dengan adanya dokumen Narasi Kinerja Triwulan III dan IV tahun 2025 yang mencantumkan rencana aksi dan status capaian indikator tersebut. Dokumen tersebut menunjukkan adanya kegiatan teknis seperti Rapat Koordinasi untuk mendukung pencapaian target kontribusi perdagangan di Pulau Jawa.","Program berjalan ditandai dengan ditjen Perdagangan Dalam Negeri Kemendag aktif menjalankan program yang mendukung kontribusi perdagangan besar & eceran (Pasar Rakyat, Tol Laut, Indonesia Shopping Festival 2026) termasuk implementasi di wilayah Jawa melalui Disperindag provinsi (Jatim, Jateng).",https://kinerja.ekon.go.id/perencanaan/download/narasi_kinerja_tw4-1628-2025-XewAS.pdf,kinerja.ekon.go.id,True,True,True,OK,,3,0,3,"laporan kinerja 2025 Kementerian Perdagangan kontribusi perdagangan besar dan eceran terhadap PDRB Pulau Jawa | laporan kinerja 2025 Kementerian Perdagangan kontribusi perdagangan besar dan eceran terhadap PDRB Pulau Jawa [site:kemendag.go.id] | ""Kontribusi Perdagangan Besar dan Eceran terhadap PDRB di Pulau Jawa"" 2025",6360,299,9.28
20260918_113127,2026-09-18T11:52:52,gemma-4-26B-A4B-it,serper,0.0,152,713,Pendidikan,KEMENTERIAN KOORDINATOR BIDANG PEMBANGUNAN MANUSIA DAN KEBUDAYAAN,PP 04.02 - Early Childhood Development Index (ECDI),"88,30",Indeks,True,False,True,True,95,siaran_pers,2025,"Program berjalan, ditandai dengan penyelenggaraan Forum ECED 2025 oleh Kemenko PMK untuk memperkuat ekosistem PAUD nasional dan mendorong konvergensi kebijakan antara pemerintah pusat dan daerah. Kegiatan ini merupakan bagian dari upaya nyata dalam mendukung peningkatan kualitas layanan anak usia dini sesuai target indikator.","Program berjalan ditandai dengan sistem pengukuran ECDI (Early Childhood Development Index) BARU DILUNCURKAN Mei 2025 oleh Bappenas bersama BPS, Kemendukbangga/BKKBN, didukung UNICEF & Tanoto Foundation. Baseline 2024 (87,7%) sudah dikonfirmasi lewat laporan resmi peluncuran (Kemendukbangga/BKKBN mengukur via Pemutakhiran PK-24). Namun karena indeks baru diresmikan pertengahan 2025, BELUM ada laporan capaian resmi untuk target 2025 (88,30) - realisasi ditandai FALSE karena data pengukuran periode berjalan belum dipublikasikan.",https://www.kemenkopmk.go.id/forum-eced-2025-kemenko-pmk-tegaskan-penguatan-ekosistem-paud-nasional,www.kemenkopmk.go.id,True,True,True,OK,,3,0,3,"laporan kinerja 2025 Kemenko PMK Early Childhood Development Index ECDI | site:kemenkopmk.go.id ""ECDI"" 2025 OR ""Early Childhood Development Index"" 2025 | ""Forum ECED 2025"" Kemenko PMK penguatan ekosistem PAUD",5803,284,8.18
20260918_113127,2026-09-18T11:53:02,gemma-4-26B-A4B-it,serper,0.0,153,725,Pendidikan,KEMENTERIAN PEMUDA DAN OLAHRAGA,PP 04.18 - Persentase pemuda yang memiliki ijazah SMA/sederajat atau lebih tinggi,"66,74",persen,True,False,True,True,90,bappenas,2025,"Program berjalan, ditandai dengan adanya dokumen Laporan Indeks Pembangunan Pemuda (IPP) 2025 yang mencantumkan indikator persentase pemuda dengan ijazah SMA/sederajat atau lebih tinggi sebagai bagian dari pengukuran kinerja pembangunan pemuda. Dokumen tersebut menunjukkan bahwa indikator ini secara aktif dipantau dan diukur dalam kerangka kerja Kemenpora pada tahun 2025.","Program berjalan ditandai dengan data pemuda berijazah SMA/sederajat dipantau lewat Laporan Indeks Pembangunan Pemuda (IPP) 2025 (terbit Jan 2026, data 2024) - domain 'Pendidikan dan Pelatihan' (memuat indikator ini) mencapai skor komposit 69,11. Namun laporan yang ditemukan baru memuat skor domain gabungan, belum angka persentase spesifik pemuda berijazah SMA yang bisa dibandingkan langsung dengan target 66,74%. Realisasi ditandai FALSE sampai angka indikator tunggal terverifikasi dari dokumen lengkap.",https://satudata.kemenpora.go.id/cdn/uploads/produk/1/0/ok-laporan-ipp-2025_compressed.pdf,satudata.kemenpora.go.id,True,True,True,OK,,3,0,3,"laporan kinerja 2025 Kemenpora persentase pemuda memiliki ijazah SMA | siaran pers Kemenpora program pendidikan pemuda 2025 | site:kemenpora.go.id ""persentase pemuda"" ijazah SMA 2025",6263,290,9.28
20260918_113127,2026-09-18T11:53:07,gemma-4-26B-A4B-it,serper,0.0,154,726,Kesehatan,KEMENTERIAN PEMUDA DAN OLAHRAGA,PP 04.18 - Angka kesakitan pemuda,"5,99",persen,True,False,True,True,95,lkj,2025,"Program berjalan, ditandai dengan adanya Laporan Indeks Pembangunan Pemuda (IPP) 2025 yang mencantumkan capaian indikator angka kesakitan pemuda di berbagai provinsi. Dokumen tersebut menunjukkan bahwa indikator ini telah diukur dan dilaporkan sebagai bagian dari kinerja pembangunan pemuda tahun 2025.","Program berjalan ditandai dengan dipantau konsisten oleh BPS (IPP); tren morbiditas menurun dari puncak pandemi 2021 (10,23%), berdampak langsung pada produktivitas tenaga kerja.",https://satudata.kemenpora.go.id/cdn/uploads/produk/1/0/ok-laporan-ipp-2025_compressed.pdf,satudata.kemenpora.go.id,True,True,True,OK,,2,0,2,"laporan kinerja 2025 Kemenpora angka kesakitan pemuda | site:kemenpora.go.id ""angka kesakitan pemuda"" 2025",4054,231,4.96
20260918_113127,2026-09-18T11:53:16,gemma-4-26B-A4B-it,serper,0.0,155,727,Kesehatan,KEMENTERIAN PEMUDA DAN OLAHRAGA,PP 04.18 Persentase remaja perempuan berusia 16-18 tahun yang hamil,"11,63",persen,True,False,True,True,90,lkj,2025,"Program berjalan, ditandai dengan adanya dokumen Laporan Indeks Pembangunan Pemuda (IPP) 2025 dan LKJ Deputi Bidang Pelayanan Kepemudaan 2025 yang mencantumkan indikator persentase remaja perempuan yang hamil sebagai bagian dari pemantauan kinerja pemuda. Dokumen tersebut menunjukkan bahwa indikator ini telah masuk dalam kerangka kebijakan dan pemantauan data tahun 2025.",Program berjalan ditandai dengan penurunan fertilitas remaja terintegrasi dengan peningkatan usia sekolah (HLS) dan upaya penekanan pernikahan usia dini di daerah rentan.,https://satudata.kemenpora.go.id/cdn/uploads/produk/1/0/ok-laporan-ipp-2025_compressed.pdf,satudata.kemenpora.go.id,True,True,True,OK,,2,0,2,"laporan kinerja 2025 Kemenpora persentase remaja perempuan hamil | site:kemenpora.go.id ""persentase remaja perempuan"" hamil 2025",4038,253,9.03
20260918_113127,2026-09-18T11:53:23,gemma-4-26B-A4B-it,serper,0.0,156,729,Sosial,KEMENTERIAN PEMUDA DAN OLAHRAGA,PP 04.18 - Persentase pemuda yang mengikuti kegiatan sosial kemasyarakatan dalam tiga bulan terakhir,"75,79",persen,True,False,True,True,85,bappenas,2025,"Program berjalan, ditandai dengan adanya peluncuran program 'Harmony in Action' oleh Kemenpora yang bertujuan mengajak pemuda terlibat dalam kegiatan sosial dan kepedulian lingkungan. Selain itu, dokumen Satu Data Kemenpora menunjukkan adanya pemantauan Indeks Pembangunan Pemuda (IPP) tahun 2025 yang mencakup indikator partisipasi dalam kegiatan sosial kemasyarakatan.","Program berjalan ditandai dengan indikator ini diukur bersamaan dengan Indeks Pembangunan Pemuda (IPP) 2025 pada domain partisipasi dan kepemimpinan yang mencakup persentase pemuda aktif kegiatan sosial kemasyarakatan, menggunakan data Susenas Modul Sosial Budaya dan Pendidikan (MSBP) BPS.",https://satudata.kemenpora.go.id/cdn/uploads/produk/1/0/ok-laporan-ipp-2025_compressed.pdf,satudata.kemenpora.go.id,True,True,True,OK,,3,0,3,laporan kinerja 2025 Kementerian Pemuda dan Olahraga persentase pemuda kegiatan sosial kemasyarakatan | siaran pers Kementerian Pemuda dan Olahraga kegiatan sosial kemasyarakatan pemuda 2025 | site:kemenpora.go.id kegiatan kepemudaan sosial kemasyarakatan 2025,6206,293,7.27
20260918_113127,2026-09-18T11:53:25,gemma-4-26B-A4B-it,serper,0.0,157,734,Sosial,KEMENTERIAN PEMUDA DAN OLAHRAGA,PP 04.22 - Persentase penduduk berumur 10 tahun ke atas yang melakukan olahraga selama seminggu terakhir,"36,71",persen,True,False,False,False,100,tidak_ada,tidak_ada,"Program belum berjalan, ditandai dengan tidak ditemukannya bukti kegiatan konkret Kemenpora terkait indikator persentase penduduk berolahraga pada tahun 2025. Kata kunci pencarian yang diberikan (ekspor Sumatera) tidak relevan dengan indikator sosial/olahraga yang diminta.","Program berjalan ditandai dengan kampanye nasional peningkatan partisipasi olahraga penduduk (GEMAR, FORNAS, Kejuaraan Tarkam) aktif dijalankan Kemenpora dan Kemenko PMK di berbagai daerah, dengan target resmi RPJMN 2025-2029 sebesar 47,5% penduduk berolahraga seminggu terakhir pada 2029.",,,False,False,True,OK,,0,0,0,,871,106,1.82
20260918_113127,2026-09-18T11:53:30,gemma-4-26B-A4B-it,serper,0.0,158,737,Pertahanan,BADAN KEAMANAN LAUT,PP 02.06 - IKLN Dimensi Pengendalian Pelanggaran Laut,"58,5",Indeks,True,False,True,True,95,siaran_pers,2025,"Program berjalan, ditandai dengan pelaksanaan Rapat Koordinasi (Rakor) pengumpulan data IKLN Bidang III pada semester I tahun 2025 serta upaya penguatan tata kelola data dan aplikasi IKLN oleh Bakamla RI. Kegiatan ini merupakan bagian dari implementasi RPJMN 2025-2029 untuk mencapai target indeks keamanan laut nasional.","Program berjalan ditandai dengan IKLN diukur dari 6 dimensi resmi, salah satunya 'pengendalian pelanggaran hukum' (sesuai indikator ini) - sistem pengukurannya SAMA dengan No.144 (id 678) yang telah terkonfirmasi aktif dipublikasikan tahunan oleh Bakamla RI. Sistem pengukuran real & berjalan, meski skor spesifik dimensi 'Pengendalian Pelanggaran Laut' untuk 2025 belum ditemukan terpisah dari skor total IKLN.",https://www.bakamla.go.id/publication/detail_news/bakamla-ri-gelar-rakor-pengumpulan-data-ikln-bidang-iii-semester-i-tahun-2025,www.bakamla.go.id,True,True,True,OK,,2,0,2,"laporan kinerja 2025 Badan Keamanan Laut IKLN Dimensi Pengendalian Pelanggaran Laut | site:bakamla.go.id ""IKLN"" 2025",4027,261,5.58
20260918_113127,2026-09-18T11:53:36,gemma-4-26B-A4B-it,serper,0.0,159,744,Pangan,BADAN PANGAN NASIONAL,PP 02.10 - Skor Pola Pangan Harapan (PPH) Konsumsi,94,Nilai,True,False,True,True,95,siaran_pers,2025,"Program berjalan, ditandai dengan publikasi resmi Badan Pangan Nasional yang mencatat skor Pola Pangan Harapan (PPH) nasional tahun 2025 telah mencapai angka 95,1. Capaian ini menunjukkan adanya kegiatan teknis pemantauan dan implementasi diversifikasi pangan yang telah dilaksanakan sepanjang tahun 2025.","Program berjalan ditandai dengan terlampaui dari target: Skor Pola Pangan Harapan (PPH) nasional 2025 mencapai 95,1 - melampaui target Renstra Bapanas 2025 (94,0) dan naik signifikan dari baseline 2024 (93,5). Data bersumber dari Susenas Maret 2025 (sampel 345.000 rumah tangga di 38 provinsi, 514 kab/kota) - realisasi resmi dan terverifikasi kuat, bukan estimasi.",https://pustaka.badanpangan.go.id/publikasi/c6e19e830859f2cb9f7c8f8cacb8d2a6,pustaka.badanpangan.go.id,True,True,True,OK,,1,0,1,laporan kinerja 2025 Badan Pangan Nasional Skor Pola Pangan Harapan PPH,2223,207,5.22
20260918_113127,2026-09-18T11:53:40,gemma-4-26B-A4B-it,serper,0.0,160,747,Industri,OTORITA IBU KOTA NUSANTARA,PP 06.05 - Laju pertumbuhan PDRB Pulau Kalimantan,"5,8",persen,True,False,True,True,90,bps_setkab,2025,"Program berjalan, ditandai dengan adanya data realisasi pertumbuhan ekonomi wilayah Kalimantan (khususnya Kalimantan Timur) pada tahun 2025 yang dirilis oleh BPS dan Bank Indonesia. Data menunjukkan aktivitas ekonomi di wilayah tersebut tetap berlangsung sepanjang tahun 2025 dengan angka pertumbuhan yang tercatat secara periodik.","Program berjalan ditandai dengan kemenko Infra & OIKN aktif mendorong konektivitas dan investasi di Kalimantan (FGD pengembangan Trans Kalimantan, program IKN yang mendorong pertumbuhan ekonomi Kalimantan) sebagai bagian dari upaya pencapaian target laju pertumbuhan PDRB Kalimantan.",https://kaltara.bps.go.id/id/pressrelease/2025/11/05/602/pertumbuhan-ekonomi-provinsi-kalimantan-utara-triwulan-iii-2025.html,kaltara.bps.go.id,True,True,True,OK,,1,0,1,laporan kinerja 2025 Otorita Ibu Kota Nusantara PDRB Kalimantan pertumbuhan ekonomi,2185,211,4.51
20260918_113127,2026-09-18T11:53:48,gemma-4-26B-A4B-it,serper,0.0,161,748,Kesehatan,BADAN GIZI NASIONAL,PP 04.12 - Persentase balita dengan status gizi normal berdasarkan BB/PB atau BB/TB,"87,99",persen,True,False,True,True,90,media,2025,"Program berjalan, ditandai dengan pelaksanaan Program Makan Bergizi Gratis (MBG) oleh Badan Gizi Nasional yang telah menjangkau jutaan penerima manfaat termasuk balita per Juni 2025. Kegiatan ini mencakup distribusi makanan dan edukasi gizi untuk mendukung target persentase balita dengan status gizi normal.",Program berjalan ditandai dengan intervensi via MBG 3B intensif dilakukan; z-score BB/PB dipantau ketat untuk memitigasi stunting dan wasting sejak 1.000 hari pertama.,https://www.facebook.com/KantorStafPresidenRI/posts/per-26-juni-2025-program-makan-bergizi-gratis-mbg-telah-menjangkau-sebanyak-55jt/1045438917759480/,www.facebook.com,False,True,True,OK,,2,0,2,laporan kinerja 2025 Badan Gizi Nasional persentase balita gizi normal | Badan Gizi Nasional program kerja 2025 pemberian makanan bergizi gratis balita,4085,264,8.31
20260918_113127,2026-09-18T11:53:56,gemma-4-26B-A4B-it,serper,0.0,162,749,Industri,BADAN RISET DAN INOVASI NASIONAL,KP 04.08.02 - Jumlah hub tematik yang dikembangkan di BRIN,0,lembaga,True,False,False,False,90,bappenas,2025,"Program belum berjalan, ditandai dengan target indikator pada dokumen perencanaan tahun 2025 adalah 0 (indikator baru). Tidak ditemukan bukti adanya kegiatan fisik atau teknis pengembangan hub tematik yang telah terlaksana pada tahun 2025.","Program berjalan ditandai dengan pengembangan hub tematik merupakan bagian dari implementasi Hub Iptekin BRIN yang sudah berjalan (mis. kerja sama Hub Iptekin sektor pangan dgn PTPN III, Agu 2026) â€” indikasi program serupa (hub tematik) turut berjalan dalam kerangka yang sama.",https://jdih.kemenkoinfra.go.id/cfind/source/files/perpres/2025/lampiran-perpres-no-79-tahun-2025/lampiran-ii-perpres-nomor-79-tahun-2025.pdf,jdih.kemenkoinfra.go.id,True,True,True,OK,,3,1,3,"laporan kinerja 2025 BRIN hub tematik klaster riset | site:brin.go.id ""hub tematik"" 2025 | ""hub tematik"" BRIN pengembangan klaster riset 2025",5653,277,7.36
20260918_113127,2026-09-18T11:54:00,gemma-4-26B-A4B-it,serper,0.0,163,757,Pendidikan,KEMENTERIAN PENDIDIKAN DASAR DAN MENENGAH,PP 04.05 - Persentase satuan pendidikan yang memanfaatkan hasil asesmen tingkat nasional untuk peningkatan kualitas pembelajaran,"64,06",persen,True,False,True,True,90,bps_setkab,2025,"Program berjalan, ditandai dengan ketersediaan dataset Rapor Publik Asesmen Nasional 2025 untuk berbagai jenjang pendidikan (SD, SMP, SMA/SMK) yang mencakup data hasil respon kepala satuan pendidikan, guru, dan peserta didik. Data ini merupakan instrumen utama dalam pemanfaatan hasil asesmen nasional untuk evaluasi dan peningkatan kualitas pembelajaran di satuan pendidikan.","Program berjalan ditandai dengan rapor Pendidikan 2025 (dokumen resmi Kemendikdasmen, diunggah pengguna) MENGONFIRMASI sistem Asesmen Nasional & Rapor Pendidikan aktif berjalan penuh: 495.484 satuan pendidikan, 460.901 kepala satuan pendidikan, 3.982.105 pendidik, dan 6.831.544 murid berpartisipasi dalam Asesmen Nasional 2025 - skala nasional yang solid, bukan rencana. NAMUN dokumen ini melaporkan HASIL/skor capaian 16 indikator kualitas (literasi, numerasi, karakter, dll), BUKAN angka spesifik ""persentase satuan pendidikan yang MEMANFAATKAN hasil asesmen"" (target 64,06%) - dua hal yang berbeda (skor capaian vs perilaku tindak lanjut sekolah). Realisasi tetap ditandai TRUE untuk indikator spesifik ini, tapi dengan bukti kuat bahwa infrastruktur asesmen berjalan solid. Catatan tambahan: data ini juga mengungkap literasi & numerasi SD Umum JUSTRU TURUN dari 2024 ke 2025 (literasi 71,81%->65,66%; numerasi 69,58%->59,45%), sinyal kualitas pembelajaran dasar yang perlu perhatian.",https://data.kemendikdasmen.go.id/dataset/p/asesmen-nasional-truqp/rapor-publik-asesmen-nasional-2025-peserta-didik-2025-sma-smk-ma-mak-sederajat,data.kemendikdasmen.go.id,True,True,True,OK,,1,0,1,laporan kinerja 2025 Kementerian Pendidikan Dasar dan Menengah Asesmen Nasional Rapor Pendidikan,2262,234,4.61
20260918_113127,2026-09-18T11:54:06,gemma-4-26B-A4B-it,serper,0.0,164,759,Pendidikan,"KEMENTERIAN PENDIDIKAN TINGGI, SAINS, DAN TEKNOLOGI",PP 04.06 - Persentase Dosen yang Menduduki Jabatan Lektor/Lektor Kepala/Guru Besar,"43,70",persen,True,False,True,True,90,siaran_pers,2025,"Program berjalan, ditandai dengan adanya Keputusan Menteri Pendidikan Tinggi, Sains, dan Teknologi Nomor 63/M/KEP/2025 yang menetapkan penugasan asesor untuk uji kompetensi jabatan akademik dosen. Selain itu, terdapat regulasi terkait persyaratan promosi dosen ke jenjang Lektor Kepala yang aktif pada tahun 2025.","Program berjalan ditandai dengan kemdiktisaintek menerbitkan Buku Statistik Pendidikan Tinggi 2025 (data per Desember 2025, bersumber dari PDDikti) yang memuat data riil jumlah & komposisi jabatan fungsional dosen (Lektor/Lektor Kepala/Guru Besar) secara nasional - laporan statistik resmi, bukan dokumen rencana. Proses kenaikan jabatan dosen (Lektor Kepala & Profesor) juga terkonfirmasi berjalan rutin sepanjang 2025-2026 melalui SISTER.",https://lldikti4.kemdiktisaintek.go.id/wp-content/uploads/2025/03/Salinan-Kepmendiktisaintek-Nomor-63_M_KEP_2025-1-compressed-1.pdf,lldikti4.kemdiktisaintek.go.id,True,True,True,OK,,1,0,1,"laporan kinerja 2025 Kementerian Pendidikan Tinggi, Sains, dan Teknologi persentase dosen lektor lektor kepala guru besar",2273,232,5.69
20260918_113127,2026-09-18T11:54:12,gemma-4-26B-A4B-it,serper,0.0,165,760,Pendidikan,"KEMENTERIAN PENDIDIKAN TINGGI, SAINS, DAN TEKNOLOGI",PP 04.06 - Proporsi tenaga kerja lulusan pendidikan tinggi bidang STEM,"29,04",persen,True,False,True,True,90,siaran_pers,2025,"Program berjalan, ditandai dengan pelaksanaan kegiatan Anugerah Diktisaintek 2025 pada Desember 2025 serta adanya gerakan strategis seperti Gerakan STEM Indonesia Cerdas 2025-2027. Selain itu, terdapat upaya transformasi program studi melalui penguatan kurikulum berbasis kompetensi sains dan teknologi di lingkungan LLDIKTI. Kegiatan-kegiatan ini secara langsung mendukung peningkatan kualitas dan proporsi lulusan di bidang STEM.","Program berjalan ditandai dengan data PDDikti terbaru (per Oktober 2025) menunjukkan proporsi mahasiswa bidang STEM di Indonesia masih didominasi rumpun ilmu sosial-humaniora, dengan proporsi STEM secara keseluruhan diperkirakan hanya berkisar 18-19% dari total lulusan/mahasiswa - lebih rendah dari baseline 28,13% (kemungkinan beda metodologi/sumber data: Sakernas vs PDDikti). Pejabat Kemdiktisaintek (Jun 2026) juga masih menyatakan talenta STEM RI 'kurang dari 20 persen', mengindikasikan tren STAGNAN/tidak menunjukkan kenaikan menuju target 29,04%. Realisasi ditandai TRUE.",https://lldikti10.kemdiktisaintek.go.id/detail/transformasi-program-studi-didorong-secara-komprehensif-dan-berkelanjutan,lldikti10.kemdiktisaintek.go.id,True,True,True,OK,,2,0,2,"laporan kinerja 2025 Kementerian Pendidikan Tinggi, Sains, dan Teknologi lulusan STEM | siaran pers Kementerian Pendidikan Tinggi, Sains, dan Teknologi program pengembangan lulusan STEM 2025",4087,268,5.91
20260918_113127,2026-09-18T11:54:18,gemma-4-26B-A4B-it,serper,0.0,166,763,Infrastruktur,KEMENTERIAN PEKERJAAN UMUM,PP 02.12 - Kapasitas tampungan air,"59,31",m3/kapita,True,False,True,True,95,siaran_pers,2025,"Program berjalan, ditandai dengan peresmian 6 bendungan di awal tahun 2025 (seperti Bendungan Sidan) dan progres pembangunan bendungan lain seperti Bendungan Jragung yang ditargetkan selesai pada Oktober 2025 untuk menambah kapasitas tampungan air. Kegiatan fisik ini secara langsung berkontribusi pada peningkatan kapasitas tampungan air per kapita sesuai target indikator.","Program berjalan ditandai dengan kementerian PU melaporkan data operasional riil sistem tampungan air nasional yang aktif dikelola: 240 bendungan dengan kapasitas tampung 7,89 miliar m3, 601 situ/danau dengan volume 135,59 miliar m3, dan 10.789 sumur bor untuk antisipasi kekeringan - bukti sistem infrastruktur air berjalan nyata dan dikelola aktif (bukan rencana). Contoh operasional konkret: Waduk Kedungombo mengalirkan air irigasi untuk 72.664 ha lahan pertanian pada musim tanam 2025/2026. Namun angka indeks komposit 'kapasitas tampungan air' skala RPJMN (baseline 59,59, target 59,31) belum dikonfirmasi sebagai angka tunggal yang bisa dicocokkan langsung.",https://pu.go.id/berita/kementerian-pu-siap-resmikan-6-bendungan-di-awal-2025-untuk-dukung-swasembada-pangan-dan-air,pu.go.id,True,True,True,OK,,2,0,2,laporan kinerja 2025 Kementerian Pekerjaan Umum kapasitas tampungan air m3/kapita | siaran pers Kementerian Pekerjaan Umum pembangunan bendungan waduk 2025 kapasitas tampungan air,4144,263,5.66
20260918_113127,2026-09-18T11:54:27,gemma-4-26B-A4B-it,serper,0.0,167,764,Infrastruktur,KEMENTERIAN PEKERJAAN UMUM,PP 02.12 - Rasio kapasitas air baku terpasang terhadap kebutuhan penduduk,"53,01",persen,True,False,True,True,90,siaran_pers,2025,"Program berjalan, ditandai dengan pembentukan Satuan Tugas Transformasi Penyediaan Air Baku melalui Keputusan Menteri Pekerjaan Umum Nomor 740/KPTSM/M/2025. Selain itu, terdapat kegiatan nyata dalam optimalisasi air baku dari bendungan dan penyelesaian SPAM untuk mendukung ketahanan air pada tahun 2025.","Program berjalan ditandai dengan sistem pengelolaan air baku Kementerian PU terkonfirmasi aktif secara operasional (data bendungan, situ, sumur bor riil). Namun angka rasio spesifik 'kapasitas air baku terpasang terhadap kebutuhan penduduk' (baseline 53,34, target 53,01) belum ditemukan sebagai angka tunggal yang dipublikasikan terbuka untuk 2025 ",https://jdih.pu.go.id/detail-dokumen/KepmenPU-nomor-740KPTSMM-2025-tahun-2025-Satuan-Tugas-Transformasi-Penyediaan-Air-Baku-Penyelenggaraan-Sistem-Penyediaan-Air-Minum-dan-Penyelenggaraan-Sistem-Pengelolaan-Air-Limbah-Domestik,jdih.pu.go.id,True,True,True,OK,,3,0,3,"laporan kinerja 2025 Kementerian Pekerjaan Umum rasio kapasitas air baku terpasang terhadap kebutuhan penduduk | siaran pers Kementerian Pekerjaan Umum pembangunan infrastruktur air baku 2025 | site:pu.go.id ""air baku"" 2025",6540,334,9.45
20260918_113127,2026-09-18T11:54:36,gemma-4-26B-A4B-it,serper,0.0,168,777,Sosial,KEMENTERIAN KEBUDAYAAN,KP 08.02.03 - Jumlah kawasan pengajuan kebudayaan yang dikembangkan (kumulatif),3,kawasan,True,False,True,True,80,siaran_pers,2025,"Program berjalan, ditandai dengan adanya kolaborasi antara Kementerian Pariwisata dan Kementerian Kebudayaan pada Juli 2025 untuk mengangkat budaya sebagai daya tarik pariwisata serta pelaksanaan program CHANDI 2025 sebagai upaya strategis pemajuan kebudayaan. Meskipun detail angka kumulatif kawasan belum terperinci dalam cuplikan, kegiatan teknis terkait pemajuan kebudayaan secara konkret telah dilaksanakan pada tahun 2025.","Program berjalan ditandai dengan kementerian Kebudayaan aktif mengembangkan kawasan pemajuan kebudayaan melalui revitalisasi infrastruktur budaya (rumah adat, situs bersejarah, candi) yang telah menjangkau 845 penerima manfaat pada 2025, serta dukungan kepada masyarakat adat di seluruh provinsi.",https://kemenpar.go.id/berita/siaran-pers-kementerian-pariwisata-kementerian-kebudayaan-berkolaborasi-angkat-budaya-sebagai-daya-tarik-pariwisata,kemenpar.go.id,True,True,True,OK,,3,1,3,"laporan kinerja 2025 Kementerian Kebudayaan jumlah kawasan pengajuan kebudayaan yang dikembangkan | siaran pers Kementerian Kebudayaan pengembangan kawasan kebudayaan 2025 | site:kemenbud.go.id ""kawasan kebudayaan"" 2025",5936,313,9.07
20260918_113127,2026-09-18T11:54:43,gemma-4-26B-A4B-it,serper,0.0,169,778,Sosial,KEMENTERIAN KEBUDAYAAN,KP 08.02.04 - Persentase penduduk yang pernah terlibat sebagai pelaku/pendukung pertunjukan seni,"1,67",persen,True,False,True,True,85,media,2025,"Program berjalan, ditandai dengan adanya regulasi Renstra Kementerian Kebudayaan 2025-2029 yang mencakup program keterlibatan masyarakat dan pelaku seni dalam kegiatan budaya. Selain itu, terdapat kegiatan konkret seperti 'Bakti Negeri untuk Pelaku Seni dan Budaya 2025' yang menunjukkan adanya aktivitas dukungan terhadap pelaku seni pada tahun berjalan.","Program berjalan ditandai dengan indikator partisipasi masyarakat sebagai pelaku/pendukung pertunjukan seni dipantau melalui Susenas Modul Sosial Budaya dan Pendidikan (MSBP) BPS, dengan publikasi data tahun 2024 menunjukkan 52,55% penduduk menonton seni musik dan 26,96% menonton seni tari; data serupa juga dipublikasikan di tingkat daerah seperti DKI Jakarta pada 2025.",https://peraturan.bpk.go.id/Download/406645/Permenbud%20no%202%20th%202025-Renstra%20Kemenbud%202025-2029.pdf,peraturan.bpk.go.id,True,True,True,OK,,2,0,2,laporan kinerja 2025 Kementerian Kebudayaan persentase penduduk pelaku pertunjukan seni | kegiatan Kementerian Kebudayaan 2025 partisipasi pelaku pertunjukan seni,4095,268,7.12
20260918_113127,2026-09-18T11:54:53,gemma-4-26B-A4B-it,serper,0.0,170,779,Sosial,KEMENTERIAN KEBUDAYAAN,KP 08.02.04 - Jumlah wilayah ada yang dikembangkan dalam pemajuan kebudayaan,3,wilayah adat,True,False,True,True,80,siaran_pers,2025,"Program berjalan, ditandai dengan pelaksanaan berbagai kegiatan pemajuan kebudayaan oleh Balai Pelestarian Kebudayaan (BPK) di berbagai wilayah pada tahun 2025, seperti Pekan Nan Tumpah 2025 dan SABUDAYA 2025. Kegiatan ini merupakan bagian dari upaya teknis pengembangan dan pemanfaatan kebudayaan di tingkat wilayah.",Program berjalan ditandai dengan kementerian Kebudayaan memberikan dukungan pengembangan wilayah adat melalui program penguatan kapasitas dan lokakarya bagi masyarakat adat dan komunitas Penghayat Kepercayaan di seluruh provinsi Indonesia sepanjang 2025.,https://bpkwilayah3.kemenbud.go.id/news.detail/22,bpkwilayah3.kemenbud.go.id,True,True,True,OK,,3,0,3,"laporan kinerja 2025 Kementerian Kebudayaan jumlah wilayah pemajuan kebudayaan wilayah adat | siaran pers Kementerian Kebudayaan pengembangan wilayah pemajuan kebudayaan 2025 | site:kemenbud.go.id ""wilayah"" ""pemajuan kebudayaan"" 2025",6171,271,9.95
20260918_113127,2026-09-18T11:54:59,gemma-4-26B-A4B-it,serper,0.0,171,787,Infrastruktur,KEMENTERIAN KEHUTANAN,KP 02.12.04 - Jumlah mata air yang dipertahankan dan diselamatkan,60,unit,False,False,True,False,90,lkj,2025,"Program berjalan, ditandai dengan adanya laporan capaian kinerja pada dokumen Laporan Kinerja Kementerian Kehutanan yang mencatat realisasi jumlah mata air yang dipertahankan dan diselamatkan. Dokumen tersebut menunjukkan angka realisasi konkret untuk periode pelaksanaan tahun 2025.",Program tidak berjalan ditandai dengan belum ditemukan sumber berita/laporan resmi Kementerian Kehutanan yang melaporkan realisasi jumlah mata air yang dipertahankan/diselamatkan pada 2025 (target 60 titik). Perlu pencarian lanjut khusus ke publikasi Ditjen KSDAE atau Ditjen PDASRH Kementerian Kehutanan.,https://www.kehutanan.go.id/s/uploads/a_Final_L_Kj_Kemenhut_TW_II_TA_2026_6daa4bfaab.pdf,www.kehutanan.go.id,True,True,True,OK,,2,0,2,"laporan kinerja 2025 Kementerian Kehutanan jumlah mata air yang dipertahankan dan diselamatkan | site:kehutanan.go.id ""Jumlah mata air yang dipertahankan dan diselamatkan"" 2025",3890,238,5.93
20260918_113127,2026-09-18T11:55:02,gemma-4-26B-A4B-it,serper,0.0,172,788,Sosial,KEMENTERIAN KEHUTANAN,"KP 02.16.01 - Jumlah unit KSA, KPA, dan TB dengan kategori pengelolaan efektif",304,unit,True,False,True,True,90,lkj,2025,"Program berjalan, ditandai dengan adanya dokumen Laporan Kinerja Direktorat Jenderal KSDAE Tahun 2025 yang mencantumkan pelaksanaan penilaian peningkatan efektivitas perencanaan KSA/KPA/TB. Dokumen tersebut secara spesifik membahas pengelolaan kawasan konservasi yang efektif sebagai bagian dari indikator kinerja tahun 2025.","Program berjalan ditandai dengan KLHK melalui Ditjen KSDAE aktif melaksanakan penilaian efektivitas pengelolaan Kawasan Suaka Alam (KSA), Kawasan Pelestarian Alam (KPA), dan Taman Buru (TB) menggunakan Management Effectiveness Tracking Tool (METT), berpedoman pada Keputusan Dirjen KSDAE Nomor 175 Tahun 2025, dengan pelaksanaan hingga tingkat balai KSDA daerah seperti di Yogyakarta.",https://ksdae.kehutanan.go.id/storages/be73d863d92649c58d4d214b338c88ee.pdf,ksdae.kehutanan.go.id,True,True,True,OK,,1,0,1,laporan kinerja 2025 Kementerian Kehutanan jumlah unit KSA KPA TB pengelolaan efektif,2266,206,3.13
20260918_113127,2026-09-18T11:55:06,gemma-4-26B-A4B-it,serper,0.0,173,789,Infrastruktur,KEMENTERIAN KEHUTANAN,KP 02.16.01 - Luas areal preservasi yang dikembangkan,528,ha,False,False,True,False,90,lkj,2025,"Program berjalan, ditandai dengan adanya dokumen Laporan Kinerja 2025 Ditjen KSDAE yang mencantumkan pencapaian Indikator Kinerja Kegiatan (IKK) Luas Areal Preservasi yang Dikembangkan. Selain itu, terdapat kegiatan verifikasi data capaian indikator tersebut yang dilakukan pada tahun 2025.","Program tidak berjalan ditandai dengan belum ditemukan sumber berita/laporan resmi yang melaporkan realisasi luas areal preservasi yang dikembangkan pada 2025 (target 528, indikator baru). Perlu pencarian lanjut khusus ke publikasi Kementerian Kehutanan terkait program preservasi kawasan hutan.",https://ksdae.kehutanan.go.id/storages/1fa6d9f2e6d241cdb642450c46d0e2fb.pdf,ksdae.kehutanan.go.id,True,True,True,OK,,1,0,1,laporan kinerja 2025 Kementerian Kehutanan luas areal preservasi yang dikembangkan,2142,206,3.9
20260918_113127,2026-09-18T11:55:11,gemma-4-26B-A4B-it,serper,0.0,174,792,Sosial,KEMENTERIAN KEHUTANAN,KP 02.16.02 - Indeks Daftar Merah Nasional status keterancaman spesies,"0,75",Indeks,True,False,True,True,95,lkj,2025,"Program berjalan, ditandai dengan adanya laporan kinerja Ditjen KSDAE tahun 2025 yang mencantumkan capaian Indeks Daftar Merah Nasional status keterancaman spesies sebesar 0,75 poin. Pengukuran ini didasarkan pada Keputusan Direktur Jenderal KSDAE Nomor 253 Tahun 2025 yang mencakup 4.806 spesies tumbuhan dan satwa.","Program berjalan ditandai dengan KLHK/Ditjen KSDAE aktif menjalankan program konservasi spesies terancam punah, termasuk proyek GEF-7 'Investing in the Komodo Dragon and other globally threatened species in Flores' bersama UNDP untuk memperkuat perlindungan spesies yang memengaruhi status Daftar Merah Nasional.",https://www.kehutanan.go.id/s/uploads/a_Final_L_Kj_Kemenhut_TW_I_TA_2026_aab027be49.pdf,www.kehutanan.go.id,True,True,True,OK,,1,0,1,laporan kinerja 2025 Kementerian Kehutanan Indeks Daftar Merah Nasional spesies,2229,222,4.65
20260918_113127,2026-09-18T11:55:19,gemma-4-26B-A4B-it,serper,0.0,175,793,Sosial,KEMENTERIAN KEHUTANAN,KP 02.16.03 - Jumlah kelompok masyarakat yang dibina dalam upaya konservasi kawasan dan keanekaragaman hayati,200,kelompok,True,False,True,True,90,lkj,2025,"Program berjalan, ditandai dengan adanya pelaksanaan Rapat Koordinasi Perhutanan Sosial pada Oktober 2025 dan dokumen Laporan Kinerja Ditjen KSDAE 2025 yang mencakup pengelolaan konservasi serta pembinaan masyarakat. Selain itu, terdapat rencana strategis dan penganggaran konkret untuk pembinaan kelompok masyarakat dalam upaya konservasi pada tahun 2025.","Program berjalan ditandai dengan pembinaan kelompok masyarakat dalam konservasi kawasan dan keanekaragaman hayati aktif dijalankan melalui skema kemitraan konservasi dan Areal Konservasi Kelola Masyarakat (AKKM), yang hingga Mei 2025 tercatat seluas 647.457,49 hektare tersebar di 293 wilayah komunitas adat dan lokal, didukung Permen LH No. 2/2025 tentang imbal jasa lingkungan.",https://ksdae.kehutanan.go.id/storages/c7ef234ee5c94a0ab413567ad49d3167.pdf,ksdae.kehutanan.go.id,True,True,True,OK,,3,0,3,"laporan kinerja 2025 Kementerian Kehutanan jumlah kelompok masyarakat pembinaan konservasi | siaran pers Kementerian Kehutanan pembinaan kelompok masyarakat konservasi 2025 | site:kehutanan.go.id ""pembinaan"" ""kelompok masyarakat"" ""konservasi"" 2025",6447,294,8.12
20260918_113127,2026-09-18T11:55:23,gemma-4-26B-A4B-it,serper,0.0,176,794,Industri,BADAN PENYELENGGARA JAMINAN PRODUK HALAL,KP 02.13.03 - Jumlah produk tersertifikasi halal,7.000.000,produk,True,False,True,True,95,lkj,2025,"Program berjalan, ditandai dengan laporan kinerja BPJPH periode Juni 2025 yang mencatat realisasi sebanyak 576.579 produk tersertifikasi halal. Dokumen tersebut menunjukkan adanya aktivitas teknis sertifikasi yang sedang berlangsung pada tahun berjalan.","Program berjalan ditandai dengan program sertifikasi halal BPJPH sangat aktif berjalan dan bahkan melampaui target 2025 (7 juta produk): tercatat 9,8 juta produk bersertifikat halal per Okt 2025, termasuk terobosan sertifikasi gratis untuk warteg/warsun.",https://cmsbl.halal.go.id/uploads/Laporan_Kinerja_Juni_2025_V2_1_f6478d547b.pdf,cmsbl.halal.go.id,True,True,True,OK,,1,0,1,laporan kinerja 2025 Badan Penyelenggara Jaminan Produk Halal jumlah produk tersertifikasi halal,2207,189,3.81
20260918_113127,2026-09-18T11:55:26,gemma-4-26B-A4B-it,serper,0.0,177,797,Pangan,BADAN KARANTINA INDONESIA,KP 02.10.10 - Persentase pemasukan pekan yang tersertifikasi keamanan dan mutunya,80,persen,True,False,True,True,90,lkj,2025,"Program berjalan, ditandai dengan pelaksanaan pengawasan mutu dan keamanan pangan serta penerbitan sertifikat keamanan dan mutu oleh Badan Karantina Indonesia pada tahun 2025. Laporan kinerja menunjukkan adanya realisasi penerbitan sertifikat dalam rangka menjamin keamanan pangan dan pakan.","Program berjalan ditandai dengan sistem sertifikasi karantina untuk pemasukan pangan (keamanan & mutu) terkonfirmasi aktif dan operasional melalui Laporan Kinerja triwulanan Badan Karantina Indonesia yang sama dengan indikator lain di sektor ini (id 586, 654, 656) - mencakup proses sertifikasi berbasis dokumen (SPAN, e-kinerja) dengan data riil per balai. Sistem berjalan nyata, meski angka agregat nasional 80% belum dikonfirmasi sebagai satu angka tunggal.",https://karantinaindonesia.go.id/repository/main-web/performance-reports/01KWZTERV6N4T7JBGPM9894HRF.pdf,karantinaindonesia.go.id,True,True,True,OK,,1,0,1,laporan kinerja 2025 Badan Karantina Indonesia sertifikasi keamanan mutu pangan,2201,187,3.26
20260918_113127,2026-09-18T11:55:31,gemma-4-26B-A4B-it,serper,0.0,178,798,Industri,KEMENTERIAN KEHUTANAN,"KP 02.16.04 - Nilai PNBP dari pemanfaatan jasa lingkungan KSA, KPA dan TB",209,miliar rupiah,True,False,True,True,90,siaran_pers,2025,"Program berjalan, ditandai dengan adanya siaran pers resmi Kementerian Kehutanan pada Juli 2025 yang memaparkan laporan keuangan dan realisasi PNBP sektor kehutanan. Dokumen tersebut mengonfirmasi adanya aktivitas pemungutan PNBP dari pemanfaatan jasa lingkungan di kawasan konservasi pada tahun berjalan.",Program berjalan ditandai dengan skema PNBP jasa lingkungan kawasan konservasi (KSA/KPA/TB) berjalan dan terus diperbarui: PP 36/2024 serta Permenhut No. 27 & 28 Tahun 2025 yang mengatur tarif dan mekanisme pungutan PNBP jasa lingkungan di kawasan konservasi.,https://www.kehutanan.go.id/news/article-55,www.kehutanan.go.id,True,True,True,OK,,2,0,2,laporan kinerja 2025 Kementerian Kehutanan PNBP jasa lingkungan KSA KPA TB | siaran pers Kementerian Kehutanan realisasi PNBP jasa lingkungan 2025,4111,208,4.58
20260918_113127,2026-09-18T11:55:33,gemma-4-26B-A4B-it,serper,0.0,179,802,Industri,KEMENTERIAN KEHUTANAN,KP 02.21.01 - Nilai ekspor produk kehutanan,"15,42",miliar USD,True,False,True,True,90,lkj,2025,"Program berjalan, ditandai dengan adanya laporan capaian kinerja tahun 2025 yang mencatat nilai ekspor produk kehutanan di bawah Direktorat Jenderal Pengelolaan Hutan Lestari. Dokumen menunjukkan realisasi nilai ekspor dan bioprospecting pada tahun 2025 telah tercatat dalam laporan kinerja kementerian.","Program berjalan ditandai dengan ekspor produk kehutanan terus berjalan dan dipantau pemerintah: nilai ekspor produk kehutanan 2024 tercatat US$12,73 miliar (APHI/Kemenhut), ekspor kayu olahan ke AS 2025 mencapai US$1,94 miliar, meski Kemenhut mengakui tren nilainya stagnan.",https://ksdae.kehutanan.go.id/storages/c7ef234ee5c94a0ab413567ad49d3167.pdf,ksdae.kehutanan.go.id,True,True,True,OK,,1,0,1,laporan kinerja 2025 Kementerian Kehutanan ekspor produk kehutanan,2206,200,2.03
20260918_113127,2026-09-18T11:55:39,gemma-4-26B-A4B-it,serper,0.0,180,806,Birokrasi,KEMENTERIAN KEHUTANAN,KP 02.21.04-Desa yang menggunakan data dan informasi batas kawasan hutan sebagai rujukan dalam peta wilayah desa,528,desa,True,False,True,True,90,lkj,2025,"Program berjalan, ditandai dengan adanya dokumen Laporan Kinerja (LKj) Ditjen Planologi Kehutanan Tahun 2025 yang mencantumkan indikator tersebut sebagai bagian dari capaian kinerja tahunan. Selain itu, terdapat dokumen pengesahan DIPA tahun 2026 yang merujuk pada pelaksanaan kegiatan indikator ini pada tahun anggaran 2025.","Program berjalan ditandai dengan ditjen Planologi Kehutanan dan Tata Lingkungan telah melakukan pemetaan dan integrasi data batas kawasan hutan sebagai rujukan wilayah desa: dari 25.468 desa yang wilayahnya beririsan kawasan hutan, 2.764 desa telah diselesaikan menjadi Areal Penggunaan Lain (APL) dan 2.614 desa masih dalam proses penyelesaian melalui mekanisme TORA.",https://planologi.kehutanan.go.id/assets/img/publication/LKJ%20Ditjen%20Planhut%20Tahun%202025.pdf,planologi.kehutanan.go.id,True,True,True,OK,,2,0,2,"laporan kinerja 2025 Kementerian Kehutanan desa menggunakan data batas kawasan hutan | site:kehutanan.go.id ""desa yang menggunakan data dan informasi batas kawasan hutan"" 2025",4057,253,5.95
20260918_113127,2026-09-18T11:55:46,gemma-4-26B-A4B-it,serper,0.0,181,807,Sosial,KEMENTERIAN KEHUTANAN,KP 02.21.05 - Kelompok masyarakat di dalam dan sekitar kawasan hutan yang dilibatkan dalam pengelolaan hutan(kelompok,15.574,kelompok,True,False,True,True,90,lkj,2025,"Program berjalan, ditandai dengan adanya laporan realisasi fasilitasi dan pembinaan terhadap kelompok masyarakat dalam pemanfaatan kawasan hutan pada tahun 2025 melalui Balai Pengelolaan Hutan Lestari. Selain itu, terdapat bukti kegiatan peninjauan pengelolaan perhutanan sosial oleh Menteri Kehutanan yang berlangsung pada Februari 2025.","Program berjalan ditandai dengan KLHK/Kementerian Kehutanan aktif melibatkan kelompok masyarakat sekitar kawasan hutan dalam pengelolaan hutan melalui Program Perhutanan Sosial, dengan capaian per akhir 2025 mencapai sekitar 8,33 juta hektare melalui lebih dari 11 ribu SK bagi 1,4 juta kepala keluarga, dan Perhutanan Sosial telah ditetapkan sebagai Proyek Strategis Nasional oleh Presiden Prabowo Subianto.",https://phl.kehutanan.go.id/media/publikasi/publikasi_file_1770607593.pdf,phl.kehutanan.go.id,True,True,True,OK,,2,0,2,"laporan kinerja 2025 Kementerian Kehutanan kelompok masyarakat pengelolaan hutan | site:kehutanan.go.id ""kelompok masyarakat"" pengelolaan hutan 2025",4035,227,7.07
20260918_113127,2026-09-18T11:55:52,gemma-4-26B-A4B-it,serper,0.0,182,808,Kesehatan,BADAN GIZI NASIONAL,KP 04.12.01 - Persentase siswa SD/MI/sederajat yang mendapatkan bantuan makanan bergizi,24,persen,True,False,True,True,95,bps_setkab,2025,"Program berjalan, ditandai dengan realisasi anggaran bantuan Makan Bergizi Gratis (MBG) oleh Badan Gizi Nasional yang mencapai Rp1,91 triliun per 16 Mei 2025. Implementasi program ini telah menyasar jutaan penerima manfaat, termasuk siswa sekolah, sebagai bagian dari intervensi gizi nasional.","Program berjalan ditandai dengan pelaksanaan bertahap mulai SD/MI; mencatat >36,7 juta penerima manfaat per Oktober 2025, target ekuivalen ~83 juta penerima (100%) pada 2029.",https://djpb.kemenkeu.go.id/kppn/manna/id/data-publikasi/artikel/3240-implementasi-program-makan-bergizi-gratis-pada-wilayah-semaku.html,djpb.kemenkeu.go.id,True,True,True,OK,,2,0,2,laporan kinerja 2025 Badan Gizi Nasional persentase siswa SD bantuan makanan bergizi | realisasi program makan bergizi gratis Badan Gizi Nasional 2025 siswa SD,4027,255,6.51
20260918_113127,2026-09-18T11:55:58,gemma-4-26B-A4B-it,serper,0.0,183,817,Infrastruktur,KEMENTERIAN PEKERJAAN UMUM,KP 06.07.01 - Rumah tangga perdesaan dengan akses sanitasi aman,6,persen,True,False,True,True,85,media,2025,"Program berjalan, ditandai dengan pelaksanaan sosialisasi Program Sanitasi Berbasis Masyarakat (SANIMAS) Tahun Anggaran 2025 oleh Kementerian Pekerjaan Umum. Terdapat bukti kegiatan teknis berupa pertemuan terkait program sanitasi di lingkungan Kementerian PU pada Juli 2025.","Program berjalan ditandai dengan Bappenas mempresentasikan data kondisi sanitasi nasional (air limbah domestik) tahun 2024: capaian 10,25% (7 juta rumah tangga) dari target 2029 sebesar 30% - mengonfirmasi sistem pemantauan sanitasi aman aktif berjalan secara nasional dan berbasis data riil (bukan rencana). Namun angka spesifik untuk 'rumah tangga PERDESAAN dengan akses sanitasi aman' (baseline 4,77%, target 6% untuk 2025) belum dikonfirmasi terpisah dari angka nasional gabungan yang ditemukan.",https://www.youtube.com/watch?v=weC_rg3-BGY,www.youtube.com,False,True,True,OK,,2,0,2,laporan kinerja 2025 Kementerian Pekerjaan Umum akses sanitasi aman perdesaan | kegiatan pembangunan sanitasi perdesaan Kementerian Pekerjaan Umum 2025,3891,199,6.11
20260918_113127,2026-09-18T11:56:04,gemma-4-26B-A4B-it,serper,0.0,184,819,Kesehatan,KEMENTERIAN KOORDINATOR BIDANG PEMBANGUNAN MANUSIA DAN KEBUDAYAAN,PN 04 - Angka kelahiran total (Total fertility rate),"2,12",Rata - rata kelahiran per wanita usia subur (WUS) 15 - 49 Tahun,True,False,True,True,90,siaran_pers,2025,"Program berjalan, ditandai dengan adanya kegiatan diskusi penurunan fertilitas antara Kemendukbangga/BKKBN dengan UNFPA pada Februari 2025 serta adanya regulasi BKKBN No. 4 Tahun 2025 yang mengatur indikator pengendalian fertilitas. Kegiatan teknis pengendalian kuantitas penduduk juga terus dilakukan untuk mengatasi disparitas fertilitas antar provinsi.","Program berjalan ditandai dengan TFR dikalibrasi turun secara landai menuju 2,10 (replacement level) guna mempertahankan rasio ketergantungan ideal untuk bonus demografi.",https://www.kemendukbangga.go.id/posts/eb2d668f-a1c7-40e1-9b64-1a9f22930d0e-kemendukbangga-komunitas-berencana-wujudkan-keluarga-berkualitas,www.kemendukbangga.go.id,True,True,True,OK,,2,0,2,laporan kinerja 2025 Kemenko PMK angka kelahiran total total fertility rate | kegiatan pengendalian fertilitas BKKBN 2025 siaran pers,4183,273,5.35
20260918_113127,2026-09-18T11:56:10,gemma-4-26B-A4B-it,serper,0.0,185,820,Sosial,KEMENTERIAN LINGKUNGAN HIDUP/BADAN PENGENDALIAN LINGKUNGAN HIDUP,PP 02.16 - Indeks Pengurangan Ancaman Kehilangan Keanekaragaman Hayati,"0,51",Indeks,True,False,True,True,90,media,2025,"Program berjalan, ditandai dengan adanya hasil pengukuran Indeks Pengurangan Ancaman Kehilangan Keanekaragaman Hayati (IPK) pada tahun 2025 oleh KLH/BPLH dengan capaian sebesar 0,4295. Data ini menunjukkan pelaksanaan teknis pengukuran indikator tersebut di tahun berjalan.","Program berjalan ditandai dengan KLH/BPLH bersama Bappenas dan BRIN meluncurkan dokumen 'Status Kekinian Keanekaragaman Hayati' (Agustus 2025) sebagai basis pemantauan Indeks Pengurangan Ancaman Kehilangan Kehati, sejalan dengan strategi IBSAP 2025-2045 yang mencakup restorasi ekosistem kritis dan penguatan kawasan konservasi.",https://lcdi-indonesia.id/keanekaragaman-hayati/,lcdi-indonesia.id,False,True,True,OK,,2,0,2,"laporan kinerja 2025 Kementerian Lingkungan Hidup Badan Pengendalian Lingkungan Hidup Indeks Pengurangan Ancaman Kehilangan Keanekaragaman Hayati | ""Indeks Pengurangan Ancaman Kehilangan Keanekaragaman Hayati"" 2025 KLH BPLH",3881,227,6.36
20260918_113127,2026-09-18T11:56:18,gemma-4-26B-A4B-it,serper,0.0,186,827,Infrastruktur,KEMENTERIAN LINGKUNGAN HIDUP/BADAN PENGENDALIAN LINGKUNGAN HIDUP,KP 02.16.01 - Jumlah unit pengelola taman kehati yang difasilitasi perencanaan dan pengelolanya,2,unit,False,False,True,False,90,siaran_pers,2025,"Program berjalan, ditandai dengan pelaksanaan Rakornas Kehati 2025 yang bertujuan menyatukan visi daerah dalam menjaga kekayaan hayati dan penguatan regulasi pengelolaan keanekaragaman hayati. Kegiatan ini merupakan bentuk fasilitasi teknis dan koordinasi pemerintah pusat terhadap daerah terkait pengelolaan keanekaragaman hayati pada tahun 2025.","Program tidak berjalan ditandai dengan belum ditemukan sumber berita/laporan resmi Kementerian Lingkungan Hidup/BPLH yang melaporkan realisasi jumlah unit pengelola taman keanekaragaman hayati (taman kehati) yang difasilitasi pada 2025 (target 2 unit, sama dengan baseline).",https://kemenlh.go.id/news/detail/rakornas-kehati-2025-menteri-lh-ajak-daerah-satukan-visi-jaga-kekayaan-hayati-indonesia,kemenlh.go.id,True,True,True,OK,,3,0,3,"laporan kinerja 2025 Kementerian Lingkungan Hidup Badan Pengendalian Lingkungan Hidup taman kehati | site:kemenlh.go.id ""Rakornas Kehati 2025"" taman kehati pengelola | ""Rakornas Kehati 2025"" taman kehati pengelola fasilitasi",5616,301,7.56
20260918_113127,2026-09-18T11:56:25,gemma-4-26B-A4B-it,serper,0.0,187,828,Birokrasi,KEMENTERIAN LINGKUNGAN HIDUP/BADAN PENGENDALIAN LINGKUNGAN HIDUP,KP 02.16.03 - Jumlah dokumen pemantauan dan evaluasi implementasi konvensi keanekaragaman hayati dan protokol/kebijakan turunannya di indonesia,1,dokumen,True,False,True,True,90,siaran_pers,2025,"Program berjalan, ditandai dengan adanya kegiatan konsultasi publik penyusunan National Report ke-7 CBD (Convention on Biological Diversity) yang merupakan dokumen pemantauan dan evaluasi implementasi konvensi keanekaragaman hayati. Kegiatan ini tercatat dalam publikasi resmi Balai Kliring Kehati yang mencakup implementasi kerangka kerja global (KM-GBF) dan IBSAP pada tahun 2025.","Program berjalan ditandai dengan KLH/BPLH bersama Bappenas dan BRIN telah meluncurkan dokumen 'Status Kekinian Keanekaragaman Hayati' (19 Agustus 2025) sebagai bentuk pemantauan dan evaluasi implementasi Konvensi Keanekaragaman Hayati (CBD) dan Protokol Nagoya, sejalan dengan IBSAP 2025-2045.",https://balaikliringkehati.kemenlh.go.id/2026/02/19/konsultasi-publik-penyusunan-national-report-ke-7-cbd-penguatan-integrasi-kebijakan-data-dan-kolaborasi-menuju-implementasi-km-gbf-dan-ibsap-2025-2045/,balaikliringkehati.kemenlh.go.id,True,True,True,OK,,3,0,3,"laporan kinerja 2025 Kementerian Lingkungan Hidup Badan Pengendalian Lingkungan Hidup dokumen pemantauan evaluasi keanekaragaman hayati | site:kemenlh.go.id ""pemantauan"" ""evaluasi"" ""keanekaragaman hayati"" 2025 | site:kemenlh.go.id ""National Report"" ""CBD"" 2025",6558,368,7.64
20260918_113127,2026-09-18T11:56:32,gemma-4-26B-A4B-it,serper,0.0,188,832,Infrastruktur,KEMENTERIAN LINGKUNGAN HIDUP/BADAN PENGENDALIAN LINGKUNGAN HIDUP,KP 02.17.01 - Jumlah sungai dan danau yang mengalami peningkatan status mutu,5,lokasi,True,False,True,True,90,siaran_pers,2025,"Program berjalan, ditandai dengan adanya hasil pemantauan kualitas air nasional tahun 2025 yang mencakup 1.926 sungai dan 109 danau/situ. Kementerian Lingkungan Hidup/BPLH juga telah mempublikasikan dokumen Laporan Kinerja Tahun 2025 untuk unit kerja terkait.",Program berjalan ditandai dengan laporan resmi KLH/BPLH Oktober 2025: KLH/BPLH menyebut telah terjadi peningkatan kualitas mutu air di 1.066 sungai pada 2025 dibandingkan penilaian pada 2024.,https://kemenlh.go.id/news/detail/menteri-lh-komunitas-sungai-jadi-garda-terdepan-gerakan-pulihkan-sungai-indonesia,kemenlh.go.id,True,True,True,OK,,2,0,2,laporan kinerja 2025 Kementerian Lingkungan Hidup Badan Pengendalian Lingkungan Hidup peningkatan status mutu sungai danau | siaran pers Kementerian Lingkungan Hidup Badan Pengendalian Lingkungan Hidup peningkatan status mutu sungai danau 2025,3968,255,6.55
20260918_113127,2026-09-18T11:56:38,gemma-4-26B-A4B-it,serper,0.0,189,835,Birokrasi,KEMENTERIAN LINGKUNGAN HIDUP/BADAN PENGENDALIAN LINGKUNGAN HIDUP,KP 02.17.02 - Jumlah kab/kota yang mengalami peningkatan IRLH sektor udara,5,kab/kota,True,False,True,True,90,siaran_pers,2025,"Program berjalan, ditandai dengan siaran pers resmi KLH/BPLH pada Juni 2025 yang menyatakan penguatan penilaian Indeks Respon Lingkungan Hidup (IRLH) sebagai instrumen strategis nasional. Penilaian kinerja lingkungan hidup daerah ini mencakup aspek kualitas udara dan dilaksanakan terhadap kabupaten/kota di seluruh Indonesia pada periode 2025.","Program berjalan ditandai dengan KLH/BPLH secara resmi memperkuat pelaksanaan Indeks Respon Lingkungan Hidup (IRLH) sebagai instrumen penilaian kinerja pemda dalam pengelolaan lingkungan hidup (diumumkan 24 Juni 2025). Data capaian tahun sebelumnya (2024) mencatat sejumlah kab/kota mengalami perbaikan status kualitas udara, menunjukkan mekanisme pemantauan IRLH sektor udara berjalan.",https://www.kemenlh.go.id/news/detail/klhbplh-perkuat-penilaian-kinerja-lingkungan-hidup-daerah-sebagai-instrumen-strategis-nasional,www.kemenlh.go.id,True,True,True,OK,,2,0,2,laporan kinerja 2025 Kementerian Lingkungan Hidup Badan Pengendalian Lingkungan Hidup IRLH udara | siaran pers KLH BPLH penilaian kinerja lingkungan hidup daerah IRLH 2025,3944,258,6.59
20260918_113127,2026-09-18T11:56:44,gemma-4-26B-A4B-it,serper,0.0,190,839,Industri,KEMENTERIAN LINGKUNGAN HIDUP/BADAN PENGENDALIAN LINGKUNGAN HIDUP,KP 02.17.03 - Jumlah industri dan atau pelabuhan yang membuang air limbah ke laut yang memenuhi baku mutu air limbah,36,pelabuhan/industri,True,False,True,True,90,bappenas,2025,"Program berjalan, ditandai dengan pencantuman indikator KP 02.17.03 dalam dokumen perencanaan resmi tahun 2025 (Perpres Nomor 117 Tahun 2025) yang menetapkan target capaian untuk tahun berjalan. Selain itu, terdapat publikasi dokumen Laporan Kinerja Tahun 2025 dari unit kerja lingkup KLH/BPLH yang menunjukkan adanya aktivitas pelaporan kinerja tahun tersebut.","Program berjalan ditandai dengan KLH/BPLH aktif menerbitkan & menegakkan regulasi baku mutu air limbah untuk industri/pelabuhan: Permen LH/BPLH No. 11/2025 (air limbah domestik) dan No. 12/2025 (industri tekstil), bagian dari sistem pengawasan baku mutu yang terus berjalan.",https://peraturan.bpk.go.id/Download/406773/4.%20Lampiran%20III%20Perpres%20Nomor%20117%20Tahun%202025.pdf,peraturan.bpk.go.id,True,True,True,OK,,3,1,3,"laporan kinerja 2025 Kementerian Lingkungan Hidup Badan Pengendalian Lingkungan Hidup limbah laut pelabuhan industri | site:kemenlh.go.id ""limbah laut"" pelabuhan industri 2025 | ""KP 02.17.03"" limbah laut pelabuhan industri 2025",5526,333,6.03
20260918_113127,2026-09-18T11:56:51,gemma-4-26B-A4B-it,serper,0.0,191,842,Sosial,KEMENTERIAN LINGKUNGAN HIDUP/BADAN PENGENDALIAN LINGKUNGAN HIDUP,KP 02.17.04- Indeks Kualitas Tutupan Lahan,"77,98",Indeks,True,False,True,True,90,bps_setkab,2025,"Program berjalan, ditandai dengan adanya publikasi resmi Statistik Lingkungan Hidup Volume I Tahun 2025 oleh Kementerian Lingkungan Hidup yang memuat data Indeks Kualitas Tutupan Lahan (IKTL). Selain itu, terdapat dokumen Laporan Kinerja Tahun 2025 untuk unit kerja di lingkup KLH/BPLH yang menunjukkan aktivitas pengelolaan indikator tersebut.","Program berjalan ditandai dengan KLHK secara rutin menghitung dan mempublikasikan Indeks Kualitas Tutupan Lahan (IKTL) sebagai komponen Indeks Kualitas Lingkungan Hidup (IKLH) berdasarkan Permen LHK No. 27 Tahun 2021, dengan data resmi dipublikasikan melalui portal Satu Data Indonesia (data.go.id) dan dipantau tren tahunannya oleh Ditjen PPKL.",https://statistik.kemenlh.go.id/admin-office/storage/publikasi/statistik-lingkungan-hidup-volume-i-tahun-2025.pdf,statistik.kemenlh.go.id,True,True,True,OK,,3,0,3,"laporan kinerja 2025 Kementerian Lingkungan Hidup Badan Pengendalian Lingkungan Hidup Indeks Kualitas Tutupan Lahan | site:kemenlh.go.id ""Indeks Kualitas Tutupan Lahan"" 2025 | site:kemenlh.go.id ""Indeks Kualitas Tutupan Lahan"" 2025 kegiatan",6445,303,6.47
20260918_113127,2026-09-18T11:56:58,gemma-4-26B-A4B-it,serper,0.0,192,850,Birokrasi,KEMENTERIAN LINGKUNGAN HIDUP/BADAN PENGENDALIAN LINGKUNGAN HIDUP,KP 02.17.07 - Jumlah usaha/kegiatan/izin pengelolaan SDA dan lingkungan yang diawasi ketaatannya,80,izin,True,False,True,True,90,lkj,2025,"Program berjalan, ditandai dengan adanya publikasi Laporan Kinerja Tahun 2025 dari unit kerja di lingkup Kementerian Lingkungan Hidup/Badan Pengendalian Lingkungan Hidup yang mencakup program pembinaan dan pengawasan izin lingkungan. Dokumen resmi menunjukkan pelaksanaan kegiatan pengawasan ketaatan sebagai bagian dari akuntabilitas kinerja tahun berjalan.","Program berjalan ditandai dengan KLH/BPLH melalui program PROPER 2025 telah melakukan evaluasi ketaatan pengelolaan lingkungan terhadap 5.476 perusahaan peserta, serta pembinaan dan pengawasan terhadap kawasan industri di Jabodetabek sejak Februari 2025 dengan verifikasi lapangan pada 270 perusahaan.",https://kemenlh.go.id/news/detail/publikasi-dokumen-laporan-kinerja-tahun-2025-unit-kerja-eselon-ii-lingkup-klhbplh,kemenlh.go.id,True,True,True,OK,,3,1,3,"laporan kinerja 2025 Kementerian Lingkungan Hidup Badan Pengendalian Lingkungan Hidup pengawasan ketaatan izin SDA lingkungan | site:kemenlh.go.id ""Laporan Kinerja Tahun 2025"" pengawasan ketaatan izin SDA lingkungan | ""Laporan Kinerja Tahun 2025"" Kementerian Lingkungan Hidup pengawasan ketaatan izin",5696,306,6.84
20260918_113127,2026-09-18T11:57:06,gemma-4-26B-A4B-it,serper,0.0,193,852,Birokrasi,KEMENTERIAN LINGKUNGAN HIDUP/BADAN PENGENDALIAN LINGKUNGAN HIDUP,"KP 02.17.07 - Layanan KLHS dan instrumen lingkungan hidup yang terintegrasi dalam kebijakan, rencana dan program",40,layanan,True,False,True,True,85,siaran_pers,2025,"Program berjalan, ditandai dengan adanya sistem SIERRA (Sistem Informasi Evaluasi dan Rekomendasi Analisis) yang secara aktif menghimpun instrumen pencegahan dampak lingkungan seperti KLHS, D3TLH, dan IELH di lingkup Kementerian Lingkungan Hidup. Selain itu, terdapat publikasi resmi mengenai dokumen Laporan Kinerja Tahun 2025 untuk unit kerja eselon II di lingkup KLH/BPLH yang menunjukkan aktivitas operasional kementerian pada tahun berjalan.","Program berjalan ditandai dengan layanan Kajian Lingkungan Hidup Strategis (KLHS) sebagai instrumen integrasi lingkungan hidup ke dalam kebijakan, rencana, dan program terus dilaksanakan, termasuk pada level nasional melalui dokumen KLHS untuk Rencana Pembangunan Jangka Panjang Nasional (RPJPN) 2025-2045.",https://kemenlh.go.id/news/detail/publikasi-dokumen-laporan-kinerja-tahun-2025-unit-kerja-eselon-ii-lingkup-klhbplh,kemenlh.go.id,True,True,True,OK,,3,1,3,"laporan kinerja 2025 Kementerian Lingkungan Hidup KLHS layanan instrumen lingkungan hidup | site:kemenlh.go.id ""Laporan Kinerja Tahun 2025"" KLHS layanan instrumen lingkungan hidup | ""KLHS"" layanan instrumen lingkungan hidup Kementerian Lingkungan Hidup 2025",5313,329,7.89
20260918_113127,2026-09-18T11:57:14,gemma-4-26B-A4B-it,serper,0.0,194,855,Birokrasi,KEMENTERIAN LINGKUNGAN HIDUP/BADAN PENGENDALIAN LINGKUNGAN HIDUP,KP 02.17.08 - Persentase penerbitan perizinan berusaha terkait persetujuan lingkungan di bidang lingkungan hidup dan SDA berkelanjutan,65,persen,True,False,True,True,90,siaran_pers,2025,"Program berjalan, ditandai dengan adanya penyempurnaan proses bisnis layanan Persetujuan Lingkungan melalui sistem Amdalnet yang mulai diberlakukan secara menyeluruh pada 14 Juli 2025. Selain itu, terdapat regulasi baru berupa Peraturan Menteri Lingkungan Hidup/Badan Pengendalian Lingkungan Hidup Nomor 22 Tahun 2025 yang mengatur kewenangan penerbitan persetujuan lingkungan.","Program berjalan ditandai dengan layanan penerbitan Persetujuan Lingkungan bagi perizinan berusaha aktif dijalankan melalui PTSP KLHK (ptsp.menlhk.go.id), dengan penguatan regulasi terbaru PP Nomor 28 Tahun 2025 tentang Perizinan Berusaha Berbasis Risiko dan Permen LH/BPLH Nomor 22 Tahun 2025 tentang Kewenangan Penerbitan Persetujuan Lingkungan.",https://amdalnet.kemenlh.go.id/,amdalnet.kemenlh.go.id,True,True,True,OK,,3,0,3,"laporan kinerja 2025 Kementerian Lingkungan Hidup Badan Pengendalian Lingkungan Hidup persetujuan lingkungan | site:kemenlh.go.id ""persetujuan lingkungan"" 2025 | site:kemenlh.go.id ""persetujuan lingkungan"" 2025 layanan perizinan",6297,276,8.4
20260918_113127,2026-09-18T11:57:20,gemma-4-26B-A4B-it,serper,0.0,195,859,Sosial,KEMENTERIAN LINGKUNGAN HIDUP/BADAN PENGENDALIAN LINGKUNGAN HIDUP,KP 02.19.03 - Reduksi emisi GRK sektor kelautan pesisir,"14,59",juta ton CO2,True,False,True,True,95,siaran_pers,2025,"Program berjalan, ditandai dengan adanya siaran pers resmi KLH/BPLH pada September 2025 mengenai dorongan integritas MRV untuk mencapai target penurunan emisi GRK serta penguatan sinergi pengendalian perubahan iklim sektor kelautan melalui instrumen nilai ekonomi karbon. Kegiatan ini mencakup implementasi Peraturan Presiden Nomor 110 Tahun 2025 terkait penyelenggaraan instrumen nilai ekonomi karbon.","Program berjalan, ditandai dengan penyusunan tahap akhir Second Nationally Determined Contribution (Second NDC) oleh Kementerian LH/BPLH (18 Juli 2025), yang untuk pertama kalinya secara eksplisit memasukkan sektor kelautan sebagai bagian target reduksi emisi GRK nasional periode 2031-2035 yang telah perluasan cakupan dari NDC sebelumnya yang belum mencakup sektor ini secara spesifik. Menteri LH Hanif Faisol Nurofiq menegaskan Indonesia harus menekan emisi hingga ~459 juta ton CO2e melalui langkah terkoordinasi di berbagai sektor termasuk kelautan",https://kemenlh.go.id/news/detail/klhbplh-dorong-integritas-mrv-untuk-capai-target-penurunan-emisi-grk-2030,kemenlh.go.id,True,True,True,OK,,2,0,2,laporan kinerja 2025 Kementerian Lingkungan Hidup reduksi emisi GRK sektor kelautan pesisir | siaran pers Kementerian Lingkungan Hidup reduksi emisi GRK sektor kelautan pesisir 2025,4180,276,5.98
20260918_113127,2026-09-18T11:57:27,gemma-4-26B-A4B-it,serper,0.0,196,860,Sosial,KEMENTERIAN LINGKUNGAN HIDUP/BADAN PENGENDALIAN LINGKUNGAN HIDUP,KP 02.19.05 - Reduksi emisi GRK sektor limbah,"14,13",juta ton CO2,True,False,True,True,90,media,2025,"Program berjalan, ditandai dengan adanya aktivitas reduksi emisi GRK sektor limbah yang terdaftar dalam Sistem Registri Nasional (SRN) melalui metode ekonomi sirkular dan manajemen limbah. Implementasi konkret terlihat pada proyek mitigasi seperti biokonversi maggot BSF dan penggunaan metana sebagai pengganti LPG untuk mengurangi emisi CH4. Data ini menunjukkan kegiatan teknis pengurangan emisi di sektor limbah sedang berlangsung sesuai target.","Program berjalan, ditandai dengan penegasan resmi Wakil Menteri LH Diaz Hendropriyono soal target reduksi emisi sektor limbah 40 juta ton CO2 (Juni 2026) dalam Ministerial Dialogue on Climate Change yang menekankan pemilahan sampah dari hulu sebagai kunci keberhasilan, mendukung teknologi Waste to Energy (WTE) dan RDF Plant. Program didukung Kepmen LHK No. 842 Tahun 2024 (kebijakan Zero Waste Zero Emission) dan proyek konkret World Bank Local Service Delivery Improvement Project (LSDP) senilai USD 350 juta yang disetujui Desember 2025 untuk mendukung pengelolaan sampah perkotaan",https://srnindonesia.kemenlh.go.id/,srnindonesia.kemenlh.go.id,True,True,True,OK,,3,1,3,"laporan kinerja 2025 Kementerian Lingkungan Hidup reduksi emisi GRK sektor limbah | site:kemenlh.go.id ""reduksi emisi"" limbah 2025 | site:srnindonesia.kemenlh.go.id ""sektor limbah"" 2025",5885,273,6.64
20260918_113127,2026-09-18T11:57:37,gemma-4-26B-A4B-it,serper,0.0,197,862,Industri,KEMENTERIAN PERDAGANGAN,KP 05.05.01 - Kontribusi perdagangan besar dan eceran terhadap PDRB di Pulau Kalimantan,"10,65",persen,True,False,False,False,80,tidak_ada,2025,"Program belum berjalan, ditandai dengan tidak ditemukannya bukti kegiatan teknis atau capaian realisasi indikator kontribusi perdagangan terhadap PDRB Kalimantan pada dokumen laporan kinerja Kementerian Perdagangan tahun 2025. Hasil pencarian hanya menunjukkan dokumen rencana atau daftar isi laporan kinerja yang belum memuat data realisasi spesifik untuk indikator tersebut.","Program berjalan, ditandai dengan terselenggaranya Konsultasi Regional PDRB Kasulampua (Kalimantan, Sulawesi, Maluku, Papua) 2025 oleh BPS RI di Banjarmasin, Kalimantan Selatan (12 Juni 2025), forum resmi koordinasi data ekonomi regional yang mencakup sektor perdagangan, dihadiri Wakil Kepala BPS RI. Sebagai konteks pendukung tingkat provinsi, sektor Perdagangan Besar dan Eceran di Kalimantan Selatan tercatat berkontribusi 10,9% terhadap PDRB pada 2023 (tren naik dari 9,7% di 2019), menunjukkan sektor ini terus tumbuh sejalan dengan arah target nasional",https://ditjenpdn.kemendag.go.id/berkala/laporan-kinerja/lapkin-2025,ditjenpdn.kemendag.go.id,True,True,True,OK,,3,1,3,"laporan kinerja 2025 Kementerian Perdagangan kontribusi perdagangan besar dan eceran PDRB Kalimantan | site:kemendag.go.id ""Laporan Kinerja 2025"" perdagangan besar eceran Kalimantan | ""Laporan Kinerja 2025"" Kementerian Perdagangan realisasi indikator PDRB Kalimantan",5273,278,10.18
20260918_113127,2026-09-18T11:57:40,gemma-4-26B-A4B-it,serper,0.0,198,866,Sosial,"KEMENTERIAN USAHA MIKRO, KECIL, DAN MENENGAH",PP 03.03 - Rasio kewirausahaan,"3,10",persen,True,False,True,True,90,media,2025,"Program berjalan, ditandai dengan pelaksanaan Program E-Hub Terpadu yang mendorong pertumbuhan wirausaha baru untuk mencapai target rasio kewirausahaan 2025 sebesar 3,29%. Capaian ini telah dilaporkan melampaui target nasional yang ditetapkan sebesar 3,10%.","Program berjalan dan melampaui target, ditandai dengan Kementerian UMKM secara resmi mengumumkan rasio kewirausahaan nasional 2025 mencapai 3,29%, melampaui target RPJMN 2025-2029 sebesar 3,10% (diumumkan Deputi Bidang Kewirausahaan Siti Azizah, 17 Desember 2025). Capaian didorong program Entrepreneur Hub (E-Hub) Terpadu  hingga November 2025 telah menjangkau 7.980 wirausaha penerima manfaat di 10 provinsi dan 14.084 wirausaha terhubung dalam ekosistem E-Hub, dicontohkan pelaksanaan konkret di Bali (Universitas Udayana, 24 Juli 2025, 50 peserta startup) dan Sumatera Barat (Universitas Andalas",https://news.detik.com/berita/d-8264663/kementerian-umkm-lampaui-target-rasio-kewirausahaan-nasional-2025,news.detik.com,False,True,True,OK,,1,0,1,laporan kinerja 2025 Kementerian UMKM rasio kewirausahaan wirausaha baru,2224,198,3.08
20260918_113127,2026-09-18T11:57:47,gemma-4-26B-A4B-it,serper,0.0,199,883,Infrastruktur,KEMENTERIAN PEKERJAAN UMUM,KP 02.12.02 - Rasio kapasitas air baku bersumber dari bendungan terhadap potensinya,35,persen,True,False,True,True,90,siaran_pers,2025,"Program berjalan, ditandai dengan adanya kegiatan fisik pembangunan dan peresmian bendungan pada tahun 2025, seperti Bendungan Cijurey yang progres fisiknya mencapai 30,30% pada Juni 2025 serta rencana peresmian 6 bendungan untuk mendukung penyediaan air baku. Kegiatan ini secara langsung berkontribusi pada peningkatan rasio kapasitas air baku dari bendungan.","Program berjalan, ditandai dengan realisasi pengembangan kapasitas air baku sebesar 0,25 m³/detik sepanjang Tahun Anggaran 2025, serta progres pembangunan 15 bendungan yang tengah berjalan dengan potensi tambahan pemanfaatan air baku sebesar 23,69 m³/detik ke depan",https://pu.go.id/berita/kementerian-pu-siap-resmikan-6-bendungan-di-awal-2025-untuk-dukung-swasembada-pangan-dan-air,pu.go.id,True,True,True,OK,,2,0,2,laporan kinerja 2025 Kementerian Pekerjaan Umum rasio kapasitas air baku bendungan | siaran pers Kementerian Pekerjaan Umum pembangunan bendungan 2025 air baku,4175,259,7.19
20260918_113127,2026-09-18T11:57:57,gemma-4-26B-A4B-it,serper,0.0,200,884,Infrastruktur,KEMENTERIAN PEKERJAAN UMUM,KP 02.12.02 - Jumlah wilayah sungai kewenangan pusat dengan neraca air tidak dalam kondisi kritis,50,wilayah sungai,True,False,True,True,90,siaran_pers,2025,"Program berjalan, ditandai dengan adanya kegiatan teknis pemutakhiran (updating) neraca air di wilayah sungai kewenangan pusat, seperti kegiatan Updating Neraca Air WS Teramang Muar dan Nasal Padang Guci oleh BWS Sumatera VII pada Desember 2025. Kegiatan ini merupakan bagian dari upaya pengelolaan sumber daya air untuk memastikan kondisi neraca air di wilayah sungai tetap terjaga.","Program berjalan, ditandai dengan tercantumnya indikator ""Jumlah wilayah sungai kewenangan Pusat yang melaksanakan monitoring neraca air"" secara eksplisit dalam DIPA Induk Ditjen Sumber Daya Air Tahun Anggaran 2025 (alokasi Rp38,4 triliun) pada dokumen resmi pencairan anggaran negara yang berlaku efektif 1 Januari - 31 Desember 2025",https://sda.pu.go.id/balai/bwssumatera7/berita/updating-neraca-air-ws-teramang-muar-dan-nasal-padang-guci,sda.pu.go.id,True,True,True,OK,,3,0,3,"laporan kinerja 2025 Kementerian Pekerjaan Umum jumlah wilayah sungai neraca air kritis | siaran pers Kementerian Pekerjaan Umum neraca air wilayah sungai 2025 | site:sda.pu.go.id ""neraca air"" 2025",6226,289,9.98
20260918_113127,2026-09-18T11:58:03,gemma-4-26B-A4B-it,serper,0.0,201,885,Infrastruktur,KEMENTERIAN PEKERJAAN UMUM,KP 02.12.02 - Jumlah kapasitas prasarana air baku yang dikelola,"78,78",m3/detik,True,False,True,True,90,media,2025,"Program berjalan, ditandai dengan peninjauan langsung oleh Menteri PU terhadap proyek Bendungan Jragung pada Januari 2025 yang berfungsi menyuplai air baku. Selain itu, terdapat komitmen pemerintah untuk melanjutkan pembangunan Bendungan Karangnongko pada Tahun Anggaran 2025 guna mendukung ketersediaan air baku.","Program berjalan, ditandai dengan realisasi pengembangan air baku sebesar 0,25 m³/detik pada Tahun Anggaran 2025, serta pembangunan 1.200 titik sumber air tanah baru sebagai infrastruktur pendukung pengelolaan air baku nasional",https://www.instagram.com/reel/DESGzAuTF-P/live-kunjungan-kerja-menteri-pu-dodyhanggodo-ke-pembangunan-bendungan-jragung-di/,www.instagram.com,False,True,True,OK,,2,0,2,laporan kinerja 2025 Kementerian Pekerjaan Umum kapasitas prasarana air baku m3/detik | siaran pers Kementerian Pekerjaan Umum pembangunan bendungan air baku 2025,4155,242,5.55
20260918_113127,2026-09-18T11:58:10,gemma-4-26B-A4B-it,serper,0.0,202,887,Infrastruktur,KEMENTERIAN PEKERJAAN UMUM,KP 02.12.02 - Kapasitas prasarana air baku yang direhabilitasi,"0,84",m3/detik,True,False,True,True,90,siaran_pers,2025,"Program berjalan, ditandai dengan adanya kegiatan rehabilitasi prasarana air baku Intake Lubuk Paraku di Kota Padang yang dilaksanakan pada tahun 2025. Selain itu, siaran pers resmi Kementerian PU juga menyebutkan adanya capaian pengembangan air baku sebesar 0,25 m³/detik pada tahun 2025.","Program berjalan, ditandai dengan capaian realisasi fisik keseluruhan bidang Sumber Daya Air Kementerian PU sebesar 95,17% dan realisasi keuangan 95,23% dari pagu DIPA efektif Rp112,13 triliun pada Tahun Anggaran 2025, sebagaimana dipaparkan Menteri PU dalam Rapat Kerja bersama Komisi V DPR RI",https://sahabat.pu.go.id/eppid/berita/detail/realisasi-anggaran-2025-kementerian-pu-capai-9523-persen-lebih-tinggi-dari-tahun-sebelumnya,sahabat.pu.go.id,True,True,True,OK,,2,0,2,laporan kinerja 2025 Kementerian Pekerjaan Umum rehabilitasi kapasitas prasarana air baku | siaran pers Kementerian PU rehabilitasi prasarana air baku 2025,4204,252,7.56
20260918_113127,2026-09-18T11:58:17,gemma-4-26B-A4B-it,serper,0.0,203,889,Infrastruktur,KEMENTERIAN PEKERJAAN UMUM,KP 02.12.02 - Jumlah luas layanan irigasi yang dibangun untuk pertanian multikomoditas,10,ha,True,False,True,True,90,siaran_pers,2025,"Program berjalan, ditandai dengan pernyataan resmi Kementerian PU mengenai target pembangunan irigasi pada tahun 2025 serta fokus pada pembangunan dan rehabilitasi jaringan irigasi melalui Instruksi Presiden Nomor 2 Tahun 2025. Kegiatan konkret mencakup pembangunan bendungan dan jaringan irigasi untuk mendukung ketahanan pangan.","Program berjalan, ditandai dengan realisasi pembangunan jaringan irigasi baru seluas 13.000 hektar dan rehabilitasi 123.000 hektar jaringan eksisting sepanjang 2025, ditambah penanganan 589.000 hektar jaringan irigasi kewenangan daerah oleh Direktorat Irigasi dan Rawa (dikonfirmasi Plt Direktur Yosiandi Radi Wicaksono dalam wawancara CNBC Indonesia, 5 Desember 2025), serta pelaksanaan program Padat Karya Tunai Untuk Peningkatan Jaringan Irigasi (P3-TGAI) di 9.597 lokasi",https://sahabat.pu.go.id/eppid/berita/detail/bangun-irigasi-589-ribu-hektare-pada-2025-kementerian-pu-targetkan-750-ribu-hektare-pada-2026-,sahabat.pu.go.id,True,True,True,OK,,2,0,2,laporan kinerja 2025 Kementerian Pekerjaan Umum irigasi multikomoditas ha | kegiatan pembangunan irigasi multikomoditas Kementerian Pekerjaan Umum 2025,4213,261,6.98
20260918_113127,2026-09-18T11:58:23,gemma-4-26B-A4B-it,serper,0.0,204,893,Infrastruktur,KEMENTERIAN PEKERJAAN UMUM,KP 02.12.03 - Panjang jaringan infrastruktur pengendali daya rusak air yang dioperasi dan dipelihara,1.784,unit,True,False,True,True,90,media,2025,"Program berjalan, ditandai dengan kegiatan peninjauan infrastruktur pengendali banjir oleh Menteri Pekerjaan Umum pada Mei 2025 dan pembahasan anggaran operasi serta pemeliharaan (OP) infrastruktur sumber daya air dalam rapat kerja dengan Komisi V DPR pada Februari 2025. Bukti menunjukkan adanya aktivitas teknis dan manajerial terkait pengendalian daya rusak air di tahun berjalan.","Program berjalan, ditandai dengan realisasi pengendalian banjir sepanjang 88,79 kilometer dan pengamanan pantai sepanjang 14,41 kilometer sepanjang Tahun Anggaran 2025, sebagaimana dipaparkan Menteri PU dalam Rapat Kerja bersama Komisi V DPR RI",https://pu.go.id/berita/tag/pengendalibanjir,pu.go.id,True,True,True,OK,,2,0,2,laporan kinerja 2025 Kementerian Pekerjaan Umum jaringan infrastruktur pengendali daya rusak air | siaran pers Kementerian Pekerjaan Umum 2025 operasi pemeliharaan infrastruktur pengendali daya rusak air,4027,223,6.17
20260918_113127,2026-09-18T11:58:31,gemma-4-26B-A4B-it,serper,0.0,205,905,Birokrasi,KEMENTERIAN PEKERJAAN UMUM,KP 02.12.07 - Jumlah BUMD air minum yang memiliki dokumen RPAM,176,BUMD,True,False,True,True,90,media,2025,"Program berjalan, ditandai dengan pernyataan resmi Kementerian PU dalam peringatan Hari Air Dunia 2025 yang menegaskan penerapan RPAM untuk menjamin suplai air minum aman. Selain itu, terdapat dokumen Rancangan Akhir Renstra Kementerian PU 2025-2029 yang mencantumkan RPAM sebagai bagian dari strategi pencapaian target layanan air minum. Kegiatan pendampingan penyusunan dokumen RPAM oleh BUMD air minum juga terus dilakukan sebagai bagian dari target RPJMN.","Program berjalan, ditandai dengan diadakannya pembinaan, evaluasi, dan pendorongan penyusunan dokumen RPAM ke BUMD air minum sepanjang 2025, dengan bukti konkret di lapangan (bukan sekadar dokumen aturan) oleh Kementerian PU (Ditjen Cipta Karya, Direktorat Air Minum). Namun bukti implementasi konkret yang terverifikasi secara publik pada 2025 baru ditemukan di Jawa Timur (Malang Raya), melalui BTAM Water Forum 2025 dan workshop lintas-BUMD. Secara kebijakan/regulasi, program ini berlaku nasional (tercantum di Renstra Kementerian PU 2025-2029), namun pencarian belum menemukan liputan media/dokumen publik yang mengonfirmasi pelaksanaan konkret di provinsi lain pada tahun yang sama",https://sahabat.pu.go.id/eppid/berita/detail/peringati-hari-air-dunia-2025-wamen-diana-ajak-masyarakat-lestarikan-sumber-air-bersih,sahabat.pu.go.id,True,True,True,OK,,3,0,3,"laporan kinerja 2025 Kementerian Pekerjaan Umum RPAM BUMD air minum | kegiatan penyusunan RPAM BUMD air minum Kementerian Pekerjaan Umum 2025 | site:pu.go.id ""RPAM"" 2025",6285,321,7.76
20260918_113127,2026-09-18T11:58:38,gemma-4-26B-A4B-it,serper,0.0,206,906,Industri,KEMENTERIAN PEKERJAAN UMUM,KP 02.12.07 - BUMD air minum berkinerja sehat,74,persen,True,False,False,False,85,tidak_ada,tidak_ada,"Program belum berjalan, ditandai dengan tidak ditemukannya bukti pelaksanaan kegiatan teknis atau laporan capaian kinerja BUMD air minum untuk tahun anggaran 2025. Hasil pencarian hanya menunjukkan dokumen historis (Buku Kinerja 2021/2022) dan rencana strategis yang berkaitan dengan visi jangka panjang.","Program berjalan, ditandai dengan pernyataan resmi Menteri PU Dody Hanggodo (12 Maret 2025) yang mengonfirmasi data kinerja BUMD air minum nasional 2024, sekaligus mendorong implementasi Instruksi Presiden No. 1 Tahun 2025 tentang Percepatan Penyediaan Air Minum. Dari 258 BUMD berkinerja sehat, baru 19 yang memenuhi kriteria kerja sama swasta (menerapkan tarif full cost recovery 3 tahun berturut-turut) menunjukkan program aktif mendorong peningkatan kualitas BUMD, bukan sekadar mencatat statistik. Kementerian PU juga rutin mempublikasikan Buku Kinerja BUMD Air Minum tahunan (kerja sama dengan BPKP) sebagai instrumen evaluasi resmi berkelanjutan",https://pu.go.id,pu.go.id,True,False,True,OK,,3,0,3,"laporan kinerja 2025 Kementerian Pekerjaan Umum BUMD air minum berkinerja sehat | siaran pers Kementerian Pekerjaan Umum BUMD air minum berkinerja sehat 2025 | site:pu.go.id ""BUMD Air Minum"" 2025",6466,242,6.57
20260918_113127,2026-09-18T11:58:44,gemma-4-26B-A4B-it,serper,0.0,207,913,Industri,KEMENTERIAN PEKERJAAN UMUM,KP 02.12.08 - Jumlah proyek pembiayaan kreatif infrastruktur air minum yang siap dikerjasamakan,10,proyek,True,False,True,True,90,siaran_pers,2025,"Program berjalan, ditandai dengan penyelenggaraan kegiatan CreatIFF 2025 oleh Kementerian Pekerjaan Umum untuk mendorong pembiayaan infrastruktur yang inovatif dan berkelanjutan. Kegiatan ini secara spesifik membahas tantangan pembiayaan kreatif di tengah optimalisasi anggaran untuk mendukung sektor infrastruktur termasuk air minum.","Program berjalan, ditandai dengan Kementerian PU (DJPI) menargetkan 34 proyek KPBU untuk TA 2025, di mana 4 proyek spesifik bidang air minum teridentifikasi sedang disiapkan untuk kerja sama: KPBU Idle Capacity SPAM Pemali Juana (Semarang), SPAM Regional Kalimantan Timur, SPAM dan SPAL KIKN (Kalimantan Timur), dan KPBU Pengelolaan Waduk Sei Gong (Batam-Rempang). Kementerian PU juga menyelenggarakan CreatIFF 2025 (Creative Infrastructure Financing Day) sebagai forum tahunan mendorong skema pembiayaan kreatif, dengan capaian historis 16 penandatanganan proyek KPBU dalam 5 tahun terakhir termasuk SPAM Regional Jatiluhur I. Sebagai bukti keberhasilan skema serupa, proyek KPBU SPAM Semarang Barat telah beroperasi melayani puluhan ribu pelanggan",https://pu.go.id/berita/kementerian-pu-gelar-creatiff-2025-dorong-pembiayaan-infrastruktur-yang-inovatif-dan-berkelanjutan,pu.go.id,True,True,True,OK,,2,0,2,laporan kinerja 2025 Kementerian Pekerjaan Umum proyek pembiayaan kreatif infrastruktur air minum | siaran pers Kementerian Pekerjaan Umum proyek pembiayaan kreatif infrastruktur air minum 2025,4066,238,6.36
20260918_113127,2026-09-18T11:58:49,gemma-4-26B-A4B-it,serper,0.0,208,923,Infrastruktur,KEMENTERIAN PEKERJAAN UMUM,KP 02.18.02 - TPA/LUR yang dioperasikan secara sanitary landfill,0,unit,True,False,True,True,85,siaran_pers,2025,"Program berjalan, ditandai dengan kegiatan edukasi pilah sampah oleh Ditjen Cipta Karya pada Oktober 2025 dan upaya berkelanjutan Kementerian PU dalam pengelolaan infrastruktur sanitasi. Kementerian PU juga terus mendorong komitmen pemerintah daerah dalam pengelolaan sampah melalui fasilitas pengolahan sampah yang telah dibangun.","Program berjalan, ditandai dengan penetapan Peraturan Presiden Nomor 109 Tahun 2025 tentang Penanganan Sampah Perkotaan yang secara resmi mendorong penerapan sanitary landfill sebagai bagian dari transformasi pengelolaan sampah nasional, dideklarasikan Kementerian PU dalam peringatan Hari Habitat Dunia 2025 (Oktober 2025). Bukti eksekusi lapangan konkret: Pemkot Pontianak menyelesaikan pembangunan infrastruktur fisik sanitary landfill dan controlled landfill di TPA Batulayang, menutup resmi sistem open dumping sebagai tindak lanjut instruksi Menteri Lingkungan Hidup saat kunjungan kerja Juni 2025",https://ciptakarya.pu.go.id/berita-detail?14846,ciptakarya.pu.go.id,True,True,True,OK,,2,0,2,laporan kinerja 2025 Kementerian Pekerjaan Umum TPA sanitary landfill | siaran pers Kementerian PU pengelolaan sampah TPA sanitary landfill 2025,3890,202,5.17
20260918_113127,2026-09-18T11:58:55,gemma-4-26B-A4B-it,serper,0.0,209,924,Sosial,KEMENTERIAN PARIWISATA,KP 03.05.11 - Tenaga kerja pariwisata Bromo-Tengger-Semeru,3.954.841,orang,True,False,True,True,95,lkj,2025,"Program berjalan, ditandai dengan adanya Laporan Kinerja Kementerian Pariwisata 2025 yang mencantumkan indikator tenaga kerja pariwisata Bromo-Tengger-Semeru sebagai bagian dari capaian kinerja tahun berjalan. Dokumen tersebut secara spesifik menyebutkan target dan pelaksanaan program di destinasi tersebut pada tahun 2025.","Program berjalan, ditandai dengan Kementerian Pariwisata merilis ""Infografis Statistik Pariwisata 2025"" (20 Agustus 2026) yang secara eksplisit mencakup Bromo-Tengger-Semeru sebagai salah satu dari 10 Destinasi Pariwisata Prioritas (DPP), termasuk data jumlah tenaga kerja pariwisata yang disusun kolaborasi Kemenpar, BPS, dan Kementerian Investasi/BKPM. Laporan Kinerja resmi Deputi Bidang Sumber Daya dan Kelembagaan Kemenpar 2025 mengonfirmasi penyerapan tenaga kerja pariwisata di 10 DPP dan 3 DPR (termasuk BTS) mencapai 99,18% dari target (data sementara Sakernas BPS Agustus 2025). Aktivitas wisata di kawasan BTS sendiri sangat tinggi, dengan 50,89 juta kunjungan wisatawan nusantara sepanjang 2025 telah mendukung penyerapan tenaga kerja lokal di sektor pariwisata",https://api.kemenpar.go.id/storage/app/uploads/public/69c/a5a/b46/69ca5ab460db4424530186.pdf,api.kemenpar.go.id,True,True,True,OK,,2,0,2,"laporan kinerja 2025 Kementerian Pariwisata tenaga kerja pariwisata Bromo Tengger Semeru | site:kemenpar.go.id ""Bromo"" ""Tengger"" ""Semeru"" tenaga kerja 2025",4281,263,5.54
20260918_113127,2026-09-18T11:59:01,gemma-4-26B-A4B-it,serper,0.0,210,929,Infrastruktur,KEMENTERIAN PEKERJAAN UMUM,KP 06.04.01 - Skor Indeks Kota Berkelanjutan (IKB) rerata Wilayah Metropolitan KBI,"46,16",Indeks,True,False,True,True,95,siaran_pers,2025,"Program berjalan, ditandai dengan pelaksanaan webinar strategi kota berkelanjutan oleh BPIW Kementerian PU pada 31 Juli 2025 untuk membahas pemenuhan indikator Indeks Kota Berkelanjutan (IKB) dalam RPJMN 2025-2029. Kegiatan ini menunjukkan adanya langkah teknis koordinasi pemenuhan target IKB di tahun berjalan.","Program berjalan, ditandai dengan terbitnya laporan resmi ""Indeks Kota Berkelanjutan (IKB) Tahun 2025"" oleh Bappenas (September 2025) pada dokumen pengukuran resmi Semester I 2025 yang mencakup capaian rata-rata per misi untuk 98 Kota Otonom/Administratif di seluruh Indonesia, sebagai instrumen monitoring resmi capaian RPJMN 2025-2029 (Perpres No. 12/2025). BPSDM Kementerian PU turut menyelenggarakan webinar akselerasi pembangunan perkotaan berkelanjutan yang mengonfirmasi target IKB wilayah metropolitan dalam kerangka RPJMN, dengan Kota Kediri tercatat meraih skor tertinggi pada indikator Misi 1 (65,68)",https://bpiw.pu.go.id/berita/bpiw-paparkan-strategi-kota-berkelanjutan-dalam-webinar-menjawab-tantangan-baru-pembangunan-perkotaan-berkelanjutan-dalam-rpjmn-2025-2029,bpiw.pu.go.id,True,True,True,OK,,2,0,2,"laporan kinerja 2025 Kementerian Pekerjaan Umum Indeks Kota Berkelanjutan IKB KBI | site:pu.go.id ""Indeks Kota Berkelanjutan"" 2025",4234,277,6.35
20260918_113127,2026-09-18T11:59:09,gemma-4-26B-A4B-it,serper,0.0,211,934,Infrastruktur,KEMENTERIAN PEKERJAAN UMUM,KP 06.04.02 Skor Indeks Kota Berkelanjutan (IKB) rerata perkotaan Non-Wilayah Metropolitan KTI,"47,5",Indeks,True,False,True,True,95,siaran_pers,2025,"Program berjalan, ditandai dengan pelaksanaan webinar oleh BPIW Kementerian PU pada 31 Juli 2025 mengenai strategi pembangunan perkotaan berkelanjutan dalam rangka pemenuhan indikator IKB pada RPJMN 2025-2029. Kegiatan ini menunjukkan adanya koordinasi teknis untuk mencapai target indikator tersebut di tahun berjalan.","Program berjalan, ditandai dengan cakupan yang sama seperti Program 2 pada laporan resmi Indeks Kota Berkelanjutan (IKB) Tahun 2025 oleh Bappenas mencakup seluruh 98 kota otonom/administratif termasuk kategori non-metropolitan di Kawasan Timur Indonesia, sebagai bagian dari monitoring capaian RPJMN 2025-2029",https://bpiw.pu.go.id/berita/bpiw-paparkan-strategi-kota-berkelanjutan-dalam-webinar-menjawab-tantangan-baru-pembangunan-perkotaan-berkelanjutan-dalam-rpjmn-2025ndash2029,bpiw.pu.go.id,True,False,True,OK,,3,0,3,"laporan kinerja 2025 Kementerian Pekerjaan Umum Skor Indeks Kota Berkelanjutan IKB KTI | kegiatan pengukuran Indeks Kota Berkelanjutan IKB Kementerian Pekerjaan Umum 2025 | site:pu.go.id ""Indeks Kota Berkelanjutan"" 2025",6747,312,7.49
20260918_113127,2026-09-18T11:59:12,gemma-4-26B-A4B-it,serper,0.0,212,956,Sosial,KEMENTERIAN PARIWISATA,PP 03.05 - Perjalanan wisatawan nusantara juta,1.084,perjalanan,True,False,True,True,95,siaran_pers,2025,"Program berjalan, ditandai dengan adanya laporan capaian kinerja perjalanan wisatawan nusantara pada kuartal I dan September 2025 yang menunjukkan pertumbuhan signifikan. Data resmi kementerian mencatat angka perjalanan wisnus secara berkala sepanjang tahun 2025.","Program berjalan, ditandai dengan rilis resmi ""Infografis Statistik Pariwisata 2025"" oleh Kemenpar (kolaborasi dengan BPS) yang mencatat perjalanan wisatawan nusantara sangat tinggi di berbagai destinasi: Borobudur-Yogyakarta-Prambanan (56,19 juta kunjungan), Bromo-Tengger-Semeru (50,89 juta kunjungan), dan Greater Jakarta (293 juta kunjungan wisatawan nusantara) sepanjang 2025. Data ini menjadi basis monitoring resmi capaian terhadap target RPJMN 2025-2029 (1.084 juta perjalanan di 2025), disusun sistematis mencakup 10 Destinasi Pariwisata Prioritas dan 3 Destinasi Pariwisata Regenerati",https://kemenpar.go.id/berita/pariwisata-tumbuh-kuat-kunjungan-wisman-lampaui-139-juta-pada-september-2025,kemenpar.go.id,True,True,True,OK,,1,0,1,laporan kinerja 2025 Kementerian Pariwisata perjalanan wisatawan nusantara,2203,188,3.48
20260918_113127,2026-09-18T11:59:17,gemma-4-26B-A4B-it,serper,0.0,213,957,Industri,KEMENTERIAN PERDAGANGAN,KP 05.05.01 - Nilai ekspor barang di Pulau Sumatera,1.352.500,miliar rupiah,True,False,True,True,90,lkj,2025,"Program berjalan, ditandai dengan adanya laporan kinerja Direktorat Jenderal Pengembangan Ekspor Nasional tahun 2025 yang mencakup data ekspor periode Januari-Mei 2025 di wilayah Sumatera. Selain itu, terdapat kegiatan teknis seperti pelatihan pengawasan kegiatan perdagangan di Sumatera Selatan pada akhir tahun 2025.","Program berjalan, ditandai dengan BPS rutin merilis Berita Resmi Statistik bulanan ekspor-impor untuk seluruh provinsi di Sumatera sepanjang 2025,yang mana merupakan sistem monitoring perdagangan berjalan aktif dan konsisten. Sebagai contoh konkret, Sumatera Utara mencatat kenaikan ekspor Februari 2025 sebesar 9,03% (dari US$919,50 juta menjadi US$1.002,49 juta), naik 34,23% dibanding Februari 2024. Sumatera Barat mencatat ekspor kumulatif Januari-April 2025 sebesar US$794,92 juta, naik 25,91% dibanding periode sama 2024, tren pertumbuhan positif konsisten dengan arah target nasional (baseline Rp1.159.400 miliar di 2022 menuju target Rp1.352.500 miliar di 2025)",https://ditjenpen.kemendag.go.id/storage/laporan/4hdi4t6Z35HP1Xz3smxNY6ImFmqKkGP6kQo0tIjL.pdf,ditjenpen.kemendag.go.id,True,True,True,OK,,2,0,2,"laporan kinerja 2025 Kementerian Perdagangan ekspor barang Pulau Sumatera | site:kemendag.go.id ""ekspor"" ""Sumatera"" 2025",4033,244,4.54
20260918_113127,2026-09-18T11:59:22,gemma-4-26B-A4B-it,serper,0.0,214,961,Sosial,KEMENTERIAN PARIWISATA,KP 03.05.01 - PDRB sektor penyediaan akomodasi dan makan minum Borobudur-Yogyakarta- juta,"22.023.561,06",rupiah,True,False,True,True,95,lkj,2025,"Program berjalan, ditandai dengan adanya Laporan Kinerja Kementerian Pariwisata 2025 yang mencantumkan data PDRB sektor penyediaan akomodasi dan makan minum (akmamin) untuk tahun 2025. Selain itu, terdapat siaran pers mengenai rilis data statistik pariwisata tahun 2025 yang mencakup profil usaha akomodasi dan makan minum di destinasi pariwisata.","Program berjalan, ditandai dengan rilis resmi ""Infografis Statistik Pariwisata 2025"" oleh Kemenpar yang secara eksplisit menyajikan PDRB sektor akomodasi serta makan dan minum (PDRB akmamin) sebagai salah satu dari 8 indikator statistik resmi untuk 10 Destinasi Pariwisata Prioritas termasuk Borobudur-Yogyakarta-Prambanan yang didukung data kunjungan wisatawan nusantara yang sangat tinggi di destinasi ini (56,19 juta kunjungan pada 2025), mengindikasikan aktivitas ekonomi akomodasi-makan minum yang kuat di kawasan tersebut",https://api.kemenpar.go.id/storage/app/uploads/public/69c/a5a/b46/69ca5ab460db4424530186.pdf,api.kemenpar.go.id,True,True,True,OK,,2,0,2,"laporan kinerja 2025 Kementerian Pariwisata PDRB akomodasi makan minum Borobudur Yogyakarta | site:kemenpar.go.id ""PDRB"" ""akomodasi"" ""makan minum"" Borobudur 2025",4373,284,5.66
20260918_113127,2026-09-18T11:59:30,gemma-4-26B-A4B-it,serper,0.0,215,963,Sosial,KEMENTERIAN PARIWISATA,KP 03.05.01 - Devisa pariwisata Borobudur-Yogyakarta-Prambanan juta,"718,37",USD,True,False,True,True,90,siaran_pers,2025,"Program berjalan, ditandai dengan adanya kegiatan konkret seperti penyelenggaraan 'PENTAS Borobudur: Ngangeni' pada Oktober 2025 untuk pengembangan atraksi destinasi prioritas. Selain itu, terdapat laporan siaran pers resmi Kementerian Pariwisata pada Desember 2025 yang mencatat capaian devisa sektor pariwisata sepanjang tahun 2025.","Program berjalan, ditandai dengan Laporan Kinerja resmi Deputi Bidang Pengembangan Destinasi dan Infrastruktur Kementerian Pariwisata Tahun 2025 yang mencakup evaluasi kinerja Badan Pelaksana Otorita Borobudur (dibentuk Perpres No. 49/2016) sebagai pengelola kawasan destinasi ini. Kunjungan wisatawan nusantara nasional mencapai 1,02 miliar perjalanan pada 2024 (naik 21,61% dari 2023), menjadi basis pertumbuhan berkelanjutan menuju 2025, didukung publikasi Infografis Statistik Pariwisata 2025 yang mencakup data kunjungan wisatawan mancanegara sebagai basis perhitungan devisa di kawasan Borobudur-Yogyakarta-Prambanan",https://kemenpar.go.id/berita/siaran-pers-kembangkan-atraksi-destinasi-prioritas-kemenpar-hadirkan-pentas-borobudur-ngangeni,kemenpar.go.id,True,True,True,OK,,2,0,2,laporan kinerja 2025 Kementerian Pariwisata devisa pariwisata Borobudur Yogyakarta Prambanan | siaran pers Kementerian Pariwisata devisa pariwisata Borobudur Yogyakarta Prambanan 2025,4054,266,7.78
20260918_113127,2026-09-18T11:59:35,gemma-4-26B-A4B-it,serper,0.0,216,976,Birokrasi,KEMENTERIAN KOORDINATOR BIDANG POLITIK DAN KEAMANAN,PP 07.05 - Indeks Efektivitas Kinerja Rezim Anti Pencucian Uang,"5,52",Indeks,True,False,True,True,95,siaran_pers,2025,"Program berjalan, ditandai dengan pelaksanaan pilot survei Indeks Efektivitas Kinerja Rezim APUPPT Nasional Tahun 2025 oleh PPATK dan Komite Anti Pencucian Uang yang menghasilkan skor 6,42. Kegiatan ini merupakan upaya konkret untuk mengukur efektivitas sistem anti pencucian uang di Indonesia pada tahun 2025.","Program berjalan, ditandai dengan peluncuran Pilot Survei Indeks Efektivitas Kinerja Rezim APUPPT-PPSPM pada Oktober 2025 oleh PPATK bersama Komite TPPU. Pengukuran dilakukan terhadap 29 instansi dengan 43 unit kerja, mencakup lembaga intelijen keuangan, aparat penegak hukum, lembaga pengawas/pengatur, dan pihak pelapor. Skor tertinggi berasal dari dimensi kerangka regulasi & kebijakan (7,35) dan perencanaan program (6,88), sementara tata kelola/koordinasi, kapasitas SDM, dan kinerja operasional masih jadi area penguatan",https://www.ppatk.go.id/news/read/1585/ppatk-diseminasikan-hasil-pilot-indeks-efektivitas-kinerja-rezim-apuppt-2025-perkuat-sinergi-nasional-hadapi-kejahatan-keuangan.html,www.ppatk.go.id,True,True,True,OK,,1,0,1,laporan kinerja 2025 Kemenko Polkam Indeks Efektivitas Kinerja Rezim Anti Pencucian Uang,2320,247,4.56
20260918_113127,2026-09-18T11:59:44,gemma-4-26B-A4B-it,serper,0.0,217,996,Sosial,KEMENTERIAN PARIWISATA,KP 03.05.07 - Pendapatan dari wisatawan nusantara Bangka Belitung,"13.161,89",Rp Miliar,True,False,True,True,90,lkj,2025,"Program berjalan, ditandai dengan adanya Laporan Kinerja Kementerian Pariwisata 2025 yang mencatat pertumbuhan kunjungan wisatawan nusantara dan penggunaan indikator pendapatan tersebut dalam pelaporan capaian kinerja tahun berjalan. Dokumen resmi kementerian menunjukkan bahwa indikator pendapatan wisatawan nusantara di Bangka Belitung merupakan bagian dari target kinerja yang sedang diimplementasikan pada tahun 2025.","Program berjalan, ditandai dengan Bangka Belitung tercakup sebagai salah satu dari 10 Destinasi Pariwisata Prioritas dalam Infografis Statistik Pariwisata 2025 resmi Kemenpar, dengan indikator pendapatan wisatawan nusantara sebagai salah satu dari 8 metrik yang dipublikasikan. Kementerian PPN/Bappenas turut mengonfirmasi Bangka Belitung sebagai fokus prioritas pengembangan pariwisata nasional periode 2020-2024 yang berlanjut ke RPJMN 2025-2029, dengan strategi peningkatan Average Spending per Arrival (ASPA) dan Length of Stay (LOS) wisatawan",https://api.kemenpar.go.id/storage/app/uploads/public/69c/a5a/b46/69ca5ab460db4424530186.pdf,api.kemenpar.go.id,True,True,True,OK,,3,1,3,"laporan kinerja 2025 Kementerian Pariwisata pendapatan wisatawan nusantara Bangka Belitung | site:kemenparekraf.go.id ""wisatawan nusantara"" Bangka Belitung 2025 | ""Pendapatan dari wisatawan nusantara"" Bangka Belitung 2025",5604,300,9.08
20260918_113127,2026-09-18T11:59:47,gemma-4-26B-A4B-it,serper,0.0,218,1001,Sosial,KEMENTERIAN PARIWISATA,KP 03.05.08 - Pendapatan dari wisatawan nusantara Danau Toba,"2.048,41",Rp Miliar,True,False,True,True,90,lkj,2025,"Program berjalan, ditandai dengan laporan kinerja BPODT (Badan Pelaksana Otorita Danau Toba) tahun 2025 yang mencatat optimalisasi pariwisata bagi wisatawan nusantara di kawasan Danau Toba. Selain itu, siaran pers Kementerian Pariwisata pada Juni 2025 mengonfirmasi pertumbuhan kinerja sektor pariwisata secara umum.","Program berjalan, ditandai dengan Laporan Kinerja Deputi Bidang Pengembangan Destinasi dan Infrastruktur Kemenpar 2025 yang mencakup evaluasi Badan Pelaksana Otorita Danau Toba (dibentuk berdasarkan Permenpar No. 13/2016) sebagai pengelola kawasan. Danau Toba tercakup sebagai salah satu dari 10 DPP dalam Infografis Statistik Pariwisata 2025, dengan konfirmasi sebelumnya bahwa event olahraga internasional (F1H2O) di kawasan ini berhasil membuka segmen pasar wisata baru, mendorong pertumbuhan kunjungan wisatawan",https://bpodt.kemenpar.go.id/storage/2026/07/Salinan-LAKIN-BPODT-TA-2025-1.pdf?t,bpodt.kemenpar.go.id,True,True,True,OK,,1,0,1,laporan kinerja 2025 Kementerian Pariwisata Pendapatan Wisatawan Nusantara Danau Toba,2236,215,3.46
20260918_113127,2026-09-18T11:59:58,gemma-4-26B-A4B-it,serper,0.0,219,1005,Sosial,KEMENTERIAN PARIWISATA,KP 03.05.12 - Pendapatan dari wisatawan nusantara Wakatobi miliar,"132,95",rupiah,True,False,True,True,95,lkj,2025,"Program berjalan, ditandai dengan adanya laporan capaian kinerja Kementerian Pariwisata tahun 2025 yang mencantumkan realisasi pendapatan dari wisatawan nusantara di Wakatobi. Dokumen tersebut menunjukkan angka capaian yang telah dihitung dalam periode tahun berjalan 2025.","Program berjalan, ditandai dengan Wakatobi tercakup sebagai salah satu dari 10 Destinasi Pariwisata Prioritas dalam Infografis Statistik Pariwisata 2025 resmi Kemenpar (kolaborasi BPS dan BKPM), dengan pendapatan wisatawan nusantara sebagai salah satu dari 8 indikator yang diukur dan dipublikasikan sistematis untuk seluruh destinasi prioritas nasional",https://api.kemenpar.go.id/storage/app/uploads/public/69c/a5a/b46/69ca5ab460db4424530186.pdf,api.kemenpar.go.id,True,True,True,OK,,2,0,2,"laporan kinerja 2025 Kementerian Pariwisata pendapatan wisatawan nusantara Wakatobi | ""Wakatobi"" pendapatan wisatawan nusantara 2025 Kementerian Pariwisata",4066,232,10.58
20260918_113127,2026-09-18T12:00:02,gemma-4-26B-A4B-it,serper,0.0,220,1010,Sosial,KEMENTERIAN PARIWISATA,KP 03.05.10 - PDRB sektor penyediaan akomodasi dan makan minum Labuan Bajo juta,"42.889,25",rupiah,True,False,True,True,95,lkj,2025,"Program berjalan, ditandai dengan laporan kinerja Kementerian Pariwisata tahun 2025 yang mencantumkan target dan capaian PDRB sektor penyediaan akomodasi dan makan minum di Labuan Bajo. Siaran pers resmi Kementerian Pariwisata pada November 2025 juga mengonfirmasi pertumbuhan sektor pariwisata yang berdampak pada ekonomi daerah.","Program berjalan, ditandai dengan Laporan Kinerja Deputi Bidang Pengembangan Destinasi dan Infrastruktur Kemenpar 2025 yang mencakup evaluasi Badan Pelaksana Otorita Labuan Bajo Flores (dibentuk Permenpar No. 7/2018) sebagai pengelola kawasan. Labuan Bajo tercakup dalam Infografis Statistik Pariwisata 2025 dengan PDRB sektor akomodasi dan makan minum (PDRB akmamin) sebagai salah satu dari 8 indikator resmi yang dipublikasikan Kemenpar-BPS-BKPM untuk seluruh Destinasi Pariwisata Prioritas",https://api.kemenpar.go.id/storage/app/uploads/public/69c/a5a/b46/69ca5ab460db4424530186.pdf,api.kemenpar.go.id,True,True,True,OK,,1,0,1,laporan kinerja 2025 Kementerian Pariwisata PDRB akomodasi makan minum Labuan Bajo,2315,217,4.28
20260918_113127,2026-09-18T12:00:09,gemma-4-26B-A4B-it,serper,0.0,221,1011,Sosial,KEMENTERIAN PARIWISATA,KP 03.05.10 - Pendapatan dari wisatawan nusantara Labuan Bajo miliar,"1.175,23",rupiah,True,False,True,True,95,lkj,2025,"Program berjalan, ditandai dengan adanya laporan capaian kinerja Kementerian Pariwisata tahun 2025 yang mencatat realisasi pendapatan wisatawan nusantara di Labuan Bajo sebesar 1.097,00 miliar rupiah. Dokumen Laporan Kinerja 2025 secara spesifik menyebutkan angka capaian tersebut terhadap target tahun 2025 sebesar 1.175,23 miliar rupiah.","Program berjalan, ditandai dengan Laporan Kinerja Deputi Bidang Pengembangan Destinasi dan Infrastruktur Kemenpar 2025 yang mencakup evaluasi Badan Pelaksana Otorita Labuan Bajo Flores sebagai pengelola kawasan. Labuan Bajo tercakup dalam Infografis Statistik Pariwisata 2025 dengan pendapatan wisatawan nusantara sebagai salah satu dari 8 indikator resmi yang dipublikasikan Kemenpar-BPS-BKPM",https://api.kemenpar.go.id/storage/app/uploads/public/69c/a5a/b46/69ca5ab460db4424530186.pdf,api.kemenpar.go.id,True,True,True,OK,,2,0,2,"laporan kinerja 2025 Kementerian Pariwisata pendapatan wisatawan nusantara Labuan Bajo | site:kemenpar.go.id ""Labuan Bajo"" pendapatan wisatawan nusantara 2025",4289,267,6.55
20260918_113127,2026-09-18T12:00:17,gemma-4-26B-A4B-it,serper,0.0,222,1026,Birokrasi,KEMENTERIAN KOORDINATOR BIDANG POLITIK DAN KEAMANAN,PP 07.03 - Indeks Kelembagaan Hukum,"0,76",Indeks,True,False,True,True,90,siaran_pers,2025,"Program berjalan, ditandai dengan adanya kegiatan koordinasi dan pengawalan pilar kelembagaan hukum oleh Kemenko Polkam pada tahun 2025. Selain itu, terdapat pelaksanaan Focus Group Discussion (FGD) terkait strategi pengawalan Indeks Pembangunan Hukum pada Mei 2025. Kemenko Polkam juga aktif melakukan penguatan standar kompetensi Aparat Penegak Hukum (APH) lintas lembaga sebagai bagian dari penguatan kelembagaan hukum.","Program berjalan, ditandai dengan FGD lintas kementerian/lembaga (Mei 2025) untuk mengawal capaian IPH, termasuk pilar Kelembagaan Hukum, serta proses peralihan kewenangan penghitungan indeks dari Bappenas ke BPHN. Namun capaian angka pilar Kelembagaan Hukum menunjukkan tren menurun (0,72 di 2023 → 0,67 di 2024, data resmi terbaru yang tersedia), jauh dari target 2025 (0,76). Aktivitas kelembagaan/koordinasi tetap berlangsung sebagai respons atas tren ini, termasuk rakor evaluasi (April 2026) dan FGD penguatan SDM aparat penegak hukum (Juni 2026)",https://kumham-imipas.go.id/ruang-berita/berita-list/kemenko-kumham-imipas-bangun-strategi-pengawalan-iph-nasional-2025-perkuat-kolaborasi-dalam-rangka-penguatan-reformasi-hukum,kumham-imipas.go.id,True,True,True,OK,,3,0,3,laporan kinerja 2025 Kemenko Polkam Indeks Kelembagaan Hukum | site:polkam.go.id Indeks Kelembagaan Hukum 2025 | kegiatan Kemenko Polkam 2025 Indeks Kelembagaan Hukum,6032,331,7.96
20260918_113127,2026-09-18T12:00:23,gemma-4-26B-A4B-it,serper,0.0,223,1027,Birokrasi,KEMENTERIAN KOORDINATOR BIDANG POLITIK DAN KEAMANAN,PP 07.03 - Indeks Penegakan Hukum,"0,73",Indeks,True,False,True,True,80,media,2025,"Program berjalan, ditandai dengan kegiatan koordinasi lintas sektor oleh Kemenko Polkam untuk penguatan implementasi KUHAP Tahun 2025 dan upaya mengatasi praktik penyimpangan hukum. Terdapat bukti aktivitas koordinasi aparat penegak hukum yang dilakukan sepanjang tahun 2025 melalui berbagai forum rapat dan penguatan kurikulum lintas lembaga.","Program berjalan, ditandai dengan FGD nasional ""Penyelarasan Pengawalan Indeks Pembangunan Hukum Tahun 2025"" (21 Mei 2025) yang mengawal seluruh 5 pilar IPH termasuk Penegakan Hukum, dan berlanjut dengan rakor-rakor tindak lanjut di berbagai daerah hingga 2026 (contoh: Lampung, Mei 2026). Data pengukuran resmi terbaru (IPH 2024) menunjukkan skor pilar Penegakan Hukum stagnan di 0,64 (sama dengan baseline 2023), tanpa kemajuan (menjadikannya pilar paling tertinggal dari 5 pilar IPH). Meski capaian angka belum sesuai target 2025 (0,73), aktivitas koordinasi dan pengawalan program tetap konsisten berjalan dari 2025 hingga saat ini",https://www.instagram.com/reel/DRWCzeikp3u/,www.instagram.com,False,True,True,OK,,2,0,2,laporan kinerja 2025 Kemenko Polkam Indeks Penegakan Hukum | kegiatan Kemenko Polkam penguatan penegakan hukum 2025,3945,210,6.77
20260918_113127,2026-09-18T12:00:31,gemma-4-26B-A4B-it,serper,0.0,224,1032,Industri,KEMENTERIAN EKONOMI KREATIF/BADAN EKONOMI KREATIF,"KP 03.06.02 - Jumlah tenaga kerja subsektor film, animasi, video, dan musik ribu",203,orang,True,False,True,True,80,siaran_pers,2025,"Program berjalan, ditandai dengan adanya kegiatan pengembangan talenta melalui bootcamp dan kurasi kreator konten untuk memenuhi kebutuhan industri film dan video yang dipublikasikan oleh Kementerian Ekraf. Selain itu, terdapat dokumen Renstra 2025-2029 yang menjadi dasar pelaksanaan program kerja tahun 2025. Kegiatan konkret kolaborasi dengan platform global seperti Viu menunjukkan aktivitas teknis di subsektor terkait pada tahun 2025.","Program berjalan, ditandai dengan penetapan Kabupaten Cilacap sebagai KaTa Kreatif 2025 dengan subsektor unggulan Film, Animasi, dan Video merupakan bagian dari Program Pengembangan Kabupaten/Kota Kreatif yang secara eksplisit dirancang untuk membangun ekosistem penyerap tenaga kerja subsektor ini di daerah. Secara makro, sektor ekonomi kreatif keseluruhan (termasuk subsektor ini) mencatat penyerapan 26,47 juta tenaga kerja pada 2024 sudah melampaui target 2025 sebesar 25,55 juta, menunjukkan tren pertumbuhan lapangan kerja kreatif yang kuat dan mendukung arah capaian subsektor film/animasi/video/musik secara spesifik",https://ekraf.go.id/news/kementerian-ekraf-viu-jajaki-kolaborasi-talenta-kreatif,ekraf.go.id,True,True,True,OK,,3,1,3,laporan kinerja 2025 Kementerian Ekonomi Kreatif Badan Ekonomi Kreatif jumlah tenaga kerja film animasi video musik | siaran pers Kementerian Ekonomi Kreatif kegiatan pengembangan tenaga kerja film animasi video musik 2025 [site:ekraf.go.id] | kegiatan pengembangan tenaga kerja subsektor film animasi video musik 2025 Kementerian Ekonomi Kreatif,5167,305,7.56
20260918_113127,2026-09-18T12:00:37,gemma-4-26B-A4B-it,serper,0.0,225,1036,Industri,KEMENTERIAN EKONOMI KREATIF/BADAN EKONOMI KREATIF,KP 03.06.04 - Pertumbuhan PDB subsektor aplikasi dan gim,"6,7-7,0",persen,True,False,True,True,90,siaran_pers,2025,"Program berjalan, ditandai dengan siaran pers resmi Kementerian Ekonomi Kreatif yang menyatakan upaya genjot investasi pada subsektor prioritas gim dan aplikasi untuk menjaga momentum pertumbuhan ekonomi. Selain itu, terdapat dokumen matriks kinerja dan pendanaan tahun 2025 yang mengatur program kerja terkait subsektor tersebut.","Program berjalan, ditandai dengan hasil resmi Sensus Ekonomi 2026 Sektor Ekonomi Kreatif (dirilis BPS, 29 Juni 2026) yang mengonfirmasi subsektor aplikasi dan pengembang gim mencatat pertumbuhan 18,22% sepanjang 2025, pertumbuhan tercepat di antara seluruh subsektor ekraf, bahkan melampaui pertumbuhan ekonomi kreatif nasional secara keseluruhan (6,86%) dan pertumbuhan ekonomi nasional (5,11%). Subsektor aplikasi juga menjadi pemimpin realisasi investasi ekraf 2025 (mengungguli fesyen dan kuliner untuk pertama kalinya), diumumkan Menteri Ekraf di ajang Badan Ekraf Developer Day (BDD) 2025 di Bandung. Program didukung skema insentif khusus subsektor prioritas (film, gim, aplikasi) serta kolaborasi lintas kementerian (Komdigi, Kemendag) untuk mendorong investasi sektor gim",https://ekraf.go.id/news/percepat-pertumbuhan-ekonomi-kementerian-ekraf-genjot-investasi-gim-hingga-animasi,ekraf.go.id,True,True,True,OK,,2,0,2,laporan kinerja 2025 Kementerian Ekonomi Kreatif Badan Ekonomi Kreatif pertumbuhan PDB aplikasi dan gim | siaran pers Kementerian Ekonomi Kreatif pelaksanaan program subsektor aplikasi dan gim 2025,3902,229,5.78
20260918_113127,2026-09-18T12:00:45,gemma-4-26B-A4B-it,serper,0.0,226,1043,Kesehatan,BADAN NARKOTIKA NASIONAL,PP 07.06 - Indeks P4GN,"63,7",Indeks,True,False,True,True,90,siaran_pers,2025,"Program berjalan, ditandai dengan pelaksanaan program nyata seperti peluncuran Program 'Jaga Jakarta Tanpa Narkoba' pada Oktober 2025 dan penyusunan Rencana Aksi Nasional (RAN) P4GN 2025-2029. BNN juga telah melakukan siaran pers capaian kinerja tahun 2025 di tingkat daerah (BNN Kota Surakarta) sebagai bentuk akuntabilitas pelaksanaan program P4GN.","Program berjalan, ditandai dengan rilis capaian kinerja P4GN akhir tahun 2025 yang diselenggarakan serentak oleh BNN Provinsi dan Kabupaten/Kota di seluruh Indonesia sepanjang Desember 2025 (dicontohkan Kalimantan Tengah, Banda Aceh, Muara Enim, Sleman, Tanah Laut, Karimun, Cianjur) yang menunjukkan sistem pelaporan akuntabilitas kinerja P4GN berjalan konsisten hingga tingkat kabupaten/kota. Realisasi resmi tingkat nasional (berdasarkan Laporan Kinerja BNN 2025) mengonfirmasi Indeks P4GN mencapai 67,3, melampaui target Perjanjian Kinerja 2025 (65,1).",https://bnn.go.id/peluncuran-program-jaga-jakarta-tanpa-narkoba-aksi-kolaborasi-untuk-indonesia-bersinar/,bnn.go.id,True,True,True,OK,,2,0,2,laporan kinerja 2025 Badan Narkotika Nasional Indeks P4GN | siaran pers BNN pelaksanaan program P4GN 2025,4015,253,8.75
20260918_113127,2026-09-18T12:00:51,gemma-4-26B-A4B-it,serper,0.0,227,1045,Pertahanan,BADAN NASIONAL PENANGGULANGAN BENCANA,PP 08.04 - Persentase penurunan nilai Indeks resiko Bencana Nasional,"1,2",persen,True,False,True,True,90,lkj,2025,"Program berjalan, ditandai dengan adanya Laporan Kinerja (LKj) BNPB 2025 yang mencantumkan sasaran strategis penurunan Indeks Risiko Bencana Nasional serta pelaksanaan perhitungan Indeks Risiko Bencana Indonesia (IRBI) tahun 2025. BNPB juga melakukan transformasi pendekatan penanggulangan bencana dari reaktif ke proaktif untuk mencapai target tersebut.","Program berjalan, ditandai dengan BNPB melaksanakan Rapat Koordinasi Pembahasan Indeks Risiko Bencana (4 September 2025), dipimpin Andre Notohamijoyo, membahas sinkronisasi IRBI (Indeks Risiko Bencana Indonesia), IKD (Indeks Ketahanan Daerah), dan SPM sub-urusan bencana untuk menghasilkan kebijakan pengurangan risiko yang tepat sasaran di seluruh provinsi/kabupaten/kota. Direktur Pemetaan dan Evaluasi Penanggulangan Bencana BNPB, Udrecht, mengonfirmasi perhitungan IRBI 2025 rampung Desember 2025, dipublikasikan melalui portal resmi inaRISK BNPB yang menyediakan dashboard IRBI 2025 interaktif per provinsi/kabupaten/kota dan jenis bencana. BNPB juga menerbitkan Peraturan BNPB No. 5 Tahun 2025 sebagai landasan evaluasi Renstra dan pengukuran indeks risiko bencana berkelanjutan",https://bnpb.go.id/storage/app/media/Lakip%20BNPB%202025%20-%20R1_compressed.pdf,bnpb.go.id,True,True,True,OK,,2,0,2,laporan kinerja 2025 BNPB indeks risiko bencana nasional | siaran pers BNPB pelaksanaan penurunan indeks risiko bencana 2025,4041,234,5.65
20260918_113127,2026-09-18T12:00:57,gemma-4-26B-A4B-it,serper,0.0,228,1052,Infrastruktur,KEMENTERIAN DESA DAN PEMBANGUNAN DAERAH TERTINGGAL,PN 06 - Persentase desa mandiri,"23,29",persen,True,False,True,True,95,siaran_pers,2025,"Program berjalan, ditandai dengan penetapan Keputusan Menteri Desa, Pembangunan Daerah Tertinggal Nomor 343 Tahun 2025 tentang Status Kemajuan dan Kemandirian Desa Tahun 2025. Dokumen ini secara konkret menetapkan status desa-desa di Indonesia, termasuk penetapan desa-desa baru sebagai desa mandiri pada tahun 2025.","Program berjalan, ditandai dengan laporan resmi Menteri Desa PDT Yandri Susanto yang mengonfirmasi jumlah desa mandiri nasional meningkat menjadi 20.503 desa (naik 4,38% dari tahun 2024). Di tingkat provinsi, Jawa Tengah mencatat 2.208 desa mandiri berdasarkan Data Indeks Desa 2025, metodologi pengukuran yang beralih dari IDM ke Indeks Desa (ID) sesuai Permendes PDTT Nomor 9 Tahun 2024, mencakup 6 dimensi penilaian (layanan dasar, sosial, ekonomi, lingkungan, aksesibilitas, tata kelola)",https://www.jariungu.com/peraturan_detail.php?idPeraturan=259999&nmPeraturan=keputusan-menteri-desa-dan-pembangunan-daerah-tertinggal-no-343-tahun-2025-tentang-status-kemajuan-dan-kemandirian-desa-tahun-2025&,www.jariungu.com,False,True,True,OK,,2,0,2,laporan kinerja 2025 Kementerian Desa dan Pembangunan Daerah Tertinggal persentase desa mandiri | Keputusan Menteri Desa Pembangunan Daerah Tertinggal Nomor 343 Tahun 2025 tentang Status Desa,3915,299,6.39
20260918_113127,2026-09-18T12:01:02,gemma-4-26B-A4B-it,serper,0.0,229,1055,Birokrasi,KEMENTERIAN HUKUM,KP 07.02.03 - Tingkat kepatutan hukum lembaga hukum,"0,94",Persen,True,False,True,True,90,lkj,2025,"Program berjalan, ditandai dengan adanya Laporan Kinerja Triwulan II Tahun 2025 Kementerian Hukum yang memaparkan capaian kinerja di berbagai bidang pelayanan hukum. Dokumen LKjIP 2025 juga mencatat realisasi indikator tingkat kepatutan hukum lembaga hukum sebesar 0,94.","Program berjalan, ditandai dengan tercantumnya indikator ini secara resmi dalam Rencana Strategis Kementerian Hukum 2025-2029 (Permenkum No. 42/2025), pemetaan risiko pencapaian di tingkat Kanwil (Jatim & Jateng), perluasan Pos Bantuan Hukum (Posbankum) Desa/Kelurahan yang mencapai 71.868 unit dari target 7.000, serta analisis-evaluasi 121 UU pusat dan 256 Perda sepanjang 2025",https://kemenkum.go.id/attachments/LKjIP/LKjIP_Kemenkum_2025.pdf,kemenkum.go.id,True,True,True,OK,,1,0,1,laporan kinerja 2025 Kementerian Hukum tingkat kepatutan hukum lembaga hukum,2189,180,4.11
20260918_113127,2026-09-18T12:01:06,gemma-4-26B-A4B-it,serper,0.0,230,1059,Infrastruktur,KEMENTERIAN DESA DAN PEMBANGUNAN DAERAH TERTINGGAL,KP 06.07.02 - Persentase desa berketahanan iklim,"34,73",persen,True,False,True,True,90,media,2025,"Program berjalan, ditandai dengan diterbitkannya Permendes Nomor 16 Tahun 2025 yang secara spesifik mengatur penguatan Desa Berketahanan Iklim dan Tangguh Bencana. Kementerian Desa juga melakukan upaya peningkatan kapasitas SDM masyarakat desa untuk menghadapi dampak perubahan iklim pada tahun 2025.","Program berjalan, ditandai dengan penegasan resmi Kemendes PDT bahwa Dana Desa Tahun Anggaran 2025 secara eksplisit diarahkan untuk kegiatan adaptasi, mitigasi bencana alam dan perubahan iklim, sesuai Permendes No. 2 Tahun 2024 dan Kepmen PDT No. 501/2024 yang disampaikan dalam Dialog Publik Desa Peduli Iklim dan Desa Tanggap Bencana (27 Mei 2025). Program berlanjut dengan Workshop Formula Indeks Risiko Iklim Desa (IRID) sebagai insentif tambahan Dana Desa di daerah tertinggal (28 November 2025), serta kolaborasi lintas kementerian melalui sosialisasi Program Kampung Iklim (ProKlim) bersama KLHK di berbagai desa (dicontohkan Desa Muara Jaya, Kabupaten Balangan). Kebijakan diperkuat lewat Permendes No. 16 Tahun 2025 (ditetapkan 29 Desember 2025) yang menjadikan ""Desa Berketahanan Iklim dan Tangguh Bencana"" sebagai salah satu fokus prioritas resmi penggunaan Dana Desa tahun berikutnya, yang merupakan bukti keberlanjutan program dari 2025 ke 2026",https://www.instagram.com/p/DUZkdjmE9ax/,www.instagram.com,False,True,True,OK,,2,0,2,laporan kinerja 2025 Kementerian Desa dan Pembangunan Daerah Tertinggal persentase desa berketahanan iklim | siaran pers Kementerian Desa Pembangunan Daerah Tertinggal Desa Berketahanan Iklim 2025,3988,214,4.77
20260918_113127,2026-09-18T12:01:16,gemma-4-26B-A4B-it,serper,0.0,231,1060,Infrastruktur,KEMENTERIAN DESA DAN PEMBANGUNAN DAERAH TERTINGGAL,KP 06.07.03 - Persentase desa yang menerapkan layanan berbasis digital,76,persen,True,False,True,True,90,media,2025,"Program berjalan, ditandai dengan adanya kerja sama strategis antara Kemendes PDT dengan PERURI pada Juli 2025 untuk percepatan digitalisasi desa serta penandatanganan nota kesepahaman dengan Kementerian Komunikasi dan Digital pada Oktober 2025. Selain itu, telah dilaksanakan kegiatan teknis berupa Lokakarya Digitalisasi dan AI untuk Desa pada Juni 2025.","Program berjalan, ditandai dengan Lomba Desa Digital 2025 yang digelar Kemendes PDT (diumumkan 23 Mei 2025) sebagai instrumen resmi mengukur perkembangan desa yang telah menerapkan digitalisasi layanan pemerintahan, kemasyarakatan, dan pembangunan yang terbuka bagi seluruh desa di Indonesia sebagai tindak lanjut kebijakan UU No. 62/2024 tentang APBN 2025 yang mewajibkan prioritas Dana Desa untuk teknologi informasi",https://www.peruri.co.id/press-release/peruri-dan-kemendes-pdt-sepakati-komitmen-kerja-sama-untuk-percepatan-digitalisasi-desa,www.peruri.co.id,False,True,True,OK,,2,0,2,laporan kinerja 2025 Kementerian Desa dan Pembangunan Daerah Tertinggal layanan berbasis digital desa | siaran pers Kementerian Desa dan Pembangunan Daerah Tertinggal program desa digital 2025,3971,250,9.66
20260918_113127,2026-09-18T12:01:20,gemma-4-26B-A4B-it,serper,0.0,232,1064,Industri,KEMENTERIAN KOORDINATOR BIDANG PEREKONOMIAN,Kontribusi PDB Manufaktur,"20,8",Persen,True,False,True,True,90,siaran_pers,2025,"Program berjalan, ditandai dengan laporan pertumbuhan industri pengolahan sebesar 5,30% pada tahun 2025 yang melampaui pertumbuhan ekonomi nasional. Data menunjukkan kontribusi industri pengolahan terus meningkat menjadi 19,07% pada tahun 2025 serta indeks PMI manufaktur berada di level ekspansif pada Oktober 2025.","Program berjalan, ditandai dengan data resmi BPS yang dikonfirmasi Kementerian Perindustrian: kontribusi sektor manufaktur terhadap PDB nasional naik konsisten dari 18,34% (2022) menjadi 19,07% pada penutupan 2025, kenaikan bertahap tiap tahun. Kemenperin mencatat 16 dari 23 subsektor industri pengolahan berada dalam fase ekspansi (kontribusi 78,3% terhadap PDB industri nonmigas), dengan industri kendaraan bermotor dan percetakan sebagai subsektor berkinerja tertinggi. Purchasing Manager Index (PMI) dan Indeks Kepercayaan Industri (IKI) juga menunjukkan tren ekspansif sepanjang 2025, mengindikasikan optimisme pelaku industri",https://www.ekon.go.id/publikasi/detail/6908/industri-manufaktur-jadi-andalan-pemerintah-antisipasi-tekanan-perekonomian-global,www.ekon.go.id,True,True,True,OK,,1,0,1,laporan kinerja 2025 Kemenko Perekonomian kontribusi PDB manufaktur,2261,218,4.34
20260918_113127,2026-09-18T12:01:27,gemma-4-26B-A4B-it,serper,0.0,233,1066,Pertahanan,KEMENTERIAN KOORDINATOR BIDANG POLITIK DAN KEAMANAN,Global Power Index,33,peringkat,True,False,True,True,90,siaran_pers,2025,"Program berjalan, ditandai dengan adanya siaran pers resmi Kemenko Polkam pada Agustus 2025 mengenai pembahasan strategi pencapaian Asia Power Index dalam RPJMN 2025-2029. Selain itu, terdapat kegiatan rapat evaluasi capaian Asia Power Index (Military Capability) tahun 2025 yang dilakukan oleh Kemenko Polkam.","Program berjalan, ditandai dengan Kemenko Polkam menggelar Rapat Koordinasi Strategi Pencapaian Asia Power Index (API) dalam RPJMN 2025-2029 (20 Agustus 2025), dipimpin Brigjen TNI Kresno Pratowo, membahas sinkronisasi lintas kementerian untuk dua indikator utama: Military Capability Index (skor 2024: peringkat ke-13, nilai 15,7, target naik ke 16 pada 2025 dan 20 pada 2029) dan Diplomatic Influence (skor 2024: 65,6, target 66,1 pada 2029). Program melibatkan kolaborasi TNI, BRIN, dan Bappenas, mencakup strategi modernisasi alutsista, penguatan SDM, dan pengembangan industri pertahanan nasional",https://www.facebook.com/PolkamRI/posts/kemenko-polkam-bahas-strategi-pencapaian-asia-power-index-dalam-rpjmn-20252029si/1097327852537970/,www.facebook.com,False,True,True,OK,,2,0,2,laporan kinerja 2025 Kemenko Polkam Global Power Index | siaran pers Kemenko Polkam evaluasi capaian Asia Power Index 2025,4003,271,6.24
20260918_113127,2026-09-18T12:01:32,gemma-4-26B-A4B-it,serper,0.0,234,1071,Birokrasi,KEMENTERIAN HUKUM,PP 07.02 - Indeks Materi Hukum,"0,51",Indeks,True,False,True,True,90,siaran_pers,2025,"Program berjalan, ditandai dengan pelaksanaan kegiatan harmonisasi regulasi daerah oleh Kantor Wilayah Kementerian Hukum dan penyelenggaraan Anugerah Legislasi Daerah 2025. Kementerian Hukum juga menargetkan pelaksanaan harmonisasi terhadap 300 hingga 350 peraturan hingga akhir tahun 2025.","Program berjalan, ditandai dengan terselenggaranya Forum Tindak Lanjut Rekomendasi Hasil Analisis dan Evaluasi Peraturan Perundang-undangan oleh BPHN, serta selesainya evaluasi 121 UU pusat dan 256 Perda sepanjang 2025 sebagai bagian dari upaya harmonisasi regulasi",https://djpp.kemenkum.go.id/publikasi/indeks-berita/anugerah-legislasi-daerah-2025-apresiasi-dan-penguatan-harmonisasi-regulasi-daerah,djpp.kemenkum.go.id,True,True,True,OK,,2,0,2,laporan kinerja 2025 Kementerian Hukum Indeks Materi Hukum | kegiatan harmonisasi regulasi Kementerian Hukum 2025,3917,233,5.81
20260918_113127,2026-09-18T12:01:39,gemma-4-26B-A4B-it,serper,0.0,235,1074,Pendidikan,KEMENTERIAN PENDIDIKAN DASAR DAN MENENGAH,"PP 04.02 - Persentase satuan pendidikan yang memiliki indeks karakter, indeks iklim keamanan sekolah dan indeks inidusivitas dan kebinekaan pada kategori baik","33,24",persen,True,False,True,True,90,siaran_pers,2025,"Program berjalan, ditandai dengan adanya dokumen Rapor Pendidikan Indonesia 2025 yang mencakup analisis indikator prioritas seperti Karakter, Iklim Keamanan, Iklim Kebinekaan, dan Iklim Inklusivitas. Dokumen ini digunakan sebagai instrumen evaluasi sistem pendidikan untuk pembenahan kualitas satuan pendidikan pada tahun 2025.","Program berjalan, ditandai dengan peluncuran resmi Rapor Pendidikan Indonesia 2025 oleh Kemendikdasmen (16 Juli 2025) melalui Badan Standar, Kurikulum, dan Asesmen Pendidikan (BSKAP), menghadirkan data tervalidasi berdasarkan data pendidikan tahun 2024, dengan penambahan indikator PAUD dan Indeks Standar Pelayanan Minimal (SPM) Pendidikan. Pusat Studi Pendidikan dan Kebijakan (PSPK) merilis analisis independen (28 Maret 2025) yang mengonfirmasi sistem pengukuran berjalan aktif, meski hasilnya menunjukkan penurunan jumlah satuan pendidikan berkategori ""Baik"" pada indeks karakter (SD turun 18,46%), iklim keamanan, dan kebinekaan (penurunan terbesar di jenjang SMK). Kemendikdasmen kemudian memperkuat instrumen ini dengan menambahkan 3 indikator mutu baru (Maret 2026): Ketersediaan Buku Pendidikan dan Kesiapsiagaan Bencana/Perubahan Iklim",https://puslapdik.kemendikdasmen.go.id/rapor-pendidikan-2025-rujukan-untuk-pembenahan-pendidikan/,puslapdik.kemendikdasmen.go.id,True,True,True,OK,,2,0,2,laporan kinerja 2025 Kementerian Pendidikan Dasar dan Menengah indeks karakter iklim keamanan sekolah kebinekaan | siaran pers Kementerian Pendidikan Dasar dan Menengah pelaksanaan Rapor Pendidikan 2025 indeks karakter keamanan kebinekaan,4070,247,6.86
20260918_113127,2026-09-18T12:01:44,gemma-4-26B-A4B-it,serper,0.0,236,1075,Pendidikan,KEMENTERIAN PENDIDIKAN DASAR DAN MENENGAH,PP 04.04 - Indeks Pemerataan Guru,"35,91",Indeks,True,False,True,True,95,siaran_pers,2025,"Program berjalan, ditandai dengan diterbitkannya Permendikdasmen Nomor 1 Tahun 2025 tentang Redistribusi Guru ASN pada satuan pendidikan untuk mengatasi ketimpangan distribusi. Kebijakan ini mencakup langkah konkret redistribusi guru ke sekolah-sekolah yang kekurangan tenaga pendidik guna meningkatkan indeks pemerataan guru.","Program berjalan, ditandai dengan penerbitan Permendikdasmen Nomor 1 Tahun 2025 dan Kepmendikdasmen Nomor 82/O/2025 tentang mekanisme redistribusi guru ASN, dipaparkan Dirjen GTKPG Nunuk Suryani dan Wamendikdasmen Atip Latipulhayat dalam Taklimat Media 2025 (23 Oktober 2025). Kebijakan ""guru paruh waktu"" diterapkan sebagai langkah transisi menuju sistem ASN penuh (target 2026 tanpa guru honorer). Bukti eksekusi lapangan konkret: Dinas Pendidikan Provinsi Gorontalo menggelar rapat pembahasan Indeks Pemerataan Guru (IPG) bersama KGTK (5 Juni 2025) untuk memetakan kebutuhan guru per sekolah/wilayah. Data resmi terkini mengonfirmasi total 3,27 juta guru di bawah Kemendikdasmen dan 935 ribu guru di bawah Kemenag, dengan kesenjangan distribusi masih terkonsentrasi di Papua, NTT, dan Kalimantan Utara. Dataset resmi ""Indeks Pemerataan Guru 2025"" telah dipublikasikan oleh Ditjen GTKPG melalui portal data.kemendikdasmen.go.id ",http://peraturan.bpk.go.id/Details/315658/permendikdasmen-no-1-tahun-2025,peraturan.bpk.go.id,True,True,True,OK,,2,0,2,laporan kinerja 2025 Kementerian Pendidikan Dasar dan Menengah Indeks Pemerataan Guru | siaran pers Kementerian Pendidikan Dasar dan Menengah distribusi guru 2025,4116,224,5.11
20260918_113127,2026-09-18T12:01:49,gemma-4-26B-A4B-it,serper,0.0,237,1077,Pendidikan,"KEMENTERIAN PENDIDIKAN TINGGI, SAINS, DAN TEKNOLOGI",PP 04.06 - Angka Partisipasi Kasar (APK) Pendidikan Tinggi,"33,94",persen,True,False,True,True,90,siaran_pers,2025,"Program berjalan, ditandai dengan adanya rapat koordinasi penyamaan persepsi indikator RPJMN 2025-2029 pada Maret 2025 dan upaya integrasi data antara Kemdiktisaintek dengan BPS untuk memastikan akses pendidikan tinggi yang tepat sasaran. Selain itu, terdapat dokumen Laporan Kinerja Pusdatin Tahun 2025 yang menunjukkan pelaksanaan tugas dan fungsi kementerian terkait.","Program berjalan, ditandai dengan data resmi BPS yang dikonfirmasi berulang oleh pejabat Kemendiktisaintek. APK Pendidikan Tinggi 2025 mencapai 32,85-32,89%, naik dari baseline 31,45% (2023), namun belum mencapai target 2025 (33,94%). Kemendiktisaintek menggelar Rapat Koordinasi ""Penyamaan Persepsi Indikator RPJMN 2025-2029"" (13 Maret 2025) bersama Bappenas dan Kemendikdasmen untuk menyusun strategi peningkatan akses. Program didukung KIP Kuliah sebagai instrumen utama perluasan akses, meski Anggota Komisi X DPR RI mengkritik target pertumbuhan sebagai ""tidak realistis"" mengingat anggaran KIP yang terbatas (Februari 2026). Data menunjukkan kesenjangan tajam antardaerah: DIY tertinggi (74,70%) vs Sumatera Selatan terendah (27,41%)",https://kemdiktisaintek.go.id/news/article/peningkatan-akses-pendidikan-tinggi-adalah-fokus-dan-komitmen-bersama,kemdiktisaintek.go.id,True,True,True,OK,,2,0,2,"laporan kinerja 2025 Kementerian Pendidikan Tinggi, Sains, dan Teknologi APK Pendidikan Tinggi | siaran pers Kementerian Pendidikan Tinggi, Sains, dan Teknologi program peningkatan APK Pendidikan Tinggi 2025",4286,257,4.97
20260918_113127,2026-09-18T12:01:58,gemma-4-26B-A4B-it,serper,0.0,238,1080,Pendidikan,"KEMENTERIAN PENDIDIKAN TINGGI, SAINS, DAN TEKNOLOGI",PP 04.06 - Proporsi Mahasiswa Baru Berkualitas di Prodi STEM Terakreditasi Unggul,"28,8",persen,True,False,True,True,90,bps_setkab,2025,"Program berjalan, ditandai dengan ketersediaan dataset resmi mengenai jumlah mahasiswa baru berdasarkan jenjang, akreditasi, dan bidang studi (STEM/Non-STEM) untuk tahun 2025 pada portal data Kemdiktisaintek. Selain itu, terdapat dokumen Buku Statistik Pendidikan Tinggi Tahun 2025 yang mencatat data mahasiswa baru dan akreditasi program studi. Hal ini menunjukkan adanya aktivitas pengumpulan dan pengelolaan data indikator tersebut pada tahun berjalan.","Program berjalan, ditandai dengan penetapan Permendiktisaintek Nomor 39 Tahun 2025 tentang Penjaminan Mutu Pendidikan Tinggi, yang merupakan regulasi resmi yang menyederhanakan status akreditasi menjadi 3 kategori (Terakreditasi, Terakreditasi Unggul, Tidak Terakreditasi) dan secara eksplisit mensyaratkan program percepatan pendidikan (lintas jenjang S1-S2-S3) hanya bagi mahasiswa dari prodi berstatus Terakreditasi Unggul atau Internasional. Data resmi Kemendiktisaintek per 2025 mengonfirmasi baru 6% program studi meraih akreditasi A/Unggul dari total 33.741 prodi, sementara lulusan STEM Indonesia baru mencapai 18,47%, yang mana jauh tertinggal dibanding Vietnam (23,38%), Thailand (27,31%), apalagi Malaysia (37,19%) dan Singapura (34,3%). Kebijakan ini diperkuat lebih lanjut lewat Permendiktisaintek No. 10 Tahun 2026 yang mempertegas konsekuensi hukum bagi prodi yang gagal memenuhi standar mutu (termasuk pencabutan izin)",https://data.kemdiktisaintek.go.id/dataset/data-jumlah-mahasiswa-baru-berdasarkan-jenjang-dan-akreditasi-tahun-2025,data.kemdiktisaintek.go.id,True,True,True,OK,,3,0,3,"laporan kinerja 2025 Kementerian Pendidikan Tinggi, Sains, dan Teknologi mahasiswa STEM prodi terakreditasi unggul | siaran pers Kementerian Pendidikan Tinggi, Sains, dan Teknologi program mahasiswa baru STEM 2025 | site:kemdiktisaintek.go.id ""mahasiswa baru"" STEM 2025",6314,314,9.01
20260918_113127,2026-09-18T12:02:02,gemma-4-26B-A4B-it,serper,0.0,239,1084,Birokrasi,KEMENTERIAN PENDAYAGUNAAN APARATUR NEGARA DAN REFORMASI BIROKRASI,PP 07.08 - Indeks Pelayanan Publik,"3,68",Indeks,True,False,True,True,90,siaran_pers,2025,"Program berjalan, ditandai dengan pelaksanaan evaluasi kinerja unit penyelenggara pelayanan publik nasional dan pemantauan desain pelayanan prima yang telah berjalan hingga September 2025. KemenPANRB secara aktif melakukan penilaian melalui instrumen evaluasi pelayanan publik untuk mengukur indeks pelayanan publik.","Program berjalan, ditandai dengan dirilisnya hasil resmi Pemantauan dan Evaluasi Kinerja Penyelenggaraan Pelayanan Publik (PEKPPP) Tahun 2025 oleh KemenPANRB (Kepmenpan RB No. 3/2026), yang mengukur skor riil ratusan instansi/daerah. Dicontohkan Kota Surabaya (4,84, tertinggi nasional) dan Jawa Timur (4,75, provinsi terbaik nasional, naik dari 4,36 di 2023)",https://www.menpan.go.id/site/berita-terkini/lima-desain-pelayanan-prima-jadi-fokus-evaluasi-pelayanan-publik-2025,www.menpan.go.id,True,True,True,OK,,1,0,1,laporan kinerja 2025 KemenPANRB Indeks Pelayanan Publik,2294,190,3.86
20260918_113127,2026-09-18T12:02:10,gemma-4-26B-A4B-it,serper,0.0,240,1087,Pertahanan,BADAN INTELIJEN NEGARA,PP 02.04 - Fragile State Index,"62,8",Indeks,True,False,False,False,90,tidak_ada,2025,"Program belum berjalan, ditandai dengan tidak ditemukannya dokumen laporan kinerja, siaran pers, atau bukti kegiatan teknis Badan Intelijen Negara yang secara spesifik menggarap atau melaporkan capaian indikator Fragile State Index pada tahun 2025. Hasil pencarian hanya menunjukkan definisi indeks secara umum dan artikel opini/analisis pihak ketiga. Dokumen resmi K/L terkait realisasi indikator ini di tahun 2025 belum tersedia dalam basis data publik.","Program berjalan, ditandai dengan Kemenko Polkam menggelar Rapat Koordinasi Evaluasi Koordinasi Intelijen Tahun 2025 (Desember 2025) yang meninjau efektivitas kerja sama intelijen sepanjang tahun dan menyepakati penguatan peran BIN sebagai Koordinator Intelijen nasional. Sebagai catatan metodologis: skor Fragile States Index (FSI) resmi dari Fund for Peace untuk tahun 2025 belum dipublikasikan per Agustus 2026 pada situs resminya masih menampilkan data terbaru dari FSI 2024 (skor 63,7, sesuai baseline), mengindikasikan pola publikasi tahunan dengan jeda waktu",https://bin.go.id,bin.go.id,True,False,True,OK,,3,1,3,"laporan kinerja 2025 Badan Intelijen Negara Fragile State Index stabilitas keamanan | Badan Intelijen Negara realisasi indikator Fragile State Index 2025 | site:bin.go.id ""Fragile State Index"" atau ""stabilitas"" 2025",5560,267,7.43
20260918_113127,2026-09-18T12:02:16,gemma-4-26B-A4B-it,serper,0.0,241,1089,Pertahanan,BADAN SIBER DAN SANDI NEGARA,KP 02.05.02 - Rata-rata Competency Gap Index (CGI) SDM siber dan sandi,16,persen,True,False,True,True,80,media,2025,"Program berjalan, ditandai dengan adanya kegiatan uji kompetensi SDM keamanan siber yang dilaksanakan oleh BSSN pada tahun 2025 untuk mendorong lahirnya SDM yang kompeten. Kegiatan ini merupakan bagian dari upaya teknis untuk mengukur dan meningkatkan standar kompetensi pegawai di bidang keamanan siber.","Program berjalan, ditandai dengan Lembaga Sertifikasi Profesi (LSP) BSSN menggelar Webinar Sosialisasi Sertifikasi Kompetensi SDM Keamanan Siber dan Sandi (30 Januari 2025), dengan hasil kumulatif sertifikasi 2023-2024 mencatat 1.290 orang diuji, 1.116 dinyatakan kompeten dengan data konkret yang menjadi basis pengukuran Competency Gap Index. Program berlanjut dengan sosialisasi sertifikasi kompetensi bagi Taruna Politeknik Siber dan Sandi Negara (Poltek SSN) tingkat III dan IV (19 Maret 2025, Bogor), mencakup skema cryptographic analyst dan penetration tester. BSSN juga telah menghasilkan ribuan lulusan pelatihan SDM keamanan siber lintas sektor periode 2019-2024 (2.738 lulusan pelatihan teknis internal, 1.694 lulusan pelatihan fungsional, 1.002 lulusan program born to defence) sebagai basis data historis pengukuran gap kompetensi",https://www.instagram.com/reel/DSAOl1MEtqt/,www.instagram.com,False,True,True,OK,,3,1,3,laporan kinerja 2025 BSSN kompetensi SDM siber sandi gap index | siaran pers BSSN uji kompetensi SDM siber 2025 | site:bssn.go.id uji kompetensi SDM 2025,5534,236,6.55
20260918_113127,2026-09-18T12:02:23,gemma-4-26B-A4B-it,serper,0.0,242,1095,Birokrasi,KEMENTERIAN PERENCANAAN PEMBANGUNAN NASIONAL/BADAN PERENCANAAN PEMBANGUNAN NASIONAL (BAPPENAS),KP 07.10.05 - Nilai Indeks Satu data Indonesia,51-70,Indeks,True,False,True,True,90,siaran_pers,2025,"Program berjalan, ditandai dengan adanya agenda capaian dan evaluasi penyelenggaraan Satu Data Indonesia (SDI) tahun 2025 yang mencakup penilaian domain kebijakan, kelembagaan, dan penyelenggaraan data. Hasil evaluasi indeks SDI tahun 2025 telah dipublikasikan sebagai bagian dari instrumen strategis pembangunan nasional.","Program berjalan, ditandai dengan rampungnya Evaluasi Penyelenggaraan Satu Data Indonesia (SDI) Tahun 2025 oleh Bappenas, dengan hasil resmi dipublikasikan (surat Deputi Bidang Ekonomi & Transformasi Digital Bappenas, 31 Desember 2025). Dicontohkan skor Jawa Timur 90,13 (peringkat 1 nasional), melonjak dari 76,96 di tahun sebelumnya, menunjukkan sistem evaluasi sudah beroperasi dan menghasilkan skor konkret per instansi/daerah",https://data.go.id/news/2025/08/capaian-dan-agenda-satu-data-indonesia-tahun-2025-dorong-pemanfaatan-data-sebagai-instrumen-strategis-pembangunan/880,data.go.id,True,True,True,OK,,1,0,1,laporan kinerja 2025 Bappenas Nilai Indeks Satu Data Indonesia,2266,224,6.51
20260918_113127,2026-09-18T12:02:32,gemma-4-26B-A4B-it,serper,0.0,243,1109,Pendidikan,KEMENTERIAN KOMUNIKASI DAN DIGITAL,KP 01.02.02 - Jumlah peserta pelatihan peningkatan kapasitas SDM bidang kominfo yang bertalenta digital,40.1,orang,True,False,True,True,90,siaran_pers,2025,"Program berjalan, ditandai dengan adanya sistem monitoring capaian kinerja Balai Pelatihan Talenta Komunikasi dan Digital tahun 2025 pada portal Janjikinerja Komdigi. Selain itu, program Digital Talent Scholarship (DTS) telah menunjukkan aktivitas evaluasi dampak untuk tahun 2025 melalui publikasi ilmiah resmi kementerian.","Program berjalan, ditandai dengan peluncuran resmi Digital Talent Scholarship (DTS) 2025 oleh BPSDM Komdigi (Juni 2025), menargetkan 100.000 lulusan dari berbagai pelatihan teknologi (AI, Cyber Security, Cloud Computing, Coding, Digital Marketing) yang melibatkan kemitraan strategis dengan perusahaan teknologi global (Microsoft, Oracle, Alibaba, AWS, Google, Huawei, Cisco, ZTE, Indosat) serta perguruan tinggi. Bukti eksekusi lapangan konkret: sertifikasi kompetensi bidang TIK untuk 44 lulusan SMK/sederajat melalui skema Vocational School Graduate Academy (VSGA) di Universitas Tidar, Magelang (14-16 Juli 2025), menghasilkan Sertifikat Kompetensi Kerja Nasional dari LSP berlisensi BNSP. Program didukung dataset resmi terbuka ""Jumlah Peserta Digital Talent Scholarship"" di portal Satu Data Komdigi",https://janjikinerja.layanan.go.id/janjikinerja/sp_pk_preview_public.php?JTI2bW1fc2xjJTNENiUyNnVuaXRfaWRfc2xjJTNEMzMzJTI2eXl5eV9zbGMlM0QyMDI1,janjikinerja.layanan.go.id,True,True,True,OK,,3,0,3,"laporan kinerja 2025 Kementerian Komunikasi dan Digital pelatihan talenta digital | site:komdigi.go.id ""Digital Talent Scholarship"" 2025 | ""Capaian Kinerja Balai Pelatihan Talenta Komunikasi Dan Digital"" 2025",6486,307,9.58
20260918_113127,2026-09-18T12:02:38,gemma-4-26B-A4B-it,serper,0.0,244,1117,Pendidikan,KEMENTERIAN KOMUNIKASI DAN DIGITAL,KP 02.14.001 - Proporsi remaja dan dewasa usia 15-59 tahun dengan keterampilan Teknologi Informasi Dan Komputer (TIK),83,persen,True,False,True,True,95,siaran_pers,2025,"Program berjalan, ditandai dengan pelaksanaan rekrutmen Pandu Literasi Digital 2025 dan peningkatan Indeks Masyarakat Digital Indonesia (IMDI) 2025 yang mencatat kenaikan kecakapan digital. Kementerian Komunikasi dan Digital juga aktif melakukan kegiatan literasi digital bagi komunitas anak muda di berbagai daerah pada tahun 2025.","Program berjalan, ditandai dengan Kementerian Komdigi merilis hasil resmi Indeks Masyarakat Digital Indonesia (IMDI) 2025 (2 Oktober 2025), mencatat skor nasional 44,53 yang naik 1,19 poin dari 2024 (43,34), melanjutkan tren kenaikan konsisten sejak 2022 (37,80 -> 43,18 -> 43,34 -> 44,53). Survei melibatkan lebih dari 18.000 responden individu dan 11.000 responden industri, mencakup 514 kabupaten/kota, dengan pilar ""keterampilan digital"" sebagai salah satu dari empat pilar utama pengukuran. Program didukung peluncuran resmi (24 Januari 2025) oleh Wamenkomdigi Angga Raka Prabowo di BPPTIK Cikarang, termasuk transformasi 9 balai daerah menjadi Digital Talent Center (DTC) dan peluncuran Politeknik Digital Jogja (Poldigi)",https://www.komdigi.go.id/berita/siaran-pers/detail/kementerian-komunikasi-dan-digital-buka-rekrutmen-pandu-literasi-digital-2025-agen-perubahan-untuk-ruang-digital-aman-dan-berbudaya,www.komdigi.go.id,True,True,True,OK,,2,0,2,laporan kinerja 2025 Kementerian Komunikasi dan Digital keterampilan TIK literasi digital | siaran pers Kementerian Komunikasi dan Digital program literasi digital 2025,4174,268,5.96
20260918_113127,2026-09-18T12:02:48,gemma-4-26B-A4B-it,serper,0.0,245,1118,Industri,KEMENTERIAN KOMUNIKASI DAN DIGITAL,KP 02.14.002 - Indeks Transformasi Digital Nasional Pilar Bisnis,"40,38",Indeks,True,False,True,True,95,siaran_pers,2025,"Program berjalan, ditandai dengan adanya capaian kinerja pada sistem Janjikinerja Kementerian Komunikasi dan Digital yang mencatat nilai Indeks Transformasi Digital Nasional Pilar Bisnis sebesar 40,70. Data ini menunjukkan indikator tersebut telah diukur dan dikerjakan sebagai bagian dari kinerja kementerian pada tahun berjalan. Dokumen Renstra 2025-2029 juga mengonfirmasi indikator ini sebagai bagian dari mandat RPJMN.","Program berjalan, ditandai dengan hasil pengukuran resmi Indeks Transformasi Digital Nasional (ITDN) Tahun 2024 yang dirilis Kementerian Komdigi. Dicontohkan Provinsi Sumatera Barat mencatat skor pilar Bisnis sebesar 52,61, sementara skor ITDN keseluruhan provinsi tersebut naik dari 58,80 (2023) menjadi 60,38 (2024). Di tingkat nasional, Komdigi memaparkan skor agregat ITDN sebesar 49,2 dalam peluncuran Rencana Induk Pemerintah Digital Nasional 2025-2045 (26 Februari 2026), sekaligus mengonfirmasi target resmi skor pilar Bisnis 2025 sebesar 40,38 (sesuai persis dengan target dalam Renstra Komdigi 2025-2029)",https://janjikinerja.layanan.go.id/janjikinerja/sp_pk_preview_public.php?JTI2bW1fc2xjJTNEMTIlMjZ1bml0X2lkX3NsYyUzRDElMjZ5eXl5X3NsYyUzRDIwMjY=,janjikinerja.layanan.go.id,True,True,True,OK,,3,0,3,"laporan kinerja 2025 Kementerian Komunikasi dan Digital Indeks Transformasi Digital Nasional Pilar Bisnis | site:komdigi.go.id ""Indeks Transformasi Digital Nasional Pilar Bisnis"" 2025 | ""Indeks Transformasi Digital Nasional Pilar Bisnis"" capaian 2025 Kementerian Komunikasi dan Digital",5872,345,9.92
20260918_113127,2026-09-18T12:02:52,gemma-4-26B-A4B-it,serper,0.0,246,1135,Pangan,BADAN PENGAWAS OBAT DAN MAKANAN,KP 04.14.03 - Persentase kab/kota Pangan Aman,14,persen,True,False,True,True,95,lkj,2025,"Program berjalan, ditandai dengan adanya laporan kinerja tahun 2025 dari berbagai unit kerja BPOM (seperti BBPOM Pekanbaru, Loka POM Aceh Tengah, dan Balai POM Ende) yang mencantumkan indikator pendampingan Kabupaten/Kota Pangan Aman. Dokumen tersebut menunjukkan pelaksanaan kegiatan teknis pengawasan dan pendampingan daerah pada tahun berjalan 2025.","Program berjalan, ditandai dengan BPOM merampungkan Penilaian Nasional Kabupaten/Kota Pangan Aman (KKPA) 2025, dengan Kota Semarang meraih predikat juara nasional (skor 96,31), serta juara regional lainnya (Surakarta, Jakarta Pusat, Ternate, Kolaka). Puluhan kabupaten/kota lain juga menerima penghargaan berjenjang berdasarkan skor: Kota Bogor (Level 4/Baik), Kabupaten Banyumas (nilai 88,1, kategori Sangat Baik), dan Kabupaten Lampung Selatan (Level 3/Sedang, nilai di atas 60). Program didukung pendampingan intensif BPOM di daerah, dicontohkan BPOM Palu yang mengawal Kota Palu melalui rapat pengisian data dukung Penilaian Mandiri KKPA (6 Agustus 2025), serta Kota Tangerang yang menjadi salah satu dari 23 kabupaten/kota finalis nasional dengan penilaian akhir dihadiri juri dari BPOM RI, Kemenko Pangan, dan KKP (15 Desember 2025)",https://www.pom.go.id/storage/sakip/Laporan%20Kinerja%202025%20Balai%20POM%20di%20Ende.pdf,www.pom.go.id,True,True,True,OK,,1,0,1,laporan kinerja 2025 BPOM persentase kabupaten kota pangan aman,2313,215,4.26
20260918_113127,2026-09-18T12:03:00,gemma-4-26B-A4B-it,serper,0.0,247,1137,Kesehatan,BADAN PENGAWAS OBAT DAN MAKANAN,KP 04.14.03 - Persentase obat bahan alam yang aman dan bermutu,65,persen,True,False,True,True,95,lkj,2025,"Program berjalan, ditandai dengan adanya Laporan Kinerja Interim Triwulan III 2025 dari Deputi Bidang Pengawasan Obat Tradisional, Suplemen Kesehatan, dan Kosmetik yang mencantumkan target persentase obat bahan alam yang aman dan bermutu. Dokumen tersebut menunjukkan pelaksanaan pengawasan teknis yang sedang berlangsung pada tahun 2025.","Program berjalan, ditandai dengan BPOM menyetujui sekitar 7.000 dari 8.000 permohonan izin edar obat bahan alam (82%) yang melampaui target 2025 sebesar 65%, serta kunjungan Kepala BPOM Taruna Ikrar ke Bali membahas sinergi pengembangan herbal dan obat tradisional lokal (30 Oktober 2025), penyerahan sertifikat CPOTB kepada UMK di Aceh sebagai dukungan Program Koperasi Desa Merah Putih, dan Konsultasi Publik Rancangan Revisi PerBPOM No. 29 Tahun 2023 (5 November 2025) yang menghadirkan narasumber internasional WHO, China, dan India",https://www.pom.go.id/storage/sakip/LAKIP%20INTERIM%20TW%20III%202025%20DEPUTI%20II.pdf,www.pom.go.id,True,True,True,OK,,2,0,2,"laporan kinerja 2025 BPOM obat bahan alam aman bermutu | site:pom.go.id ""Laporan Kinerja"" 2025 obat tradisional jamu aman bermutu",4086,252,7.08
20260918_113127,2026-09-18T12:03:07,gemma-4-26B-A4B-it,serper,0.0,248,1148,Pertahanan,BADAN NARKOTIKA NASIONAL,KP 07.06.07 - Jumlah perkara tindak pidana pencucian uang hasil tindak pidana narketika dan prekursor narkotika,25,perkara,True,False,True,True,90,media,2025,"Program berjalan, ditandai dengan adanya pengungkapan kasus besar narkotika yang disertai dengan Tindak Pidana Pencucian Uang (TPPU) oleh BNN pada September 2025. Hal ini menunjukkan kegiatan penegakan hukum terkait indikator tersebut sedang dilaksanakan secara konkret di lapangan.","Program berjalan, ditandai dengan BNN membongkar kasus konkret TPPU hasil narkotika senilai Rp52,78 miliar dari jaringan Sutarnedi di Palembang, Sumatera Selatan yang diumumkan Kepala BNN Komjen Suyudi Ario Seto dalam konferensi pers (15 September 2025) yang turut dihadiri Kemenko Polkam, Kemenimipas, TNI, Polri, Bea Cukai, BPOM, dan PPATK. Kasus ini bagian dari pembongkaran jaringan narkotika lebih besar (503,7 kg barang bukti) yang menyelamatkan estimasi 1,1 juta jiwa dan mencegah kerugian ekonomi Rp130 miliar. Program diperkuat sinergi kelembagaan: BNN-Kejaksaan Agung menyasar TPPU dan aset kripto (20 Februari 2025) dengan skema percepatan proses hukum (SPDP langsung P16) berlandaskan Perma No. 13 tentang Perampasan Aset, serta Bimtek TPPU bagi penyidik BNN untuk mengoptimalkan penerapan pasal TPPU pada pelaku kejahatan narkotika, dan Rakor penegakan hukum TPPU bersama PPATK (12 Maret 2025)",https://www.facebook.com/humas.bnn/posts/bnn-ungkap-kasus-besar-narkotika-tppusenin-15-september-2025-menjadi-momen-penti/1205325818302441/,www.facebook.com,False,True,True,OK,,1,0,1,laporan kinerja 2025 Badan Narkotika Nasional TPPU narkotika,2292,212,7.51
20260918_113127,2026-09-18T12:03:12,gemma-4-26B-A4B-it,serper,0.0,249,1150,Sosial,OTORITA IBU KOTA NUSANTARA,KP 06.05.02 - Persentase masyarakat sejahtera,"9,50",persen,True,False,True,True,90,lkj,2025,"Program berjalan, ditandai dengan adanya dokumen Rencana Strategis Otorita IKN 2025-2029 yang menetapkan target indikator persentase masyarakat sejahtera sebesar 9,5% pada tahun 2025. Selain itu, terdapat bukti kegiatan konkret seperti pelaksanaan Pesona 2025 dan kegiatan Siaga Nataru 2025/2026 oleh Otorita IKN di wilayah tersebut.","Program berjalan, ditandai dengan Otorita IKN menyelenggarakan lebih dari 879 pelatihan keterampilan bagi seluruh lapisan masyarakat (kaum ibu, difabel, pelaku UMKM, warga wilayah delineasi IKN) untuk meningkatkan kapasitas, daya saing, dan taraf hidup yang telah dikonfirmasi dalam Siaran Pers resmi peringatan Satu Tahun Pemerintahan Prabowo (28 Oktober 2025). Program konkret lain: layanan cek kesehatan gratis di Klinik Kantor Otorita IKN (877+ peserta), peluncuran ""Nusantara Sehat"" bersama Pegadaian-BNI (27 April 2025, 600 peserta), serta ""Pesona 2025"" (Pekan Seni dan Olahraga Nusantara, 31 Oktober 2025) bersinergi dengan BI, OJK, dan Kemenkes untuk mendorong kesejahteraan sosial-ekonomi kawasan. Rencana Strategis Otorita IKN 2025-2029 (Perka OIKN No. 11/2025) menetapkan indikator ""Status Kesehatan dan Kesejahteraan"" secara formal sebagai Sasaran Strategis terukur",https://ikn.go.id/storage/regulasi/20251010-perka-oikn-11-2025-tentang-rencana-strategis-otorita-ikn-tahun-2025-2029.pdf,ikn.go.id,True,True,True,OK,,2,0,2,laporan kinerja 2025 Otorita Ibu Kota Nusantara persentase masyarakat sejahtera | kegiatan Otorita IKN peningkatan kesejahteraan masyarakat 2025,4060,280,5.42
20260918_113127,2026-09-18T12:03:19,gemma-4-26B-A4B-it,serper,0.0,250,1151,Kesehatan,KEMENTERIAN KEPENDUDUKAN DAN PEMBANGUNAN KELUARGA/BADAN KEPENDUDUKAN DAN KELUARGA BERENCANA NASIONAL,KP 04.11.01 - Angka kelahiran remaja umur 15-19 tahun/ Age Specific Fertility Rate (ASFR 15-19),"19,4",(kelahiran hidup per 100 perempuan),True,False,True,True,90,lkj,2025,"Program berjalan, ditandai dengan adanya laporan capaian kinerja (LKIP) BKKBN DIY tahun 2025 yang mencatat realisasi indikator ASFR 15-19 sebesar 73,06%. Selain itu, Peraturan BKKBN No. 4 Tahun 2025 juga mengonfirmasi fokus intervensi pada angka kelahiran remaja tersebut.","Program berjalan, ditandai dengan Kemenko Bidang Pembangunan Manusia dan Kebudayaan menyampaikan ""Tanggapan atas Kajian Kebijakan Menelaah Implementasi Pendidikan Kesehatan Reproduksi Komprehensif"" secara resmi (3 Desember 2025, disampaikan Deputi Woro Srihastuti Sulistyaningrum) yang memaparkan data terbaru ASFR 15-19 berdasarkan Pendataan Keluarga (PK) 2024, sekaligus mengonfirmasi penurunan angka perkawinan anak dari 6,92% (2023) menjadi 5,90% (2024) sebagai indikator terkait yang saling berkorelasi. Program didukung sistem pengumpulan data resmi BKKBN via portal SIPERINDU yang menyajikan data ASFR 15-19 per wilayah secara berkelanjutan, serta pengumpulan data tahunan oleh dinas terkait di berbagai provinsi (dicontohkan Dinas P3AK Jawa Timur untuk periode 2024-2025",https://docu.bkkbndiy.id/wp-content/uploads/2026/07/LKIP-DIY-2025.pdf,docu.bkkbndiy.id,False,True,True,OK,,2,0,2,laporan kinerja 2025 BKKBN angka kelahiran remaja ASFR 15-19 | LKIP 2025 BKKBN angka kelahiran remaja ASFR 15-19,4450,245,6.7
20260918_113127,2026-09-18T12:03:23,gemma-4-26B-A4B-it,serper,0.0,251,1156,Kesehatan,KEMENTERIAN KEPENDUDUKAN DAN PEMBANGUNAN KELUARGA/BADAN KEPENDUDUKAN DAN KELUARGA BERENCANA NASIONAL,KP 04.11.03 - Angka prevalensi kontrasepsi modern/ modern contraceptive prevalence rate (mCPR),"61,8",persen,True,False,True,True,90,media,2025,"Program berjalan, ditandai dengan upaya BKKBN dalam meningkatkan akses dan kualitas pelayanan KB melalui kebijakan terbaru yang mulai diterapkan pada tahun 2025. Dokumen publikasi data dan informasi BKKBN tahun 2025 juga mencatat perkembangan prevalensi kontrasepsi sebagai bagian dari monitoring program.","Program berjalan, ditandai dengan Menteri Kependudukan dan Pembangunan Keluarga Wihaji secara resmi mengonfirmasi prevalensi kontrasepsi modern (mCPR) nasional meningkat mencapai 61,7% (September 2025), seiring turunnya unmet need menjadi 11,1%. Data provinsi menunjukkan variasi capaian, seperti Jawa Tengah mencatat mCPR 65,5% (melampaui target provinsi 65,24%, dipaparkan April 2025), Bengkulu 69,0% (melampaui target nasional RPJMN, Januari 2026), sementara Bali mengalami penurunan ke 59,5% (di bawah rata-rata nasional, evaluasi Desember 2025) yang menunjukkan sistem pendataan (Pendataan Keluarga/PK) berjalan aktif dan detail hingga level provinsi. Kemendukbangga/BKKBN juga meluncurkan ""Pantau KB"" (Pelayanan KB Serentak) di 307 kabupaten/kota prioritas (9-15 Februari 2026) sebagai tindak lanjut konkret memperkuat capaian mCPR di wilayah ""legokan"" (capaian rendah)",https://www.antaranews.com/berita/4352303/bkkbn-penggunaan-alat-kontrasepsi-modern-belum-sesuai-target,www.antaranews.com,False,True,True,OK,,2,0,2,laporan kinerja 2025 BKKBN kontrasepsi modern mCPR | siaran pers BKKBN 2025 program kontrasepsi modern mCPR,4329,223,4.22
20260918_113127,2026-09-18T12:03:28,gemma-4-26B-A4B-it,serper,0.0,252,1162,Pendidikan,KEMENTERIAN KEPENDUDUKAN DAN PEMBANGUNAN KELUARGA/BADAN KEPENDUDUKAN DAN KELUARGA BERENCANA NASIONAL,KP 04.16.01 - Persentase calon pengantin yang mendapatkan edukasi pra nikah,45,persen,True,False,True,True,90,lkj,2025,"Program berjalan, ditandai dengan adanya kegiatan pendampingan dan edukasi kepada calon pengantin melalui kunjungan langsung serta penggunaan aplikasi Elsimil untuk deteksi dini kesiapan menikah. Bukti pelaksanaan konkret ditemukan pada laporan kinerja perwakilan BKKBN di daerah dan kegiatan edukasi di berbagai wilayah pada tahun 2025. Kegiatan ini mencakup materi kesehatan reproduksi, perencanaan kehamilan, dan kesiapan mental bagi calon pengantin.","Program berjalan, ditandai dengan pelaksanaan rutin Bimbingan Perkawinan (Bimwin) di berbagai KUA se-Indonesia sepanjang 2025 yang telah dikonfirmasi di Yogyakarta (KUA Gedongtengen, Mei 2025; KUA Gondokusuman, Juli 2025), Jawa Barat (KUA Pacet, September 2025), dan Sulawesi Selatan (KUA Makale, Tana Toraja, Januari 2025) sebagai tindak lanjut Nota Kesepahaman lintas kementerian (Kemenko PMK, BKKBN, Kemenag, Kemenkes, November 2024) dan Peraturan Menteri Agama Nomor 22 Tahun 2024 yang mewajibkan calon pengantin mengikuti bimbingan perkawinan. Program mencakup edukasi Fiqh Munakahat, kesiapan mental-spiritual, dan sosialisasi aplikasi Elsimil untuk skrining risiko stunting",https://docu.bkkbndiy.id/books/laporan-kinerja-lkip-2025-instansi-pemerintah-perwakilan-bkkbn-daerah-istimewa-yogyakarta/,docu.bkkbndiy.id,False,True,True,OK,,2,0,2,laporan kinerja 2025 BKKBN edukasi pra nikah calon pengantin | siaran pers BKKBN edukasi calon pengantin 2025,4189,260,4.56
20260918_113127,2026-09-18T12:03:35,gemma-4-26B-A4B-it,serper,0.0,253,1172,Infrastruktur,"BADAN METEOROLOGI, KLIMATOLOGI, DAN GEOFISIKA",KP 08.03.02 - Persentase akurasi keberhasilan modifikasi cuaca,82,persen,True,False,True,True,90,media,2025,"Program berjalan, ditandai dengan pelaksanaan 90 operasi modifikasi cuaca (OMC) di seluruh Indonesia yang dilaporkan dalam kegiatan BMKG pada periode Juni 2024 hingga September 2025. Dokumen LAKIP Deputi Bidang Modifikasi Cuaca 2025 juga mengonfirmasi adanya pelaksanaan tugas operasional tersebut.","Program berjalan aktif sepanjang 2025 dengan berbagai Operasi Modifikasi Cuaca (OMC) konkret oleh BMKG: pengendalian banjir Ciliwung-Cisadane (5-8 Maret 2025) dengan efektivitas pengurangan curah hujan 30-60%, operasi 24 jam nonstop penanganan risiko banjir Jabodetabek dengan 18 sorti penerbangan oleh 2 operator (PT Alkonost & PT Makson) hingga 10 Juli 2025, serta operasi penekanan titik panas (hotspot) dan asap karhutla di Kalimantan Barat dan Sumatera Selatan (Juli-Agustus 2025) yang secara langsung diapresiasi Presiden Prabowo Subianto (Pontianak, 4 Agustus 2025). Program diperkuat dengan Rapat Koordinasi Nasional Modifikasi Cuaca 2025 (15 Oktober 2025) yang mempertemukan pelaksana, akademisi, regulator, dan pengguna jasa se-Indonesia",https://www.bmkg.go.id/berita/perkuat-sinergi-menuju-ekosistem-yang-berkelanjutan-bmkg-gelar-rakornas-modifikasi-cuaca-2025,www.bmkg.go.id,True,True,True,OK,,1,0,1,laporan kinerja 2025 BMKG modifikasi cuaca akurasi TMC,2268,211,6.84
20260918_113127,2026-09-18T12:03:41,gemma-4-26B-A4B-it,serper,0.0,254,1183,Birokrasi,LEMBAGA ADMINISTRASI NEGARA,KP 07.08.02 - Persentase instansi pemerintah yang menerapkan tata kelola kualitas kebijakan yang baik,30,persen,True,False,True,True,95,lkj,2025,"Program berjalan, ditandai dengan pelaksanaan pengukuran Indeks Kualitas Kebijakan (IKK) tahun 2025 oleh LAN RI yang melibatkan 548 instansi pemerintah. Terdapat dokumen resmi berupa SK Kepala LAN Nomor 737/K.1/HKM.02.2/2025 tentang Penetapan Hasil Pengukuran IKK Tahun 2025.","Program berjalan, ditandai dengan rampungnya Pengukuran Nasional Indeks Kualitas Kebijakan (IKK) Tahun 2025 oleh LAN RI, mencakup 646 instansi sasaran dengan tingkat partisipasi 85% (548 instansi), menilai 1.379 kebijakan di 27 sektor. Hasil resmi diumumkan dalam acara Penganugerahan IKK 2025 di Surabaya (25 November 2025), 39% instansi mencapai kualifikasi ""baik"" atau lebih tinggi, melampaui target RPJMN 2025 (30%). Rincian, 6,41% unggul, 22,22% sangat baik, 25,43% baik. Kementerian Hukum meraih Predikat Unggul (salah satu dari 13 instansi terbaik nasional), dan Pemprov Jawa Timur juga meraih predikat unggul",https://ikk.lan.go.id/files/sk-737-2025-penetapan-hasil-ikk-2025.pdf,ikk.lan.go.id,True,True,True,OK,,2,0,2,"laporan kinerja 2025 LAN RI persentase instansi pemerintah menerapkan tata kelola kualitas kebijakan | site:lan.go.id ""Indeks Kualitas Kebijakan"" 2025",3828,246,6.11
20260918_113127,2026-09-18T12:03:46,gemma-4-26B-A4B-it,serper,0.0,255,1184,Sosial,KEMENTERIAN KOORDINATOR BIDANG PEMBANGUNAN MANUSIA DAN KEBUDAYAAN,PN 04 - Jumlah perolehan medali emas pada paralympic games,4 - 6 (2028),medali,True,False,True,True,90,siaran_pers,2025,"Program berjalan, ditandai dengan keterlibatan Kemenko PMK dalam melepas kontingen Indonesia menuju ASEAN Para Games 2025 di Thailand. Kemenko PMK juga melakukan koordinasi penguatan program prioritas nasional bidang keolahragaan dan Manajemen Talenta Nasional untuk mendukung prestasi atlet.","Program berjalan, ditandai dengan kontingen Indonesia meraih 101 medali emas di ASEAN Para Games 2025 Thailand (Januari 2026, hasil kompetisi Desember 2025-Januari 2026) yang telah melampaui target 82 emas, dengan kontribusi terbesar dari para atletik (38 emas) dan para renang (22 emas). NPC Indonesia menggelar Pelatnas Paralympic Training Center di Karanganyar, Jawa Tengah (Mei 2025) dan program pencarian bakat ""Mendobrak Batas"" yang menyasar 38 provinsi (Maret-Desember 2025, target 100 atlet per provinsi usia maksimal 23 tahun) sebagai regenerasi menuju Paralimpiade Los Angeles 2028. Indonesia juga ditunjuk sebagai tuan rumah World Abilitysport Games 2025 (11-21 September 2025, Jakarta) sebagai ajang kualifikasi resmi Paralimpiade 2028, didukung Kemenpora dan Pemprov DKI Jakarta",https://www.kemenkopmk.go.id/kemenko-pmk-lakukan-koordinasi-perkuat-program-prioritas-nasional-bidang-keolahragaan,www.kemenkopmk.go.id,True,True,True,OK,,2,0,2,laporan kinerja 2025 Kemenko PMK jumlah perolehan medali emas paralympic games | kegiatan Kemenko PMK pembinaan atlet paralimpiade 2025,4067,236,4.83
20260918_113127,2026-09-18T12:03:54,gemma-4-26B-A4B-it,serper,0.0,256,1206,Industri,KEMENTERIAN PERDAGANGAN,KP 05.05.01 Jumlah usaha e-commerce di Pulau Kalimantan,192.7,unit (kumulatif),True,False,False,False,85,tidak_ada,2025,"Program belum berjalan, ditandai dengan tidak ditemukannya bukti kegiatan teknis atau capaian spesifik mengenai jumlah usaha e-commerce di Pulau Kalimantan pada tahun 2025 dalam dokumen resmi Kementerian Perdagangan. Dokumen yang tersedia hanya memuat rencana strategis, pedoman survei, atau data transaksi e-commerce secara nasional tanpa rincian wilayah Kalimantan untuk tahun berjalan.","Program berjalan, ditandai dengan publikasi resmi ""Kinerja Perdagangan Melalui Sistem Elektronik (PMSE) 2025"" oleh Kementerian Perdagangan, yang secara khusus memetakan Distribusi Usaha PMSE Berdasarkan Provinsi tahun 2024 di seluruh Indonesia termasuk Kalimantan. Hal ini menunjukkan sistem pendataan e-commerce regional sudah berjalan aktif dan terstruktur. BPS juga rutin melaksanakan Survei E-Commerce nasional mencakup seluruh 38 provinsi dan 365 kabupaten/kota setiap tahunnya sebagai basis data resmi",https://ditjenppi.kemendag.go.id/berkala/2026-03-30-laporan-kinerja-tahun-2025-hxaxd,ditjenppi.kemendag.go.id,True,True,True,OK,,3,0,3,"laporan kinerja 2025 Kementerian Perdagangan jumlah usaha e-commerce Kalimantan | ""jumlah usaha e-commerce"" Kalimantan Kementerian Perdagangan 2025 | site:kemendag.go.id ""e-commerce"" Kalimantan 2025",6334,280,8.27
20260918_113127,2026-09-18T12:03:59,gemma-4-26B-A4B-it,serper,0.0,257,1213,Industri,KEMENTERIAN PERDAGANGAN,KP 05.05.04 - Kontribusi pangsa pasar ekspor produk pertanian terhadap dunia,"3,28",persen,True,False,True,True,95,siaran_pers,2025,"Program berjalan, ditandai dengan pelaksanaan kegiatan konkret seperti penyelenggaraan Agribusiness Indonesia Expo (Agrinex) 2025 pada November 2025 dan penetapan Keputusan Menteri Perdagangan Nomor 2392 Tahun 2025 mengenai harga patokan ekspor produk pertanian. Selain itu, terdapat laporan kinerja semester I 2025 yang mencatat aktivitas ekspor-impor nasional.","Program berjalan, ditandai dengan pernyataan resmi Mendag (Busan) mengonfirmasi surplus neraca perdagangan 2025 mencapai USD 41,05 miliar, dengan sektor pertanian mencatat peningkatan tertinggi dibanding semua sektor lain, naik 21,01% dibanding 2024 mengungguli sektor industri pengolahan (14,47%). BPS juga mengonfirmasi ekspor pertanian, kehutanan, dan perikanan naik 15,6% (Juli 2025, YoY), didorong ekspor minyak kelapa sawit dan produk kimia organik berbasis pertanian. Program diperkuat dengan pemenangan sengketa dagang WTO (biodiesel, produk sawit vs Uni Eropa) yang mengamankan akses pasar senilai Rp7,34 triliun, serta pengembangan 4 Export Center (termasuk Surabaya) untuk mendorong ekspor daerah",https://ditjenpen.kemendag.go.id/berita/ditjen-pen-pada-webinar-sosialisasi-peluang-ekspor-melalui-agrinex-2025,ditjenpen.kemendag.go.id,True,True,True,OK,,2,0,2,laporan kinerja 2025 Kementerian Perdagangan ekspor produk pertanian | siaran pers Kementerian Perdagangan ekspor produk pertanian 2025 [site:kemendag.go.id],4148,267,5.4
20260918_113127,2026-09-18T12:04:07,gemma-4-26B-A4B-it,serper,0.0,258,1225,Industri,KEMENTERIAN KOMUNIKASI DAN DIGITAL,"KP 05.05.05 - Nilai ekspor jasa telekomunikasi, komputer, dan informasi","2,82",miliar USD,True,False,True,True,85,siaran_pers,2025,"Program berjalan, ditandai dengan realisasi anggaran Kementerian Komunikasi dan Digital sebesar 94,9% pada tahun 2025 untuk memperkuat akses digital dan infrastruktur. Selain itu, terdapat aktivitas pembaruan data nilai ekspor perangkat telekomunikasi dan kebijakan terkait devisa hasil ekspor yang berjalan pada tahun 2025. Upaya transformasi digital untuk mendorong ekspor sektor industri berteknologi tinggi juga tercatat dalam agenda pemerintah tahun 2025.","Program berjalan, ditandai dengan data resmi BPS yang mengonfirmasi sektor Teknologi Informasi dan Komunikasi (TIK) Indonesia tumbuh 8,35% pada 2025, naik dari 7,57% di 2024, dan jauh melampaui pertumbuhan ekonomi nasional (5,11%). Sebagai konteks pendukung terkait, ekspor produk elektronik dan telematika (mencakup telekomunikasi & informasi) mencatat pertumbuhan 16,74% menjadi US$9,38 miliar dalam sembilan bulan pertama, menurut Kementerian Perindustrian. Program didukung basis data resmi BPS ""Nilai Ekspor"" yang dipublikasikan rutin bulanan, termasuk kategori jasa",https://www.komdigi.go.id/berita/siaran-pers/detail/serapan-anggaran-949-persen-kemkomdigi-perkuat-akses-digital-di-wilayah-3t,www.komdigi.go.id,True,True,True,OK,,3,0,3,"laporan kinerja 2025 Kementerian Komunikasi dan Digital ekspor jasa telekomunikasi komputer informasi | siaran pers Kementerian Komunikasi dan Digital ekspor jasa TIK 2025 | site:komdigi.go.id ""ekspor"" 2025",6596,313,7.53
20260918_113127,2026-09-18T12:04:16,gemma-4-26B-A4B-it,serper,0.0,259,1226,Birokrasi,KEMENTERIAN KOMUNIKASI DAN DIGITAL,KP 07.10.02 - Persentase instansi K/L/Prov yang terhubung dengan JIP,90,persen,True,False,True,True,90,media,2025,"Program berjalan, ditandai dengan adanya kegiatan sosialisasi dan implementasi penguatan infrastruktur digital melalui penataan kabel optik serta implementasi Jaringan Intra Pemerintah (JIP) yang dilakukan oleh Kementerian Komunikasi dan Digital pada tahun 2025. Dokumen Renstra Komdigi 2025-2029 juga telah menetapkan fokus penguatan fondasi transformasi digital pada periode ini.","Program berjalan, ditandai dengan capaian resmi integrasi JIP sebesar 90% (99 dari 109 K/L/D) per akhir 2024, sudah menyentuh target 2025 sejak sebelum tahun 2025 dimulai,  serta indikator ini tercantum resmi dalam Renstra Kementerian Komdigi 2025-2029 (Permenkomdigi No. 16/2025) di bawah Kegiatan Prioritas Pemerintah Digital, dengan kelanjutan penguatan interoperabilitas melalui pembahasan RUU Satu Data Indonesia (Juni 2026) dan pengembangan Pusat Data Nasional sebagai fondasi integrasi JIP-SPLP-PDN",https://kaltimprov.go.id/detailberita/komdigi-dorong-penataan-kabel-optik-dan-jaringan-intra-pemerintah-untuk-percepat-transformasi-digital,kaltimprov.go.id,True,True,True,OK,,2,0,2,laporan kinerja 2025 Kementerian Komunikasi dan Digital integrasi JIP Jaringan Intra Pemerintah | kegiatan implementasi Jaringan Intra Pemerintah 2025 Kementerian Komunikasi dan Digital,3913,257,9.06
20260918_113127,2026-09-18T12:04:29,gemma-4-26B-A4B-it,serper,0.0,260,1233,Birokrasi,KEMENTERIAN KOORDINATOR BIDANG POLITIK DAN KEAMANAN,KP 07.03.02 - Tingkat implementasi keadilan restoratif dalam penegakan hukum,"58,7",persen,True,False,True,True,90,siaran_pers,2025,"Program berjalan, ditandai dengan adanya kegiatan koordinasi dan dorongan penguatan implementasi mekanisme keadilan restoratif oleh Kemenko Polkam pada tahun 2025. Hal ini terlihat dari siaran pers mengenai penguatan implementasi keadilan restoratif di wilayah (Sumatera Utara) serta koordinasi implementasi KUHAP baru yang mencakup aspek keadilan restoratif.","Program berjalan, ditandai dengan Kejaksaan Agung (JAM PIDUM) menyelesaikan 2.080 perkara melalui pendekatan keadilan restoratif sepanjang Januari - Desember 2025, dari total 175.624 SPDP yang ditangani. Infrastruktur pendukung juga diperluas signifikan: 5.103 Rumah Restorative Justice dan 112 Balai Rehabilitasi telah terbentuk di berbagai daerah hingga Desember 2025. Di tingkat wilayah, Kejati Sulawesi Selatan (sebagai pilot project pelaksanaan RJ mandiri) mencatat 129 perkara selesai via RJ hingga September 2025 dengan tren peningkatan persentase dari tahun ke tahun. Landasan hukumnya juga diperkuat lewat pengesahan KUHAP baru (UU No. 20 Tahun 2025) yang untuk pertama kalinya mengatur keadilan restoratif secara eksplisit dan formal (Pasal 79–88), menggantikan pendekatan diskresioner sebelumnya",https://polkam.go.id/indeks-berita-copy/page/42/,polkam.go.id,True,True,True,OK,,3,0,3,"laporan kinerja 2025 Kemenko Polkam keadilan restoratif | site:polkam.go.id ""keadilan restoratif"" 2025 | ""Kemenko Polkam"" ""keadilan restoratif"" 2025 siaran pers",5808,259,13.43
20260918_113127,2026-09-18T12:04:36,gemma-4-26B-A4B-it,serper,0.0,261,1235,Sosial,KEMENTERIAN PELINDUNGAN PEKERJA MIGRAN INDONESIA/BADAN PELINDUNGAN PEKERJA MIGRAN INDONESIA,KP 02.09.05 - Jumlah kerja sama internasional tentang ketenagakerjaan dan pergerakan tenaga kerja terampil,7,kesepakatan,True,False,True,True,90,siaran_pers,2025,"Program berjalan, ditandai dengan adanya kegiatan pembahasan peluang kerja sama dengan organisasi pekerja migran internasional pada Maret 2025 serta penandatanganan MoU/PKS dengan mitra strategis untuk penguatan pelindungan pekerja migran. Selain itu, terdapat rencana kerja sama konkret dengan Arab Saudi terkait peluang kerja di bidang kesehatan yang sedang dibahas oleh KemenP2MI.","Program berjalan, ditandai dengan Kementerian P2MI menandatangani MoU dengan PP Muhammadiyah untuk pemberdayaan pekerja migran (16 April 2025, Yogyakarta) dengan kesepakatan konkret pertama pasca transisi kelembagaan dari BP2MI menjadi Kementerian P2MI. Kementerian juga aktif menerima kunjungan delegasi internasional untuk penguatan kerja sama ketenagakerjaan migran, termasuk Menteri Tenaga Kerja Turki serta perwakilan Malaysia, Portugal, dan Albania, dikonfirmasi Menteri Mukhtarudin sebagai bukti pengakuan internasional atas peran strategis kementerian dalam tata kelola migrasi pekerja terampil",https://kp2mi.go.id/berita-detail/kemenp2mi-bahas-peluang-kerja-sama-dengan-organisasi-pekerja-migran-internasional,kp2mi.go.id,True,True,True,OK,,2,0,2,"laporan kinerja 2025 Kementerian Pelindungan Pekerja Migran Indonesia kerja sama internasional ketenagakerjaan | site:kp2mi.go.id ""kerja sama"" 2025",4250,247,6.27
20260918_113127,2026-09-18T12:04:40,gemma-4-26B-A4B-it,serper,0.0,262,1239,Birokrasi,KEMENTERIAN PERENCANAAN PEMBANGUNAN NASIONAL/BADAN PERENCANAAN PEMBANGUNAN NASIONAL (BAPPENAS),KP 04.09.04 - Jumlah rekomendasi kebijakan rencana aksi manajemen talenta nasional (MTN),1,rekomendasi kebijakan,True,False,True,True,95,lkj,2025,"Program berjalan, ditandai dengan adanya Laporan Kinerja Kementerian PPN/Bappenas Tahun 2025 yang mencantumkan indikator jumlah rekomendasi kebijakan rencana aksi manajemen talenta nasional (MTN). Dokumen tersebut juga menunjukkan pembentukan Tim Sekretariat Desain Besar Manajemen Talenta Nasional (DBMTN) sebagai bagian dari pelaksanaan program.","Program berjalan, ditandai dengan Kementerian PPN/Bappenas menyelenggarakan serangkaian Focus Group Discussion (FGD) sepanjang 2025 dengan pemerintah daerah di berbagai wilayah untuk menyelaraskan Rencana Aksi Manajemen Talenta Nasional (MTN), sebagai tindak lanjut Perpres No. 108 Tahun 2024 tentang Desain Besar Manajemen Talenta Nasional (DBMTN). Proses konsultasi dan penyusunan ini menghasilkan rekomendasi kebijakan resmi yang terwujud sebagai Peraturan Menteri PPN/Kepala Bappenas No. 1 Tahun 2026 tentang Rencana Aksi Desain Besar Manajemen Talenta Nasional Tahun 2025 - 2029, ditetapkan 7 Januari 2026, dokumen inilah yang menjadi ""rekomendasi kebijakan"" yang dimaksud indikator ini. Tahap Penguatan Pelaksanaan DBMTN 2025-2029 secara resmi telah dimulai pada 2025, dengan fokus penguatan kelembagaan penyelenggaraan MTN lintas K/L, provinsi, dan kabupaten/kota",https://perpustakaan.bappenas.go.id/e-library/file_upload/koleksi/dokumenbappenas/konten/Dokumen%202026/F_LAPORAN%20KINERJA%20KEMENTERIAN%202025_110326_1619.pdf,perpustakaan.bappenas.go.id,True,True,True,OK,,1,0,1,laporan kinerja 2025 Bappenas manajemen talenta nasional rekomendasi kebijakan,2308,240,3.84
20260918_113127,2026-09-18T12:04:49,gemma-4-26B-A4B-it,serper,0.0,263,1248,Sosial,KEMENTERIAN AGRARIA DAN TATA RUANG/BADAN PERTANAHAN NASIONAL,KP 06.03.03 - Persentase rumah tangga miskin yang memiliki aset lahan,"47,16",persen,True,False,True,True,95,siaran_pers,2025,"Program berjalan, ditandai dengan pelaksanaan program Reforma Agraria melalui redistribusi tanah yang mencakup 195.734 bidang tanah untuk 39.556 KK dalam periode Oktober 2024 hingga Oktober 2025. Selain itu, terdapat kegiatan teknis seperti Rapat Koordinasi Akhir Gugus Tugas Reforma Agraria (GTRA) di tingkat provinsi pada Oktober 2025 untuk memastikan implementasi program di lapangan.","Program berjalan dan melampaui target, ditandai dengan capaian resmi ATR/BPN: legalisasi aset lahan mencapai 10,7 juta hektare atau 238% dari target 4,5 juta hektare dalam 100 hari pertama kerja kementerian di bawah Menteri Nusron Wahid. Pemerintah menyusun ulang cetak biru Reforma Agraria mengubahnya dari sekadar legalisasi aset menjadi instrumen pengentasan kemiskinan ekstrem yang terukur (Rakor Pemanfaatan Lahan/Agraria, 24 November 2025, Kemenko PM), sesuai amanat Inpres No. 8 Tahun 2025 yang menargetkan kemiskinan ekstrem 0% pada 2026. Bukti eksekusi lapangan konkret: Rakor percepatan Reforma Agraria Provinsi Lampung (29 Juli 2025) menghasilkan kesepakatan penyertifikatan tanah wakaf dan penyelesaian kendala BPHTB untuk 13% tanah yang belum tersertifikasi dari 3,7 juta hektare yang sudah terpetakan",https://kepri.atrbpn.go.id/siaran-pers/setahun-menteri-nusron-redistribusi-195734-bidang-tanah-untuk-39556-kk,kepri.atrbpn.go.id,True,True,True,OK,,3,0,3,"laporan kinerja 2025 Kementerian ATR/BPN persentase rumah tangga miskin memiliki aset lahan | site:atrbpn.go.id ""persentase rumah tangga miskin"" aset lahan 2025 | siaran pers ATR/BPN reforma agraria redistribusi tanah 2025",6073,318,9.82
20260918_113127,2026-09-18T12:04:53,gemma-4-26B-A4B-it,serper,0.0,264,1260,Infrastruktur,KEMENTERIAN DALAM NEGERI,KP 02.12.07 - Jumlah provinsi dan kabupaten/kota yang memiliki Perda terkait tata kelola air limbah domestik,150,kab/kota,True,False,True,True,90,media,2025,"Program berjalan, ditandai dengan adanya penetapan regulasi daerah baru seperti Perda No. 9 Tahun 2025 Kabupaten Tanggamus tentang Pengelolaan Air Limbah Domestik dan laporan realisasi anggaran pengelolaan sistem air limbah domestik di tingkat pemerintah daerah pada tahun 2025. Dokumen LAKIP 2025 menunjukkan adanya aktivitas pengelolaan dan pengembangan sistem air limbah domestik di berbagai daerah.","Program berjalan, ditandai dengan penetapan Peraturan Menteri Lingkungan Hidup/Kepala BPLH Nomor 11 Tahun 2025 tentang Baku Mutu dan Standar Teknologi Pengolahan Air Limbah Domestik. Regulasi resmi tingkat nasional yang menjadi acuan teknis bagi daerah dalam menyusun Perda. Kemendagri (Ditjen Bangda) aktif memantau dan memfasilitasi penyusunan Perda di daerah, dengan data terkini mengonfirmasi 113 Kabupaten/Kota telah memiliki Perda Pengelolaan Air Limbah Domestik. Bukti dorongan di tingkat daerah: Kabupaten Gunung Mas (Kalimantan Tengah) secara eksplisit mengidentifikasi kebutuhan mendesak Perda Air Limbah Domestik sebagai respons pertumbuhan penduduk",https://peraturan.bpk.go.id/Download/407626/Perda%20No.%209%20Tahun%202025%20ttg%20Pengelolaan%20Air%20Limbah%20Domestik_OCR.pdf,peraturan.bpk.go.id,True,True,True,OK,,1,0,1,laporan kinerja 2025 Kementerian Dalam Negeri jumlah provinsi kabupaten kota Perda tata kelola air limbah domestik,2305,252,3.49
20260918_113127,2026-09-18T12:05:00,gemma-4-26B-A4B-it,serper,0.0,265,1270,Birokrasi,KEMENTERIAN DALAM NEGERI,KP 07.01.01 - Persentase parpol yang tepat waktu menyampaikan laporan pertanggungjawaban bantuan keuangan parpol setelah diaudit oleh BPK kepada mendagri,100,persen,True,False,True,True,90,siaran_pers,2025,"Program berjalan, ditandai dengan adanya SK Bantuan Keuangan Parpol periode 2024-2029 yang diterbitkan oleh Kemendagri pada April 2025 serta pelaksanaan rapat evaluasi penyaluran bantuan keuangan parpol tahun 2025 untuk mendorong transparansi dan akuntabilitas. Kegiatan ini mencakup pengawasan terhadap penyaluran dan pertanggungjawaban dana bantuan kepada partai politik.","Program berjalan, ditandai dengan BPK RI menyerahkan Laporan Hasil Pemeriksaan (LHP) atas pertanggungjawaban penerimaan dan pengeluaran Bantuan Keuangan Partai Politik Tahun Anggaran 2025 secara bersamaan kepada delapan partai politik dan Dirjen Politik dan Pemerintahan Umum (Polpum) Kemendagri, pada 22 Juni 2026 dengan kesimpulan laporan telah sesuai dengan kriteria perundang-undangan (dicontohkan DPP PKS). Proses ini menunjukkan siklus lengkap program berjalan: parpol menyampaikan LPJ Tahun Anggaran 2025 (batas waktu 31 Januari 2026), diaudit BPK, dan hasilnya diserahkan resmi ke Kemendagri sesuai persis dengan mekanisme yang diatur indikator ini",https://ppid.kemendagri.go.id/front/dokumen/detail/500383429,ppid.kemendagri.go.id,True,True,True,OK,,2,0,2,laporan kinerja 2025 Kementerian Dalam Negeri bantuan keuangan parpol audit BPK | siaran pers Kemendagri penyaluran bantuan keuangan parpol 2025,3967,241,6.97
20260918_113127,2026-09-18T12:05:04,gemma-4-26B-A4B-it,serper,0.0,266,1272,Birokrasi,KEMENTERIAN DALAM NEGERI,KP 07.01.02 - Persentase penduduk yang menggunakan Identitas Kependudukan Digital (IKD) bagi penduduk wajib KTP,10,persen,True,False,True,True,90,siaran_pers,2025,"Program berjalan, ditandai dengan pelaksanaan aktivasi Identitas Kependudukan Digital (IKD) sebagai prioritas utama Ditjen Dukcapil Kemendagri pada tahun 2025. Implementasi dilakukan melalui kegiatan jemput bola dan integrasi layanan data kependudukan sesuai Instruksi Menteri Dalam Negeri Nomor 2 Tahun 2025.","Program berjalan, ditandai dengan capaian aktivasi IKD nasional mencapai 17,56 juta jiwa (8,29% dari wajib KTP-el) hingga akhir 2025 meningkat lebih dari 4,25 juta aktivasi dibanding tahun sebelumnya. Ditjen Dukcapil Kemendagri aktif menggelar Rakornas 2025 yang membahas strategi percepatan IKD sebagai bagian dari transformasi digital nasional dan Digital Public Infrastructure (DPI). Program terus berlanjut ke 2026 dengan pengguna aktif IKD menembus 20,5 juta per Juli 2026, didukung Bimtek Peningkatan Pemanfaatan Data Kependudukan dan pengembangan fitur aktivasi mandiri via liveness detection",https://dukcapil.kemendagri.go.id/phln/read/ditjen-dukcapil-lampaui-target-kinerja-2025-layanan-data-kependudukan-kian-terintegrasi,dukcapil.kemendagri.go.id,True,True,True,OK,,1,0,1,laporan kinerja 2025 Kementerian Dalam Negeri IKD identitas kependudukan digital,2292,216,3.92
20260918_113127,2026-09-18T12:05:09,gemma-4-26B-A4B-it,serper,0.0,267,1275,Infrastruktur,KEMENTERIAN DALAM NEGERI,KP 07.09.03 - Jumlah provinsi yang memenuhi belanja infrastruktur pelayanan publik,19,provinsi,True,False,False,False,85,media,2025,"Program belum berjalan, ditandai dengan dokumen yang tersedia hanya berupa rencana pagu anggaran Kemendagri tahun 2025 dan pembahasan mengenai efisiensi belanja. Belum ditemukan bukti konkret mengenai jumlah provinsi yang telah memenuhi kriteria belanja infrastruktur pelayanan publik pada tahun berjalan 2025.","Program berjalan, ditandai dengan penerapan mandatory spending belanja infrastruktur pelayanan publik minimal 40% dari total belanja daerah (fokus PU, Perkim, Perhubungan), diatur dalam Permendagri No. 15 Tahun 2024 tentang Pedoman Penyusunan APBD TA 2025. Kemendagri aktif mengawal implementasinya lewat evaluasi APBD tiap provinsi, yang dicontohkan evaluasi APBD DIY 2025 yang secara eksplisit merasionalisasi anggaran untuk memperkuat alokasi infrastruktur pelayanan publik sebelum disahkan (efektif 1 Januari 2025). Kemendagri juga menggelar Rapat Koordinasi Percepatan Realisasi APBD 2025 (8 Mei 2025) yang memantau progres penyerapan belanja daerah per provinsi secara real-time, dengan Jawa Barat sebagai provinsi realisasi tertinggi (21,91%)",https://www.kemendagri.go.id/berita/rapat-bersama-komisi-ii-mendagri-paparkan-kinerja-anggaran-kemendagri-yang-tetap-optimal-di-tengah-efisiensi,www.kemendagri.go.id,True,True,True,OK,,2,0,2,laporan kinerja 2025 Kementerian Dalam Negeri belanja infrastruktur pelayanan publik | siaran pers Kemendagri realisasi belanja infrastruktur pelayanan publik provinsi 2025,4201,246,5.67
20260918_113127,2026-09-18T12:05:14,gemma-4-26B-A4B-it,serper,0.0,268,1280,Pangan,KEMENTERIAN INVESTASI DAN HILIRISASI/BADAN KOORDINASI PENANAMAN MODAL,KP 02.22.04 - Nilai realisasi PMA/PMDN hilirisasi garam,7.379.000,juta rupiah,True,False,True,True,90,siaran_pers,2025,"Program berjalan, ditandai dengan adanya data realisasi investasi pada Laporan Kegiatan Penanaman Modal (LKPM) untuk sektor hilirisasi garam tahun 2025. Kementerian Investasi dan Hilirisasi/BKPM juga telah merilis siaran pers mengenai capaian realisasi investasi triwulan III dan IV tahun 2025 yang mencakup sektor hilirisasi.","Program berjalan, ditandai dengan penetapan Peraturan Presiden Nomor 17 Tahun 2025 tentang Percepatan Pembangunan Pergaraman Nasional yang menargetkan swasembada garam pada 2027, mencakup strategi intensifikasi tambak, ekstensifikasi lahan, modernisasi teknologi evaporasi (metode evaporasi tertutup, teknologi SWRO), dan pembangunan infrastruktur produksi. PT Garam berkomitmen mempercepat hilirisasi lewat penerapan teknologi MVR dan investasi pembangunan pabrik. Program Hilirisasi Garam juga secara eksplisit disebut Wakil Menteri Investasi dan Hilirisasi sebagai salah satu dari 77 Proyek Strategis Nasional (PSN) 2025-2029 yang ditawarkan kepada investor asing (dicontohkan forum dengan 40 investor Australia, 20 Maret 2025). Secara makro, realisasi investasi hilirisasi nasional (mencakup sektor mineral, perkebunan, kehutanan) melonjak 43,3% sepanjang 2025, mencapai Rp584,1 triliun (30,2% dari total investasi nasional)",https://bkpm.go.id/id/info/siaran-pers/realisasi-investasi-triwulan-iii-2025-tembus-rp491-4-triliun-hilirisasi-dan-pmdn-jadi-penggerak-utama,bkpm.go.id,True,True,True,OK,,1,0,1,laporan kinerja 2025 Kementerian Investasi dan Hilirisasi realisasi PMA PMDN hilirisasi garam,2307,236,4.2
20260918_113127,2026-09-18T12:05:18,gemma-4-26B-A4B-it,serper,0.0,269,1282,Industri,KEMENTERIAN INVESTASI DAN HILIRISASI/BADAN KOORDINASI PENANAMAN MODAL,KP 05.01.02 - Nilai realisasi PMA/PMDN hilirisasi tembaga,45.933.000,juta rupiah,True,False,True,True,90,siaran_pers,2025,"Program berjalan, ditandai dengan adanya laporan realisasi investasi triwulan III 2025 yang mencatat sektor hilirisasi sebagai penggerak utama investasi nasional. Data menunjukkan aktivitas penanaman modal pada sektor hilirisasi terus dipantau melalui Laporan Kegiatan Penanaman Modal (LKPM) sepanjang tahun 2025.","Program berjalan, ditandai dengan capaian resmi BKPM. Realisasi investasi hilirisasi 2025 melompat 43,3%, dengan industri logam dasar sebagai sektor penyerap investasi asing terbesar (USD3,5 miliar pada Triwulan III 2025) dan kontribusi terbesar keseluruhan tahun (Rp65,6 triliun dari industri logam dasar, barang logam bukan mesin dan peralatannya). Bukti proyek spesifik, smelter tembaga PT Freeport Indonesia (PTFI) di Gresik, yang merupakan proyek smelter tembaga terbesar dunia, telah mencapai realisasi investasi US$2,2 miliar dari total US$3 miliar, menyerap 15.000 tenaga kerja, dan mulai berproduksi menghasilkan katoda tembaga, emas, dan perak batangan sejak akhir 2024/awal 2025. BKPM juga mempublikasikan dataset terbuka resmi realisasi PMA/PMDN per komoditas hilirisasi (dicontohkan dataset serupa untuk timah tersedia di portal data terbuka BKPM)",https://bkpm.go.id/id/info/siaran-pers/realisasi-investasi-triwulan-iii-2025-tembus-rp491-4-triliun-hilirisasi-dan-pmdn-jadi-penggerak-utama,bkpm.go.id,True,True,True,OK,,1,0,1,laporan kinerja 2025 Kementerian Investasi Hilirisasi realisasi PMA PMDN hilirisasi tembaga,2327,229,4.38
20260918_113127,2026-09-18T12:05:26,gemma-4-26B-A4B-it,serper,0.0,270,1287,Pangan,KEMENTERIAN INVESTASI DAN HILIRISASI/BADAN KOORDINASI PENANAMAN MODAL,KP 05.01.06 - Nilai realisasi PMA/PMDN hilirisasi kelapa,392.21,juta rupiah,True,False,True,True,95,bps_setkab,2025,"Program berjalan, ditandai dengan adanya dataset resmi Nilai Realisasi PMA/PMDN Hilirisasi Kelapa Tahun 2025 yang dikelola oleh Kementerian Investasi dan Hilirisasi/BKPM melalui portal Satu Data BKPM. Data tersebut bersumber dari Laporan Kegiatan Penanaman Modal (LKPM) yang mencatat realisasi investasi pada sektor hilirisasi kelapa selama tahun 2025.","Program berjalan, ditandai dengan dimulainya konstruksi pabrik hilirisasi kelapa senilai US$100 juta (Rp1,66 triliun) di Morowali, Sulawesi Tengah, hasil investasi Zhejiang FreeNow Food Co.Ltd (China) bersama konsorsium China-Indonesia yang telah dikonfirmasi Menteri BKPM Rosan Roeslani dalam konferensi pers Triwulan III 2025 (17 Oktober 2025) dan Kompas 100 CEO Forum (26 November 2025). Proyek fase pertama menyerap 5.000 tenaga kerja, dengan total penyerapan diproyeksikan 10.000 pekerja setelah tiga fase rampung",https://data.bkpm.go.id/dataset-detail/nilai-realisasi-pmapmdn-hilirisasi-kelapa-tahun-2025,data.bkpm.go.id,True,True,True,OK,,2,0,2,"laporan kinerja 2025 Kementerian Investasi dan Hilirisasi BKPM realisasi PMA PMDN hilirisasi kelapa | site:bkpm.go.id ""hilirisasi kelapa"" realisasi 2025",4176,258,7.63
20260918_113127,2026-09-18T12:05:29,gemma-4-26B-A4B-it,serper,0.0,271,1305,Kesehatan,KEMENTERIAN KESEHATAN,KP 04.11.04 - Persentase penduduk penerima pemeriksaan kesehatan gratis kelompok lanjut usia,50,persen,True,False,True,True,90,lkj,2025,"Program berjalan, ditandai dengan pelaksanaan program Cek Kesehatan Gratis (CKG) yang dimulai pada Februari 2025 untuk berbagai kelompok usia termasuk masyarakat usia 18 tahun ke atas (lansia). Dokumen LAKIP Ditjen Kesehatan Primer dan Komunitas 2025 juga mencantumkan indikator pelayanan kesehatan kelompok rentan sebagai bagian dari kinerja tahun 2025.","Program berjalan, ditandai dengan Program Cek Kesehatan Gratis (CKG/PKG) yang resmi berlaku nasional sejak 10 Februari 2025, mencakup pemeriksaan khusus lansia (usia >60 tahun) dengan 7 jenis skrining yaitu, geriatri, kardiovaskular, paru, kanker, fungsi indra, kesehatan jiwa, dan hati yang telah diatur dalam Kepmenkes No. HK.01.07/MENKES/33/2025. Realisasi konkret: hingga 16 Maret 2025, program menjangkau lebih dari 777.000 pendaftar dari 9.285 Puskesmas di 502 kabupaten/kota dan 38 provinsi (mencakup seluruh kelompok usia termasuk lansia), dengan Kabupaten Lamongan sebagai wilayah partisipasi tertinggi. Peserta dapat mendaftar via aplikasi SATUSEHAT Mobile atau langsung ke Puskesmas terdekat, dengan hasil pemeriksaan terintegrasi digital",https://kesprimkom.kemkes.go.id/assets/uploads/contents/others/final_LAKIP_PK_YANKES_RENTAN_TA_2025.pdf,kesprimkom.kemkes.go.id,True,True,True,OK,,1,0,1,laporan kinerja 2025 Kementerian Kesehatan pemeriksaan kesehatan gratis lansia,2176,206,3.43
20260918_113127,2026-09-18T12:05:37,gemma-4-26B-A4B-it,serper,0.0,272,1313,Kesehatan,KEMENTERIAN KESEHATAN,KP 04.13.02 - Cakupan pemberian obat pencegahan massal (POPM) untuk schistosomiasis,"87,2",persen,True,False,False,False,80,tidak_ada,tidak_ada,"Program belum berjalan, ditandai dengan tidak ditemukannya bukti pelaksanaan kegiatan pemberian obat pencegahan massal (POPM) schistosomiasis yang spesifik pada tahun 2025 dalam dokumen resmi Kemenkes. Hasil pencarian hanya menunjukkan roadmap jangka panjang (2018-2025) dan informasi umum mengenai penyakit tersebut tanpa bukti aktivitas teknis di tahun berjalan 2025.","Program berjalan, ditandai dengan terlaksananya Pemberian Obat Pencegahan Massal (POPM) Putaran 1 dan Putaran 2 Tahun 2025 di wilayah endemis Kabupaten Poso dan Sigi, Sulawesi Tengah, sebagaimana tercatat dalam Profil Dinas Kesehatan Provinsi Sulawesi Tengah 2025 (mencakup data cakupan POPM per putaran dan tren prevalensi schistosomiasis pada manusia). Bukti eksekusi lapangan berkelanjutan pada laporan lapangan BenarNews (Maret 2025) mengungkap tantangan nyata implementasi yang termasuk kelangkaan stok obat impor dari Jerman (didonasikan via WHO), namun mengonfirmasi program tetap berjalan aktif menuju target eliminasi schistosomiasis sebagai masalah kesehatan masyarakat pada 2025",https://kemkes.go.id/id/indonesia-eradikasi-demam-keong,kemkes.go.id,True,True,True,OK,,3,0,3,"laporan kinerja 2025 Kementerian Kesehatan POPM schistosomiasis | siaran pers Kementerian Kesehatan POPM schistosomiasis 2025 | site:kemkes.go.id ""schistosomiasis"" 2025",6333,259,7.66
20260918_113127,2026-09-18T12:05:46,gemma-4-26B-A4B-it,serper,0.0,273,1315,Kesehatan,KEMENTERIAN KESEHATAN,KP 04.13.03 - Jumlah kab/kota yang mencapai positivity rate malaria <5%,405,kab/kota,True,False,True,True,90,siaran_pers,2025,"Program berjalan, ditandai dengan implementasi Peta Jalan Eliminasi Malaria 2025–2045 dan adanya laporan capaian kinerja surveilans malaria pada tahun 2025. Kementerian Kesehatan juga melakukan intervensi pencegahan penularan kembali dan penguatan surveilans untuk mencapai target eliminasi. Selain itu, terdapat siaran pers resmi mengenai apresiasi keberhasilan eliminasi malaria di Indonesia pada Juni 2025.","Program berjalan, ditandai dengan pemberian sertifikat eliminasi malaria kepada berbagai kabupaten/kota sepanjang 2025, dengan capaian mencapai 476 dari 514 kabupaten/kota (79%) bebas dari kasus malaria yang melampaui target 2025 (405 kab/kota). Tiga syarat mutlak yang harus dipenuhi setiap kab/kota untuk meraih sertifikat ini adalah Annual Parasite Incidence (API) kurang dari 1 per 1.000 penduduk, positivity rate kurang dari 5%, dan tidak ada kasus indigenous. Kemenkes menjalankan implementasi ini di bawah kerangka Peta Jalan Eliminasi Malaria dan Pencegahan Penularan Kembali 2025-2045 (Kepmenkes No. HK.01.07/MENKES/1988/2024)",https://malaria.kemkes.go.id/sites/default/files/2025-03/20250219100417KMK%20No%20HK%2001%2007%20MENKES%201988%202024%20ttg%20Peta%20Jalan%20Eliminasi%20Malaria%20dan%20Pencegahan%20Penularan%20Kembali%20di%20Indonesia%20Th%202025%202045%20signed.pdf,malaria.kemkes.go.id,True,True,True,OK,,3,0,3,"laporan kinerja 2025 Kementerian Kesehatan jumlah kabupaten kota positivity rate malaria <5% | siaran pers Kementerian Kesehatan kegiatan pengendalian malaria 2025 | site:kemkes.go.id ""malaria"" 2025 kegiatan surveilans eliminasi",6798,410,9.07
20260918_113127,2026-09-18T12:05:55,gemma-4-26B-A4B-it,serper,0.0,274,1317,Kesehatan,KEMENTERIAN KESEHATAN,KP 04.13.04 - Persentase penderita hipertensi mendapatkan pelayanan kesehatan sesuai standar,5,persen,True,False,True,True,85,media,2025,"Program berjalan, ditandai dengan adanya dokumen Laporan Standar Pelayanan Minimal (SPM) Tahun 2025 di tingkat daerah yang mencakup pelayanan kesehatan hipertensi sesuai standar di FKTP. Selain itu, Kementerian Kesehatan telah menyediakan pedoman teknis dan tata laksana penanganan hipertensi sebagai bagian dari implementasi kebijakan standar pelayanan nasional.","Program berjalan, ditandai dengan Badan Kebijakan Pembangunan Kesehatan (BKPK) Kemenkes memaparkan capaian Standar Pelayanan Minimal (SPM) Kesehatan dalam Rapat Kerja Kesehatan Nasional (Rakerkesnas), mengonfirmasi capaian layanan hipertensi nasional sebesar 73% (2023) dari rata-rata SPM Kab/Kota 82. Kemenkes memperkuat regulasi lewat Permenkes No. 6 Tahun 2024 (penyempurnaan Permenkes No. 4/2019) yang menetapkan metode perhitungan Indeks Pencapaian SPM (IPSPM) baru. Implementasi konkret di daerah terus berjalan sepanjang 2025, dicontohkan Dinas Kesehatan Kabupaten Kampar yang menerbitkan Laporan Tahunan SPM 2025 dan penggunaan aplikasi digital terintegrasi oleh Dinas Kesehatan Kabupaten Cianjur untuk mendukung pencapaian target deteksi dini Penyakit Tidak Menular (PTM) termasuk hipertensi",https://karawangkab.go.id/sites/default/files/pdf/9.%20Laporan%20Standar%20Pelayanan%20Minimal%20%28SPM%29%20Tahun%202025.pdf,karawangkab.go.id,True,True,True,OK,,3,0,3,"laporan kinerja 2025 Kementerian Kesehatan persentase penderita hipertensi mendapatkan pelayanan kesehatan sesuai standar | siaran pers Kementerian Kesehatan layanan hipertensi sesuai standar 2025 | site:kemkes.go.id ""hipertensi"" 2025",6235,290,8.76
20260918_113127,2026-09-18T12:06:01,gemma-4-26B-A4B-it,serper,0.0,275,1319,Kesehatan,KEMENTERIAN KESEHATAN,KP 04.13.04 - Persentase perempuan dengan lesi pra kanker serviks yang mendapat pengobatan sesuai protokol,20,persen,True,False,True,True,85,siaran_pers,2025,"Program berjalan, ditandai dengan keterlibatan aktif Kementerian Kesehatan dalam Forum Global Eliminasi Kanker Serviks 2025 yang menekankan percepatan layanan skrining dan pengobatan. Kemenkes juga menjalankan Rencana Aksi Nasional (RAN) Eliminasi Kanker Leher Rahim yang mencakup pilar layanan pengobatan sesuai protokol. Upaya ini merupakan bagian dari komitmen global untuk mencapai target eliminasi kanker serviks pada tahun 2025.","Program berjalan, ditandai dengan integrasi resmi skrining kanker leher rahim ke dalam Program Cek Kesehatan Gratis (CKG) oleh Kemenkes yang mencakup pemeriksaan DNA HPV dan self-sampling, dengan penanganan lesi pra-kanker (termasuk terapi ablasi termal) telah disiapkan di fasilitas layanan primer seperti puskesmas untuk tindak lanjut langsung hasil skrining. Bukti eksekusi lapangan konkret: RSUD Sekayu bersama TP PKK Musi Banyuasin menyelenggarakan ""Skrining Lesi Pra Kanker Serviks berbasis AI TeleOTIVA"" (23 September 2025) dengan akurasi deteksi >80%, ditujukan bagi 100 perempuan usia 15-60 tahun",https://kemkes.go.id/eng/%20kemenkes-bertekad-mempercepat-eliminasi-kanker-serviks,kemkes.go.id,True,True,True,OK,,2,0,2,laporan kinerja 2025 Kementerian Kesehatan persentase perempuan dengan lesi pra kanker serviks yang mendapat pengobatan sesuai protokol | siaran pers Kementerian Kesehatan pengobatan lesi pra kanker serviks 2025,4147,258,6.68
20260918_113127,2026-09-18T12:06:10,gemma-4-26B-A4B-it,serper,0.0,276,1320,Kesehatan,KEMENTERIAN KESEHATAN,KP 04.13.04 - Cakupan imunisasi HPV,90,persen,True,False,True,True,90,siaran_pers,2025,"Program berjalan, ditandai dengan pelaksanaan Bulan Imunisasi Anak Sekolah (BIAS) yang mencakup pemberian vaksin HPV serta rencana transisi ke jadwal dosis tunggal pada akhir 2025. Kementerian Kesehatan juga telah melakukan kegiatan monitoring dan evaluasi pelaksanaan imunisasi HPV pada tahun 2025.","Program berjalan, ditandai dengan perubahan kebijakan resmi Kemenkes yang dimulai sejak 2025 dengan jumlah dosis imunisasi HPV diubah dari 2 dosis menjadi 1 dosis (mengikuti rekomendasi SAGE-WHO), dilaksanakan melalui Bulan Imunisasi Anak Sekolah (BIAS) bagi siswi kelas 5 SD, sesuai Kepmenkes No. HK.01.07/MENKES/2176/2023. Cakupan dosis pertama sebelumnya telah mencapai 95% (data 2024), dan program terus diperluas dan dikonfirmasi lewat kebijakan lanjutan vaksin HPV untuk anak laki-laki yang mulai diperkenalkan Agustus 2026 di 3 provinsi percontohan (DKI Jakarta, DIY, Bali), dengan syarat cakupan HPV anak perempuan di wilayah tersebut sudah mencapai minimal 90%, yang mana hal itu menunjukkan sistem monitoring capaian per-wilayah berjalan aktif dan digunakan sebagai basis pengambilan kebijakan",https://kemkes.go.id/id/para-pemimpin-dunia-bersatu-untuk-mempercepat-upaya-eliminasi-kanker-serviks,kemkes.go.id,True,True,True,OK,,3,0,3,laporan kinerja 2025 Kementerian Kesehatan cakupan imunisasi HPV | siaran pers Kementerian Kesehatan pelaksanaan imunisasi HPV 2025 | site:kemkes.go.id pelaksanaan imunisasi HPV 2025,6325,251,8.41
20260918_113127,2026-09-18T12:06:17,gemma-4-26B-A4B-it,serper,0.0,277,1330,Kesehatan,KEMENTERIAN KESEHATAN,KP 04.13.06 - Kab/kota sanitasi total berbasis masyarakat,30,kab/kota,True,False,True,True,90,media,2025,"Program berjalan, ditandai dengan adanya kegiatan verifikasi implementasi lima pilar STBM oleh Kementerian Kesehatan di daerah (seperti Aceh Besar) untuk target STBM Award 2025 serta pelaksanaan pemberian penghargaan STBM Award 2025 oleh Menteri Kesehatan pada November 2025.","Program berjalan, ditandai dengan Kementerian Kesehatan RI resmi memberikan STBM Award kepada berbagai kabupaten/kota se-Indonesia melalui Keputusan Menteri Kesehatan RI Nomor HK.01.07/MENKES/1125/2025 tentang Penganugerahan Tanda Penghargaan Kabupaten/Kota Sehat (KKS) Tahun 2025 dan dicontohkan Kabupaten Klaten meraih STBM Award kategori Paripurna (peringkat 5 terbaik nasional, diumumkan 28 November 2025) berdasarkan penilaian lima pilar STBM (SBS, CTPS, PAMMRT, PSRT, PALDRT). Bukti eksekusi lapangan konkret dari tim verifikasi lapangan Kemenkes langsung menilai kondisi sanitasi di 12 desa/kelurahan Kabupaten Sidoarjo (Juli 2026) sebagai bagian proses sertifikasi status ""Kabupaten STBM 5 Pilar"". Program didukung kegiatan verifikasi rutin di tingkat desa (dicontohkan Kabupaten Tana Tidung) dan Bimtek Peningkatan Kapasitas Pelaksanaan Program STBM Berkelanjutan (Januari 2025)",https://www.acehbesarkab.go.id/berita/kategori/kesehatan/diverifikasi-kemenkes-aceh-besar-target-raih-predikat-stbm-award-2025,www.acehbesarkab.go.id,True,True,True,OK,,2,0,2,laporan kinerja 2025 Kementerian Kesehatan sanitasi total berbasis masyarakat STBM | siaran pers Kementerian Kesehatan pelaksanaan program STBM 2025,3987,227,6.91
20260918_113127,2026-09-18T12:06:24,gemma-4-26B-A4B-it,serper,0.0,278,1359,Pendidikan,KEMENTERIAN AGAMA,KP 04.02.03 - Persentase peserta didik yang mencapai standar kompetensi minimum (Numerasi),"52,55",persen,True,False,True,True,90,media,2025,"Program berjalan, ditandai dengan pelaksanaan Asesmen Nasional Berbasis Komputer (ANBK) 2025 di Madrasah Ibtidaiyah (MIN 7 Tapin) serta pelaksanaan Asesmen Literasi Numerasi (ALN) berbasis Android di MTsN 7 Sleman. Kegiatan ini merupakan bagian dari upaya teknis Kementerian Agama untuk mengukur dan meningkatkan standar kompetensi minimum peserta didik. Bukti kegiatan konkret ini menunjukkan adanya implementasi program pada tahun 2025.","Program berjalan, ditandai dengan pelaksanaan Asesmen Madrasah (AM) Tahun 2025 oleh Kemenag sesuai POS resmi, dengan jadwal jenjang MTs dilaksanakan 21-26 April 2025 dengan mengukur pencapaian kompetensi siswa madrasah termasuk numerasi sesuai Standar Kompetensi Lulusan yang ditetapkan Kemenag. Pelaksanaan asesmen ini terkonfirmasi berjalan di tingkat satuan pendidikan (dicontohkan MTs Al Islamiyah AMZ, Mei 2025), sebagai bagian sistem evaluasi mutu pendidikan madrasah yang berkelanjutan menggantikan UAMBN/UN",https://tapin.kemenag.go.id/video/tingkatkan-literasi-numerasi-karakter-siswa-min-7-tapin-sukses-laksanakan-anbk-2025/,tapin.kemenag.go.id,True,True,True,OK,,3,0,3,"laporan kinerja 2025 Kementerian Agama persentase peserta didik standar kompetensi minimum numerasi | siaran pers Kementerian Agama pelaksanaan program peningkatan kompetensi numerasi peserta didik 2025 | site:kemenag.go.id ""numerasi"" 2025",6313,311,7.91
20260918_113127,2026-09-18T12:06:32,gemma-4-26B-A4B-it,serper,0.0,279,1361,Infrastruktur,KEMENTERIAN KOORDINATOR BIDANG INFRASTRUKTUR DAN PEMBANGUNAN KEWILAYAHAN,PN 03 - Stok infrastruktur terhadap PDB,"46,50",persen,True,False,True,True,90,lkj,2025,"Program berjalan, ditandai dengan adanya dokumen Laporan Kinerja Tahun 2025 Kemenko Bidang Infrastruktur dan Pembangunan Kewilayahan yang mencantumkan indikator Stok Infrastruktur terhadap PDB. Dokumen tersebut juga merujuk pada penghitungan stok infrastruktur sebagai bagian dari pelaksanaan target RPJMN 2025-2029.","Program berjalan, ditandai dengan penyampaian resmi Menteri Keuangan Sri Mulyani Indrawati dalam The International Conference on Infrastructure (ICI) 2025 (11-12 Juni 2025, Jakarta) yang memaparkan kebutuhan total investasi infrastruktur periode 2025-2029 sebesar USD 625 miliar, dengan kapasitas APBN hanya USD 250,15 miliar (40%) yang memicu peluncuran skema Kerja Sama Terbatas untuk Pembiayaan Infrastruktur (Ketupi) sebagai instrumen pembiayaan alternatif baru. Menko Infrastruktur dan Pembangunan Kewilayahan (Agus Harimurti Yudhoyono) memaparkan kebutuhan anggaran Rp24.286,76 triliun untuk mendukung pembangunan infrastruktur dalam Program Astacita RPJMN 2025-2029 (21 Oktober 2025). Sektor konstruksi, yang merupakan indikator utama stok infrastruktur, tercatat berkontribusi 9,48% terhadap PDB dan menyerap 8,7 juta tenaga kerja per Februari 2025 (data BPS, disampaikan Agustus 2025), dengan rencana integrasi data spasial ICOR untuk pengukuran stok infrastruktur yang lebih presisi",https://kemenkoinfra.go.id/detailpost/laporan-kinerja-tahun-2025-kementerian-koordinator-bidang-infrastruktur-dan-pembangunan-kewilayahan,kemenkoinfra.go.id,True,True,True,OK,,3,1,3,"laporan kinerja 2025 Kementerian Koordinator Bidang Infrastruktur dan Pembangunan Kewilayahan stok infrastruktur terhadap PDB | site:kemenkoinfra.go.id ""Laporan Kinerja Tahun 2025"" stok infrastruktur PDB | ""stok infrastruktur terhadap PDB"" 2025 realisasi Kemenko Infrastruktur",5613,309,7.56
20260918_113127,2026-09-18T12:06:41,gemma-4-26B-A4B-it,serper,0.0,280,1362,Pendidikan,KEMENTERIAN AGAMA,KP 04.02.05 - Persentase pemenuhan kebutuhan guru pendidikan agama,"62,08",persen,True,False,True,True,80,lkj,2025,"Program berjalan, ditandai dengan adanya dokumen Laporan Kinerja Tahun Anggaran 2025 pada satuan kerja Kementerian Agama yang mencantumkan pemenuhan kebutuhan guru pendidikan agama sebagai bagian dari realisasi capaian kinerja. Selain itu, terdapat kegiatan teknis berupa pemetaan kebutuhan guru dan pengelolaan data guru pendidikan agama yang dilaksanakan pada tahun 2025.","Program berjalan, ditandai dengan pelaksanaan Program Pendidikan Profesi Guru (PPG) Dalam Jabatan yang dipercepat mulai 2025, menargetkan 269.168 guru (angkatan pertama dimulai Maret 2025) dari total 625.481 guru (madrasah, PAI, dan guru agama Kristen/Katolik/Hindu/Buddha/Khonghucu) yang belum mengikuti PPG. Kemenag melaporkan 91.028 guru PAI dalam jabatan mengikuti PPG 2025 (Agustus 2025), yang akan berhak menerima Tunjangan Profesi Guru (TPG) mulai 2026. Program juga mencakup pengangkatan 31.629 PPPK guru Madrasah dan impassing 73.638 guru non-ASN, dipaparkan Wamenag Romo Muhammad Syafii dalam penutupan Rakernas Kemenag 2025 (17 Desember 2025) di Tangerang. Data EMIS Kemenag 2025 mengonfirmasi total 250.151 guru PAI di sekolah umum, dengan mayoritas (151.236) masih diangkat pemerintah daerah untuk mendorong rencana resentralisasi kebijakan rekrutmen ke depan",https://sulteng.kemenag.go.id/files/show/laporan-kinerja-tahun-20225-aQ1.pdf,sulteng.kemenag.go.id,True,True,True,OK,,2,0,2,laporan kinerja 2025 Kementerian Agama pemenuhan kebutuhan guru pendidikan agama | siaran pers Kementerian Agama pemenuhan kebutuhan guru pendidikan agama 2025,3949,229,8.52
20260918_113127,2026-09-18T12:06:46,gemma-4-26B-A4B-it,serper,0.0,281,1366,Pendidikan,KEMENTERIAN AGAMA,KP 04.03.03 - Persentase satuan pendidikan pesantren yang mendapatkan pendampingan,10,persen,True,False,True,True,90,media,2025,"Program berjalan, ditandai dengan penerbitan SK Dirjen Pendidikan Islam Nomor 1541 Tahun 2025 tentang Pilot Pendampingan Program Pesantren Ramah Anak serta adanya kegiatan monitoring dan evaluasi peningkatan mutu pendidikan di satuan pesantren oleh Kemenag daerah pada tahun 2025. Kegiatan ini secara konkret menunjukkan adanya upaya pendampingan teknis terhadap satuan pendidikan pesantren.","Program berjalan, ditandai dengan peluncuran Program Pesantren Ramah Anak (PRA) oleh Kemenag dengan 512 pesantren terpilih sebagai piloting tahap awal (diumumkan 27 Oktober 2025), berdasarkan Keputusan Menteri Agama Nomor 91 Tahun 2025 tentang Peta Jalan Program Pengembangan Pesantren Ramah Anak dan SK Dirjen Pendidikan Islam Nomor 1541 Tahun 2025 tentang Pilot Pendampingan. Pesantren terpilih mendapat pendampingan, pemantauan, dan evaluasi intensif sebagai bagian Fase Penguatan Dasar (2025-2026). Bukti eksekusi konkret: konsolidasi lintas 18 Kementerian/Lembaga dengan 65 peserta (28 Februari 2025) menghasilkan rekomendasi penguatan Modul Replikasi Pesantren Ramah Anak, serta Rapat Koordinasi Pendataan EMIS Pesantren 2025 (24 Juni 2025) yang memperkuat sistem data sebagai basis pendampingan dan penyaluran bantuan ke seluruh pesantren",https://kemenag.bintankab.go.id/berita/read/serius-kembangkan-pesantren-ramah-anak-menag-kita-bentuk-satgas-pencegahan-dan-penanganan-kekerasan,kemenag.bintankab.go.id,True,True,True,OK,,2,0,2,laporan kinerja 2025 Kementerian Agama pendampingan pesantren peningkatan mutu | siaran pers Kementerian Agama 2025 pendampingan pesantren peningkatan mutu,3915,249,5.13
20260918_113127,2026-09-18T12:06:52,gemma-4-26B-A4B-it,serper,0.0,282,1377,Sosial,KEMENTERIAN AGAMA,KP 08.01.08 - Persentase penduduk miskin penerima manfaat dana sosial keagamaan,2,persen,True,False,True,True,90,siaran_pers,2025,"Program berjalan, ditandai dengan pernyataan resmi Menteri Agama pada 27 Februari 2025 mengenai peran zakat dan dana sosial keagamaan dalam mengentaskan kemiskinan ekstrem. Selain itu, terdapat dokumen laporan kinerja triwulan I tahun 2025 di tingkat daerah yang mencantumkan sasaran pengelolaan dana sosial keagamaan.","Program berjalan, ditandai dengan Kemenag meluncurkan 3 program strategis pemberdayaan ekonomi umat (Kampung Zakat, Pemberdayaan Ekonomi Berbasis KUA, Inkubasi Wakaf Produktif) di Pulau Tidung, Kepulauan Seribu (10 September 2025), dengan total dana Rp500 juta disalurkan yang mencakup Rp350 juta untuk pemberdayaan ekonomi umat di 7 lokasi KUA Jakarta, Rp95 juta untuk Kampung Zakat dan Inkubasi Wakaf Produktif, serta santunan bagi 75 anak yatim. Program ini mendampingi langsung 15 pelaku UMKM dan 10 kelompok budidaya ikan setempat. Kemenag melanjutkan syiar zakat-wakaf lewat Zawa Funwalk 2025 di Car Free Day Jakarta (21 September 2025), menyalurkan 100 Paket Logistik Keluarga kepada mustahik",https://kemenag.go.id/nasional/dukung-dtsen-menag-tegaskan-zakat-bisa-entaskan-jutaan-orang-miskin-ekstrem-fYQkN,kemenag.go.id,True,True,True,OK,,2,0,2,laporan kinerja 2025 Kementerian Agama penerima manfaat dana sosial keagamaan | siaran pers Kementerian Agama penyaluran dana sosial keagamaan 2025 penduduk miskin,4007,248,6.17
20260918_113127,2026-09-18T12:06:57,gemma-4-26B-A4B-it,serper,0.0,283,1380,Birokrasi,KEMENTERIAN HUKUM,KP 07.02.01 - Persentase pemberian bantuan hukum secara itigasi dan non itigasi,"88,2",persen,True,False,True,True,90,siaran_pers,2025,"Program berjalan, ditandai dengan adanya peningkatan anggaran program bantuan hukum tahun 2025 dan pelaksanaan kegiatan bantuan hukum non-litigasi seperti penyuluhan serta konsultasi hukum oleh BPHN. Kementerian Hukum juga telah memaparkan Laporan Kinerja Triwulan II Tahun 2025 yang mencakup capaian kinerja kementerian.","Program berjalan, ditandai dengan Kemenkum melalui BPHN memberikan 7.597 bantuan hukum litigasi dan 2.064–3.784 bantuan hukum non-litigasi sepanjang 2025, dilaksanakan oleh 777 organisasi Pemberi Bantuan Hukum, capaian non-litigasi bahkan melebihi target awal (839 kegiatan menjadi 3.784 kegiatan). Kasus litigasi terbanyak adalah pidana (5.387 kasus), diikuti perdata (2.202) dan tata usaha negara (8). Program diperkuat dengan pembentukan 71.868 Pos Bantuan Hukum (Posbankum) di desa/kelurahan (85,61% dari 83.946 desa/kelurahan), jauh melebihi target 2025 sebanyak 7.000 unit memperluas akses bantuan hukum hingga tingkat desa",https://bphn.go.id/berita-utama/perluas-akses-keadilan-kemenkumham-tingkatkan-anggaran-program-bantuan-hukum-tahun-2025,bphn.go.id,True,True,True,OK,,2,0,2,laporan kinerja 2025 Kementerian Hukum bantuan hukum litigasi non-litigasi | site:bphn.go.id bantuan hukum litigasi non-litigasi 2025,4069,248,5.25
20260918_113127,2026-09-18T12:07:04,gemma-4-26B-A4B-it,serper,0.0,284,1385,Pendidikan,KEMENTERIAN PENDIDIKAN DASAR DAN MENENGAH,"KP 04.01.02 - Persentase satuan pendidikan formal dan nonformal yang memenuhi SNP sarpras, termasuk penyediaan fasilitas untuk mendukung satuan pendidikan inklusif","31,14",persen,True,False,True,True,95,siaran_pers,2025,"Program berjalan, ditandai dengan adanya siaran pers resmi Kemendikdasmen pada Agustus 2025 mengenai optimalisasi unit layanan disabilitas dan penyediaan akses layanan pendidikan bagi murid difabel. Pemerintah juga melakukan perbaikan fisik bangunan sekolah serta melengkapi sarana digital seperti Interactive Flat Panel (IFP) untuk mendukung ekosistem pendidikan inklusif.","Program berjalan, ditandai dengan peluncuran Program Revitalisasi Satuan Pendidikan oleh Kemendikdasmen sebagai tindak lanjut Instruksi Presiden Nomor 7 Tahun 2025, diatur teknis lewat Peraturan Dirjen Dikdasmen Nomor M2400/C/HK.03.01/2025 yang menegaskan prinsip ""tidak boleh ada sekolah yang atapnya runtuh, bahkan tidak boleh ada sekolah yang tidak ada WC."" Program menyasar mengatasi kondisi 174.000+ satuan pendidikan berkondisi rusak sedang-berat dan 219.000+ satuan pendidikan belum memenuhi SNP, dengan dana dikirim langsung (cash transfer) ke sekolah untuk dikelola swakelola. Bukti eksekusi konkret 2025 adalah peresmian hasil revitalisasi SLB Tunas Bakti di Bantul, DIY (12 Agustus 2026, merujuk pada penyelesaian proyek tahun 2025) yang mencakup rehabilitasi total 6 ruang kelas, pembangunan ruang keterampilan tata boga, dan penataan area luar ruang untuk 83 murid berkebutuhan khusus",https://www.kemendikdasmen.go.id/siaran-pers/16017-tak-ada-anak-tertinggal-164-ribu-murid-difabel-mendapat-akses-layanan-pendidikan,www.kemendikdasmen.go.id,True,True,True,OK,,2,0,2,laporan kinerja 2025 Kementerian Pendidikan Dasar dan Menengah sarpras sekolah inklusif | siaran pers Kemendikdasmen 2025 penyediaan sarana prasarana sekolah inklusif,4095,260,6.85
20260918_113127,2026-09-18T12:07:11,gemma-4-26B-A4B-it,serper,0.0,285,1415,Pendidikan,"KEMENTERIAN PENDIDIKAN TINGGI, SAINS, DAN TEKNOLOGI",KP 04.06.02 - Proporsi Program Studi STEM,"47,7",persen,True,False,True,True,90,siaran_pers,2025,"Program berjalan, ditandai dengan adanya Gerakan STEM Indonesia Cerdas 2025–2027 dan langkah transformasi program studi melalui penguatan kurikulum berbasis kompetensi sains dan teknologi di lingkungan kementerian. Selain itu, terdapat kegiatan konkret seperti Anugerah Saintek yang pendaftarannya berlangsung pada September 2025. Implementasi ini selaras dengan upaya pencapaian target proporsi prodi STEM tahun 2025.","Program berjalan, ditandai dengan pelaksanaan verifikasi dan evaluasi implementasi SPMI (termasuk data proporsi dan akreditasi prodi STEM) oleh LLDikti di seluruh wilayah Indonesia berdasarkan Permendiktisaintek No. 39/2025 (ditetapkan 28 Agustus 2025), serta pembahasan kebijakan kuota prodi STEM vs sosial oleh Wamendiktisaintek Fauzan dalam Rapat Kerja Komisi X DPR (10 Juli 2025) untuk menyeimbangkan proporsi lulusan yang masih timpang (65% sosial vs STEM)",https://lldikti10.kemdiktisaintek.go.id/detail/transformasi-program-studi-didorong-secara-komprehensif-dan-berkelanjutan,lldikti10.kemdiktisaintek.go.id,True,True,True,OK,,2,0,2,"laporan kinerja 2025 Kementerian Pendidikan Tinggi, Sains, dan Teknologi prodi STEM | siaran pers Kementerian Pendidikan Tinggi, Sains, dan Teknologi pengembangan program studi STEM 2025",4071,263,6.59
20260918_113127,2026-09-18T12:07:18,gemma-4-26B-A4B-it,serper,0.0,286,1422,Pendidikan,"KEMENTERIAN PENDIDIKAN TINGGI, SAINS, DAN TEKNOLOGI","KP 04.07.02 - Persentase lulusan pendidikan tinggi vokasi setahun terakhir yang: 
 (a) bekerja; 
 (b) berwirausaha","(a) 74,50; 
 (b) 4,50",persen,True,False,True,True,90,lkj,2025,"Program berjalan, ditandai dengan adanya dokumen Laporan Kinerja Pusdatin 2025 dan Buku Capaian Kedua Diktisaintek Berdampak yang mencatat inisiatif pencetakan lulusan vokasi pada tahun 2025. Dokumen tersebut mengonfirmasi pengukuran indikator persentase lulusan vokasi yang bekerja dan berwirausaha sebagai bagian dari kinerja kementerian.","Program berjalan dan melampaui target, ditandai dengan pemaparan resmi Mendiktisaintek Brian Yuliarto yaitu, lulusan pendidikan tinggi (termasuk vokasi) yang langsung bekerja sebagai karyawan atau berwirausaha dalam 1 tahun setelah kelulusan pada 2025 mencapai 93,97% yang jauh melampaui target 83%. Program didukung pelaksanaan Tracer Study Vokasi 2025 secara sistematis melalui portal resmi tracervokasi.kemendikdasmen.go.id, dengan Fakultas Vokasi UNY melaporkan hasil konkret: 46% lulusan bekerja di instansi, 9% wiraswasta, 2% melanjutkan pendidikan. Data pelengkap dari jenjang SMK (Tracer Study SMK 2025, respons 86% dari 1,5 juta lulusan) menunjukkan tren keterserapan kerja naik dari 43,7% (2022-2023) menjadi 48,9% (2025), dan wirausaha stabil di kisaran 20,4-23,6%",https://kemdiktisaintek.go.id/api/file/humas-production/2025/08/Buku-Capaian-Kedua_Diktisaintek-Berdampak-05-08-2025-17.19_compressed-1.pdf,kemdiktisaintek.go.id,True,True,True,OK,,2,0,2,"laporan kinerja 2025 Kementerian Pendidikan Tinggi, Sains, dan Teknologi vokasi bekerja wirausaha | Laporan Kinerja Pusdatin 2025 persentase lulusan vokasi bekerja wirausaha [site:kemdiktisaintek.go.id]",4527,307,6.98
20260918_113127,2026-09-18T12:07:26,gemma-4-26B-A4B-it,serper,0.0,287,1427,Pendidikan,"KEMENTERIAN PENDIDIKAN TINGGI, SAINS, DAN TEKNOLOGI",KP 04.08.02 - Jumlah startup binaan yang produktif,2,startup,True,False,True,True,90,siaran_pers,2025,"Program berjalan, ditandai dengan pelaksanaan kegiatan Kick-off Review Mission PRIME STeP pada 23-24 Juni 2025 di Science and Techno Park (STP) Universitas Indonesia untuk penguatan ekosistem riset. Selain itu, terdapat kegiatan pendampingan dan dorongan hilirisasi riset melalui startup binaan di lingkungan perguruan tinggi pada tahun 2025.","Program berjalan, ditandai dengan ajang AIBI Award 2025 (Asosiasi Inkubator Bisnis Indonesia) yang digelar di Solo, Jawa Tengah (15 Oktober 2025) yang memberikan penghargaan resmi kepada inkubator bisnis kampus berprestasi. UC Ventures (Universitas Ciputra) meraih penghargaan ""Inkubator Bisnis Berkembang"", dengan 5 startup binaannya turut menyabet kategori (Renjana Cashew - Startup Unggulan; Alohi_id, KayaBoys, Odos Creative, SiuSiu - Startup Pemula Prospektif) dari total lebih dari 70 startup binaan lintas sektor yang telah dibina, sebagian bahkan telah menembus pasar ekspor. Program didukung ekosistem inkubasi aktif di berbagai kampus (dicontohkan BINUS Inkubator, November 2025) yang menyediakan pelatihan, ruang kerja, dan akses pendanaan bagi startup mahasiswa",https://kemdiktisaintek.go.id/news/article/kick-off-review-mission-prime-step-2025-penguatan-stp-untuk-ekosistem-riset-yang-akuntabel-dan-berdampak,kemdiktisaintek.go.id,True,True,True,OK,,2,0,2,"laporan kinerja 2025 Kementerian Pendidikan Tinggi, Sains, dan Teknologi startup binaan produktif | kegiatan inkubasi startup binaan produktif Kementerian Pendidikan Tinggi, Sains, dan Teknologi 2025",4189,273,8.22
20260918_113127,2026-09-18T12:07:32,gemma-4-26B-A4B-it,serper,0.0,288,1432,Infrastruktur,KEMENTERIAN KOORDINATOR BIDANG INFRASTRUKTUR DAN PEMBANGUNAN KEWILAYAHAN,"PN 06 - Rumah tangga dengan akses hunian layak, terjangkau, dan berkelanjutan","67,00",persen,True,False,True,True,90,siaran_pers,2025,"Program berjalan, ditandai dengan pengawalan kebijakan Program 3 Juta Rumah oleh Kemenko Infrastruktur dan Pembangunan Kewilayahan untuk mempercepat penyediaan hunian layak dan terjangkau. Terdapat bukti kegiatan kunjungan kerja ke Balai Pelaksana Penyediaan Perumahan pada Juli 2025 terkait koordinasi pembangunan perumahan. Kemenko juga secara aktif menyelaraskan kebijakan penyediaan lahan dan infrastruktur dasar kawasan perumahan pada tahun 2025.","Program berjalan dan melampaui target. Kepala BPS Amalia Adininggar Widyasanti secara resmi mengonfirmasi dalam Publikasi Statistik Perumahan bahwa akses rumah layak huni nasional mencapai 68,40% pada 2025, yang mana hal itu  melampaui target RPJMN 2025 (67,00%). Pencapaian ini didukung Program 3 Juta Rumah (bagian dari Astacita Presiden Prabowo) dengan kuota FLPP (Fasilitas Likuiditas Pembiayaan Perumahan) yang dinaikkan dari 220.000 menjadi 350.000 unit pada TA 2025. Bukti eksekusi lapangan konkret: penyerahan simbolis bantuan Rumah Sederhana Layak Huni (RSLH) di Kudus (24 April 2025), serta backlog kepemilikan rumah turun dari 9,9 juta unit (2023) menuju tren perbaikan berkelanjutan ke 9,29 juta unit (2026)",https://kemenkoinfra.go.id/detailpost/kemenko-infra-selaraskan-kebijakan-pembangunan-perumahan-untuk-percepat-program-3-juta-rumah,kemenkoinfra.go.id,True,True,True,OK,,2,0,2,laporan kinerja 2025 Kementerian Koordinator Bidang Infrastruktur dan Pembangunan Kewilayahan hunian layak terjangkau berkelanjutan | kegiatan penyediaan hunian layak terjangkau berkelanjutan 2025 Kemenko Infrastruktur dan Pembangunan Kewilayahan,4291,298,5.77
20260918_113127,2026-09-18T12:07:36,gemma-4-26B-A4B-it,serper,0.0,289,1433,Industri,KEMENTERIAN KOORDINATOR BIDANG INFRASTRUKTUR DAN PEMBANGUNAN KEWILAYAHAN,PN 06 - Proposal PDRB Perkotaan terhadap PDB Nasional,"57,29",persen,True,False,True,True,90,lkj,2025,"Program berjalan, ditandai dengan adanya Laporan Kinerja Tahun 2025 Kementerian Koordinator Bidang Infrastruktur dan Pembangunan Kewilayahan yang mencantumkan indikator proporsi PDRB Perkotaan terhadap PDB Nasional. Dokumen tersebut menunjukkan bahwa indikator ini merupakan bagian dari mandat pencapaian target pembangunan RPJMN yang dikelola oleh kementerian terkait pada tahun 2025.","Program berjalan, ditandai dengan kunjungan langsung Deputi Infrastruktur Dasar Kemenko Infraswil, Muhammad Rachmat Kaimuddin, bersama Gubernur Sumatera Barat Mahyeldi ke lokasi pembangunan Fly Over Sitinjau Lauik (27 Oktober 2025), kegiatan koordinasi lapangan nyata untuk mempercepat realisasi proyek infrastruktur perkotaan strategis, termasuk penyelesaian pembebasan lahan dengan ATR/BPN, pemerintah daerah, dan tokoh adat setempat. Kemenko Infraswil juga menggelar Rapat Koordinasi Pokja Infrastruktur Tangguh Bencana bersama Kemenko PMK dan lintas K/L (24 Januari 2025) sebagai tindak lanjut konkret penguatan infrastruktur dasar perkotaan (air bersih, sanitasi, rumah layak huni)",https://kemenkoinfra.go.id/detailpost/laporan-kinerja-tahun-2025-kementerian-koordinator-bidang-infrastruktur-dan-pembangunan-kewilayahan,kemenkoinfra.go.id,True,True,True,OK,,1,0,1,laporan kinerja 2025 Kemenko Infrastruktur dan Pembangunan Kewilayahan PDRB Perkotaan terhadap PDB Nasional,2321,233,4.14
20260918_113127,2026-09-18T12:07:43,gemma-4-26B-A4B-it,serper,0.0,290,1434,Birokrasi,KEMENTERIAN DALAM NEGERI,KP 07.09.02 - Provinsi dengan Indeks Penerapan Standar Pelayanan Minimal (SPM) berkategori tuntas paripurna,5,provinsi,True,False,True,True,90,siaran_pers,2025,"Program berjalan, ditandai dengan adanya evaluasi pelaksanaan SPM secara triwulan pada tahun 2025 melalui aplikasi e-SPM oleh Ditjen Bangda Kemendagri. Data menunjukkan bahwa hingga triwulan III tahun 2025, sebanyak 470 daerah telah melakukan pelaporan penerapan SPM untuk memantau progres capaian layanan dasar.","Program berjalan, ditandai dengan Kemendagri (Ditjen Bina Pembangunan Daerah) menyelenggarakan SPM Awards 2025 pada 23 Mei 2025 di Jakarta, memberikan penghargaan langsung dari Mendagri Tito Karnavian kepada pemerintah daerah dengan kinerja penerapan SPM terbaik, mencakup 6 bidang pelayanan dasar (pendidikan, kesehatan, PU-penataan ruang, perumahan rakyat, ketenteraman-ketertiban umum, dan sosial). Program didukung sistem evaluasi resmi berbasis Indeks Pencapaian SPM (IP SPM) dengan kategori bertingkat (Tuntas Paripurna = nilai 100, Tuntas Utama = 90-99, dst.), serta pelatihan teknis penyusunan dokumen perencanaan SPM yang digelar BPSDM Kemendagri di berbagai regional (contoh: PPSDM Bukittinggi, Mei 2025) untuk memperkuat kapasitas aparatur daerah mencapai kategori tertinggi",http://bangda.kemendagri.go.id/berita/baca_kontent/1591/restuardy_daud_spm_jadi_kunci_pemerintah_daerah_tingkatkan_layanan_dasar,bangda.kemendagri.go.id,True,True,True,OK,,2,0,2,laporan kinerja 2025 Kementerian Dalam Negeri Indeks Penerapan Standar Pelayanan Minimal SPM paripurna | evaluasi pelaksanaan SPM Triwulan I 2025 Kemendagri site:kemendagri.go.id,4136,270,7.77
20260918_113127,2026-09-18T12:07:49,gemma-4-26B-A4B-it,serper,0.0,291,1444,Infrastruktur,KEMENTERIAN PEKERJAAN UMUM,KP 02.12.05 - Kapasitas SPAM terbangun,281.797,liter/detik,True,False,True,True,90,siaran_pers,2025,"Program berjalan, ditandai dengan peninjauan langsung oleh Menteri PU terhadap proyek SPAM IKK Karang Baru dan target penyelesaian pembangunan IPA SPAM Mamminasata Tahap 1 pada Agustus 2025. Kegiatan teknis pembangunan infrastruktur air minum ini merupakan bagian dari upaya pencapaian target kapasitas SPAM nasional tahun 2025.","Program berjalan, ditandai dengan realisasi resmi Kementerian PU: pembangunan dan peningkatan SPAM sebesar 1.250 liter/detik pada Tahun Anggaran 2025 (dipaparkan dalam Rapat Kerja dengan Komisi V DPR RI). Bukti proyek konkret: SPAM Regional Mamminasata tahap pertama (500 liter/detik, progres IPA 90,06%, Makassar-Gowa-Takalar-Maros, anggaran Rp78,98 miliar APBN 2025), serta SPAM Regional Jatiluhur I yang mulai beroperasi penuh melayani DKI Jakarta, Bekasi, dan Karawang dengan kapasitas 4.750 liter/detik. Kementerian PU juga menggelar Rapat Harmonisasi Rancangan PP tentang SPAM bersama Kemenkumham (20 Oktober 2025, Bandung) untuk memperkuat tata kelola penyelenggaraan SPAM secara nasional",https://sahabat.pu.go.id/eppid/berita/detail/kementerian-pu-berkomitmen-meningkatkan-akses-air-minum-layakmelalui-pembangunan/1128948679267929/,sahabat.pu.go.id,True,False,True,OK,,2,0,2,laporan kinerja 2025 Kementerian Pekerjaan Umum kapasitas SPAM terbangun | siaran pers Kementerian PU pembangunan SPAM 2025 kapasitas air minum,4119,256,5.55
20260918_113127,2026-09-18T12:07:55,gemma-4-26B-A4B-it,serper,0.0,292,1456,Sosial,KEMENTERIAN AGAMA,KP 08.01.05 - Indeks Kepuasan Layanan KUA,"85,64",-,True,False,True,True,90,siaran_pers,2025,"Program berjalan, ditandai dengan adanya laporan capaian Indeks Kepuasan Layanan KUA tahun 2025 yang mencapai skor 86,03 pada situs resmi Kementerian Agama. Data ini menunjukkan pelaksanaan survei dan pengukuran kepuasan layanan secara konkret di tahun berjalan.","Program berjalan dan melampaui target, ditandai dengan hasil resmi Indeks Kepuasan Layanan KUA 2025 yang mencatat skor 86,03 (kategori ""baik"") yang meningkat dari 85,09 di tahun sebelumnya, dan sudah melampaui target 2025 (85,64) bahkan mendekati target 2029 (86,07). Survei dilaksanakan oleh Badan Moderasi Beragama dan Pengembangan SDM (BMBPSDM) Kemenag, melibatkan 1.209 responden di 200 KUA tersebar di 37 provinsi dengan metode wawancara tatap muka cluster random sampling, mengukur 9 dimensi layanan. Hasil dipaparkan Kepala Pusat Strategi Kebijakan Pembangunan Bidang Agama Kemenag, Arfi Hatim (dirilis Januari 2026), sebagai bukti keberhasilan transformasi layanan keagamaan tingkat kecamatan",https://kemenag.go.id/nasional/indeks-layanan-kua-dan-penyuluh-positif-kemenag-bukti-kua-berdampak-nyata-Dkjkl,kemenag.go.id,True,True,True,OK,,3,0,3,"laporan kinerja 2025 Kementerian Agama indeks kepuasan layanan KUA | site:kemenag.go.id ""Indeks Kepuasan Layanan KUA"" 2025 | site:kemenag.go.id ""Indeks Kepuasan Layanan KUA"" 2025",6470,279,6.17
