run_id,timestamp,model,backend,temperature,row_no,id,sektor,kl,sub_indikator,target_2025,satuan,gold,gold_suspect,pred,benar,confidence,source_type,evidence_year,summary_pred,summary_gold,source_url_pred,domain,domain_goid,url_dari_search,pakai_template,status,error,n_search,n_search_gagal,n_query,queries_str,in_tok,out_tok,latency_s
20260917_150324,2026-09-17T15:05:29,watsonx-qwen3-30b-a3b-instruct-2507,serper,0.0,1,12,Kesehatan,KEMENTERIAN KESEHATAN,KP 02.12.08 - Kabupaten/kota yang mendeklarasikan 5 Pilar STBM,30,kab/kota,True,False,True,True,85,media,2025,"Program berjalan, ditandai dengan deklarasi 5 Pilar STBM di Kota Malang pada 1 Oktober 2025 dan verifikasi di Kecamatan Prambanan, Klaten, serta kegiatan di Kabupaten Sleman yang melibatkan pemerintah daerah dan puskesmas.","Program berjalan, ditandai dengan penetapan alokasi anggaran daerah untuk survei verifikasi 5 pilar dan deklarasi level provinsi/kabupaten/kota.",https://malangkota.go.id/2025/10/01/verifikator-stbm-5-pilar-kunjungi-kota-malang/,malangkota.go.id,True,True,True,OK,,3,2,3,laporan kinerja 2025 KEMENTERIAN KESEHATAN STBM 5 pilar deklarasi | laporan kinerja 2025 KEMENTERIAN KESEHATAN deklarasi 5 pilar STBM [site:kemenkes.go.id] | siaran pers KEMENTERIAN KESEHATAN 2025 deklarasi 5 pilar STBM [site:kemenkes.go.id],6066,320,0.52
20260917_150324,2026-09-17T15:05:49,watsonx-qwen3-30b-a3b-instruct-2507,serper,0.0,2,13,Pertahanan,KEMENTERIAN LUAR NEGERI,KP 02.09.03 - Persentase kebijakan di bidang kerja sama pembangunan internasional Indonesia yang telah sesuai dengan prioritas nasional,20,persen,True,False,False,False,90,lkj,2025,"Program belum berjalan, ditandai dengan belum adanya laporan kinerja tahun 2025 yang menyebutkan capaian indikator persentase kebijakan kerja sama pembangunan internasional sesuai prioritas nasional. Hanya terdapat rencana strategis (Renstra) 2025-2029 dan dokumen perencanaan, tanpa bukti pelaksanaan konkret atau capaian tahun 2025.","Program berjalan, ditandai dengan pelaksanaan sejumlah aktivitas konkret kerja sama pembangunan internasional oleh Kemlu sepanjang Tahun 2025, seperti pertemuan bilateral dan kesepakatan kerja sama dengan negara mitra di kawasan Pasifik, penyaluran bantuan pangan dan kemanusiaan ke Palestina yang diumumkan langsung oleh Menlu/Wamenlu, serta penyusunan kebijakan turunan (Grand Design dan aturan hibah) yang diselaraskan dengan RPJMN 2025-2029. Aktivitas ini tercatat lewat rilis resmi Kemlu maupun Sekretariat Negara, meskipun angka persentase realisasi kebijakan sesuai prioritas nasional untuk Tahun 2025 belum dipublikasikan secara spesifik.",https://kemlu.go.id/files/repositori/83699/177219501969a18ccb68e5e_Renstra__KSPI_2025_sd_2029_fin.pdf,kemlu.go.id,True,True,True,OK,,3,0,3,laporan kinerja 2025 KEMENTERIAN LUAR NEGERI kerja sama pembangunan internasional prioritas nasional | KEMENTERIAN LUAR NEGERI sinkronisasi kebijakan kerja sama pembangunan internasional 2025 [site:kemlu.go.id] | KEMENTERIAN LUAR NEGERI Laporan Kinerja 2025 persentase kebijakan kerja sama pembangunan internasional sesuai prioritas nasional [site:kemlu.go.id],8089,397,20.17
20260917_150324,2026-09-17T15:05:57,watsonx-qwen3-30b-a3b-instruct-2507,serper,0.0,3,15,Industri,KEMENTERIAN LUAR NEGERI,"KP 02.09.04 - Persentase keberhasilan promosi, pembentukan norma, dan kesepakatan diplomasi ekonomi terutama pada sektor prioritas",80,persen,True,False,True,True,85,lkj,2025,"Program berjalan, ditandai dengan pelaksanaan diplomasi ekonomi sektor prioritas dalam Renstra 2025-2029 Kemenlu dan capaian realisasi indikator terkait promosi diplomasi ekonomi di LKj 2025 yang terbit awal 2026.","Program berjalan, ditandai dengan penetapan oleh Kemenlu melalui Ditjen Hubungan Ekonomi dan Kerja Sama Pembangunan (HEKSP) terkait indikator ini sebagai indikator kinerja utama dan melaporkan capaiannya dalam Laporan Kinerja Tahun 2025. Realisasi tercatat 93,75 persen terhadap target 80 persen, dengan capaian 117,19 persen, berasal dari 7 norma dan 4 kesepakatan yang terealisasi dari target 8 norma dan 4 kesepakatan. Pelaksanaannya didukung partisipasi Indonesia pada berbagai forum seperti Sidang UNIDO ke-21, KTM UNCTAD ke-16, WTO CTE, WIPO SCCR-47, dan Codex Alimentarius sepanjang 2025.",https://kemlu.go.id/files/repositori/83699/177803395869faa52636f4a_Renstra_Dit_PI_2025_2029.pdf,kemlu.go.id,True,True,True,OK,,3,0,3,laporan kinerja 2025 KEMENTERIAN LUAR NEGERI promosi ekonomi norma internasional kesepakatan dagang diplomasi ekonomi sektor prioritas | KEMENTERIAN LUAR NEGERI promosi ekonomi sektor prioritas 2025 capaian [site:kemlu.go.id] | KEMENTERIAN LUAR NEGERI diplomasi ekonomi sektor prioritas 2025 realisasi [site:kemlu.go.id],8054,357,8.15
20260917_150324,2026-09-17T15:06:06,watsonx-qwen3-30b-a3b-instruct-2507,serper,0.0,4,19,Sosial,KEMENTERIAN LUAR NEGERI,KP 07.16.02 - Indeks Diplomasi Perlindungan WNI di Luar Negeri,98.7,Indeks,True,False,True,True,85,siaran_pers,2025,"Program berjalan, ditandai dengan kegiatan pelayanan dan perlindungan WNI di luar negeri yang dilakukan oleh Direktorat Konsuler Kemlu, termasuk peluncuran dan pengembangan portal PEDULI WNI serta kebijakan pelindungan yang lebih antisipatif sebagaimana disampaikan Menlu pada 2025.","Program berjalan, ditandai dengan terlaksananya ketiga jalur pembentuk indeks ini sepanjang Tahun 2025 sesuai Manual Indikator Kinerja Dit. PWNI 2025, yaitu diplomasi di forum internasional, pembentukan kebijakan nasional, dan kampanye penyadaran publik. Di jalur internasional, ASEAN mengadopsi Deklarasi tentang Pemberantasan Kejahatan Siber dan Penipuan Daring pada September 2025, yang disambut Indonesia dalam pertemuan Dewan Masyarakat Politik-Keamanan ASEAN pada rangkaian KTT ASEAN ke-47 di Kuala Lumpur, 26-28 Oktober 2025. Di jalur operasional, Pemerintah memulangkan 554 WNI korban TPPO penipuan daring dari Myawaddy, Myanmar, dalam dua tahap pada 18 dan 19 Maret 2025, dengan pengawalan Tim Pelindungan WNI Kemlu bersama KBRI Bangkok dan Yangon serta Hubinter Polri, dan secara agregat 27.768 WNI dipulangkan dari berbagai situasi krisis sepanjang 2025. Di jalur kebijakan nasional, terbit Kepmenlu Nomor 15 Tahun 2025 tentang Penetapan Perwakilan Pelindungan Terpadu serta Perjanjian Kerja Sama Kemlu dengan BPJS Ketenagakerjaan pada 22 Januari 2025. Layanan Kampanye Penyadaran Publik Dit. PWNI juga terdaftar aktif dengan standar pelayanan resmi di SIPPN Kementerian PANRB.",https://kemlu.go.id/berita/menlu-sugiono-sebut-pelindungan-wni--diaspora--prioritas-diplomasi-dan-asta-cita?type=publication,kemlu.go.id,True,True,True,OK,,3,0,3,laporan kinerja 2025 KEMENTERIAN LUAR NEGERI indeks diplomasi perlindungan WNI di luar negeri | indeks diplomasi perlindungan WNI di luar negeri 2025 KEMENTERIAN LUAR NEGERI [site:kemlu.go.id] | kegiatan pemerintah 2025 perlindungan WNI di luar negeri KEMENTERIAN LUAR NEGERI [site:kemlu.go.id],7813,348,8.97
20260917_150324,2026-09-17T15:06:12,watsonx-qwen3-30b-a3b-instruct-2507,serper,0.0,5,20,Pertahanan,KEMENTERIAN PERTAHANAN,KP 02.01.01 - Persentase pemenuhan alutsista,30.3,persen,True,False,False,False,70,media,2025,"Program belum berjalan, ditandai dengan tidak ditemukannya bukti konkret kegiatan fisik atau siaran pers tentang pemenuhan alutsista pada tahun 2025. Hanya ditemukan dokumen perencanaan dan target dalam RKP 2025-2029 serta referensi umum tentang modernisasi alutsista tanpa pelaksanaan spesifik tahun 2025.","Program berjalan, ditandai dengan pelaksanaan sejumlah kegiatan modernisasi dan pemenuhan alutsista oleh Kemhan bersama TNI sepanjang Tahun 2025, seperti uji coba alutsista produksi dalam negeri, kelanjutan program alih teknologi untuk pengadaan kapal selam bersama mitra asing, hingga penambahan alutsista baru untuk memperkuat matra udara, yang dipublikasikan lewat rilis resmi di laman kemhan.go.id.",https://www.kemhan.go.id/page/22?s=ancaman,www.kemhan.go.id,True,True,True,OK,,3,0,3,laporan kinerja 2025 KEMENTERIAN PERTAHANAN pemenuhan alutsista | laporan kinerja 2025 KEMENTERIAN PERTAHANAN modernisasi senjata [site:ppid.kemhan.go.id] | siaran pers KEMENTERIAN PERTAHANAN 2025 pemenuhan alutsista [site:kemhan.go.id],6948,314,5.82
20260917_150324,2026-09-17T15:06:21,watsonx-qwen3-30b-a3b-instruct-2507,serper,0.0,6,26,Pangan,BADAN KARANTINA INDONESIA,KP 02.10.13 - Persentase wilayah terkendali dari Hama Penyakit Hewan Karantina (HPHK),85,persen,True,False,True,True,90,lkj,2025,"Program berjalan, ditandai dengan pelaksanaan pemantauan dan tindak lanjut temuan Hama Penyakit Hewan Karantina (HPHK) di seluruh wilayah Indonesia yang dilaporkan dalam Laporan Kinerja Tahun 2025 Badan Karantina Indonesia.","Program berjalan, ditandai dengan terlaksananya kegiatan pemantauan daerah sebar HPHK sepanjang Tahun 2025 oleh unit pelaksana teknis Badan Karantina Indonesia di berbagai wilayah, yang dituntaskan melalui seminar hasil pemantauan tingkat regional dan nasional bersama dinas peternakan provinsi/kabupaten-kota, akademisi, dan pemangku kepentingan terkait (misalnya di Sumatera Barat dan regional Sulawesi). Pelaksanaan ini juga terkonfirmasi dari dokumen anggaran (RKA/DIPA) yang memuat komponen persiapan, pelaksanaan, dan seminar pemantauan daerah sebar HPHK, serta dari Laporan Kinerja Tahun 2025 UPT Barantin yang dipublikasikan di laman resmi dan PPID Barantin, yang memuat indikator temuan dan tindak lanjut HPHK. Angka nasional persentase wilayah terkendali dari HPHK Tahun 2025 sendiri belum ditemukan dipublikasikan.",https://karantinaindonesia.go.id/repository/main-web/performance-reports/01KWZS31TNS0EF1BD0265ZJHSQ.pdf,karantinaindonesia.go.id,True,True,True,OK,,3,0,3,laporan kinerja 2025 badan karantina indonesia persentase wilayah terkendali HPHK | laporan kinerja 2025 badan karantina indonesia persentase wilayah terkendali HPHK [site:karantinaindonesia.go.id] | siaran pers badan karantina indonesia 2025 persentase wilayah terkendali HPHK [site:karantinaindonesia.go.id],7313,327,9.22
20260917_150324,2026-09-17T15:06:26,watsonx-qwen3-30b-a3b-instruct-2507,serper,0.0,7,32,Infrastruktur,KEMENTERIAN PEKERJAAN UMUM,PP 02.12 - Efisiensi pemanfaatan air irigasi,"0,34",USD/m3,True,False,False,False,90,siaran_pers,2025,"Program belum berjalan, ditandai dengan hanya terdapat target efisiensi pemanfaatan air irigasi 0,34 USD/m3 dalam dokumen perencanaan tahun 2025 di situs pu.go.id, tanpa bukti kegiatan fisik, laporan realisasi, atau siaran pers yang menunjukkan pelaksanaan nyata pada 2025.","Program berjalan, ditandai dengan terealisasinya pembangunan dan rehabilitasi jaringan irigasi oleh Kementerian PU sepanjang Tahun Anggaran 2025 dengan luas 589.605,80 hektare, serta terkonfirmasinya pelaksanaan pekerjaan fisik rehabilitasi jaringan irigasi di daerah melalui publikasi resmi Kementerian PU sepanjang 2025 (misalnya rehabilitasi tahap II DI Tingal di Temanggung yang progres fisiknya mencapai 60% per akhir September 2025). Target angka indikator sendiri, yaitu 0,34 USD/m³, memang tercantum sebagai sasaran kerja Kementerian PU tahun 2025 di bidang sumber daya air. Angka realisasi efisiensi pemanfaatan air irigasi tahun 2025 dalam satuan USD/m³ belum dipublikasikan, karena Laporan Kinerja Ditjen SDA terbaru yang terbit masih edisi Tahun 2024.",https://pu.go.id/berita/rapat-koordinasi-rencana-kerja-tahun-2025-kementerian-pu-fokus-pada-efisiensi-infrastruktur-untuk-dukung-pertumbuhan-ekonomi,pu.go.id,True,True,True,OK,,3,0,3,"laporan kinerja 2025 Kementerian Pekerjaan Umum efisiensi pemanfaatan air irigasi | efisiensi pemanfaatan air irigasi Kementerian Pekerjaan Umum 2025 [site:pu.go.id] | efisiensi pemanfaatan air irigasi 0,34 USD/m3 Kementerian Pekerjaan Umum 2025 [site:pu.go.id]",7837,366,4.98
20260917_150324,2026-09-17T15:06:42,watsonx-qwen3-30b-a3b-instruct-2507,serper,0.0,8,41,Birokrasi,KEMENTERIAN KEUANGAN,KP 07.12.01 - Indeks Kinerja Kebijakan Penerimaan Negara,100,persen,True,False,True,True,90,siaran_pers,2025,"Program berjalan, ditandai dengan realisasi penerimaan negara yang dilaporkan hingga November 2025 oleh Menteri Keuangan, serta pencapaian target 100 persen dalam indikator kinerja utama penerimaan negara dalam dokumen Laporan Kinerja Direktorat PDRD dan Ditjen Anggaran tahun 2025.","Program berjalan, ditandai dengan realisasi Tahun 2025 sebesar 112,94 (target 100,00), sehingga capaian indikator ini melebihi target yang ditetapkan (112,94%), sebagaimana dipublikasikan dalam Laporan Kinerja Direktorat Jenderal Pajak Tahun 2025.",https://www.kemenkeu.go.id/informasi-publik/publikasi/berita-utama/Kinerja-APBN-2025-Tetap-Terjaga,www.kemenkeu.go.id,True,True,True,OK,,3,0,3,laporan kinerja 2025 KEMENTERIAN KEUANGAN indeks kinerja kebijakan penerimaan negara | laporan kinerja 2025 KEMENTERIAN KEUANGAN indeks kinerja kebijakan penerimaan negara [site:kemenkeu.go.id] | Menkeu realisasi penerimaan negara 2025 indeks kinerja kebijakan [site:kemenkeu.go.id],7859,349,15.97
20260917_150324,2026-09-17T15:06:52,watsonx-qwen3-30b-a3b-instruct-2507,serper,0.0,9,47,Birokrasi,KEMENTERIAN KEUANGAN,KP 07.14.01 - Imbal hasil (yield) SBN,6.8-7.2,persen,True,False,True,True,90,siaran_pers,2025,"Program berjalan, ditandai dengan siaran pers Kemenkeu pada September 2025 yang menyebutkan penurunan yield SBN dari 6,97% di awal 2025 menjadi 6,28% hingga akhir Agustus 2025, menunjukkan aktivitas pasar dan kebijakan pembiayaan negara yang berjalan secara konkret.","Program berjalan dan targetnya terpenuhi, ditandai dengan pelaporan resmi posisi yield SBN dalam publikasi APBN sepanjang 2025. Yield SBN 10 tahun konsisten menurun hingga berada di level 6,71% secara year to date, atau 6,01% pada akhir periode per 31 Desember 2025, artinya berada di bawah rentang target 2025 sebesar 6,8-7,2 persen. Penurunan ini setara sekitar 100 basis poin dari posisi 7,01% di akhir 2024. Lelang dan penerbitan SBN juga berjalan rutin dan datanya dipublikasi DJPPR.",https://www.kemenkeu.go.id/informasi-publik/publikasi/siaran-pers/Siaran-Pers-Kinerja-APBN-Terjaga,www.kemenkeu.go.id,True,True,True,OK,,3,0,3,laporan kinerja 2025 KEMENTERIAN KEUANGAN yield SBN pasar obligasi | realisasi pembiayaan pemerintah 2025 KEMENTERIAN KEUANGAN yield SBN [site:kemenkeu.go.id] | yield SBN 2025 Kemenkeu realisasi capaian [site:kemenkeu.go.id],7966,331,9.99
20260917_150324,2026-09-17T15:07:10,watsonx-qwen3-30b-a3b-instruct-2507,serper,0.0,10,55,Pangan,KEMENTERIAN PERTANIAN,KP 02.10.04 - Peningkatan luas panen padi KSPP Nusa Tenggara Timur,10930,ha,True,False,False,False,90,bps_setkab,2025,"Program belum berjalan, ditandai dengan tidak ditemukannya bukti konkret kegiatan pemerintah terkait peningkatan luas panen padi KSPP NTT pada 2025 di dokumen resmi Kementerian Pertanian atau BPS. Hanya terdapat data statistik tahun 2025 dari BPS yang menyebutkan luas panen padi secara nasional dan provinsi lain, namun tidak menyebutkan kegiatan atau capaian spesifik di NTT untuk indikator ini.","Program berjalan, ditandai dengan tersalurkannya intervensi Kementerian Pertanian di NTT sepanjang Tahun 2025 berupa alokasi Cetak Sawah Rakyat 13.810 ha dan optimasi lahan non-rawa 28.723 ha di 22 kabupaten/kota melalui Ditjen Lahan dan Irigasi Pertanian, bantuan 3.072 unit alsintan, bantuan benih untuk 17.567 ha, serta pembentukan 81 Brigade Pangan, sebagaimana dipublikasikan Dinas Pertanian dan Ketahanan Pangan Provinsi NTT. Hasilnya, luas tanam padi 2025 tercatat 250.528 ha (96,11% dari target), luas panen naik 25,92% dibanding 2024, dan produksi GKG mencapai 968.324 ton atau naik 36,81%. Catatan: angka luas panen padi khusus di dalam kawasan KSPP/food estate NTT (Sumba Tengah dan sekitarnya) belum ditemukan dipublikasikan secara terpisah.",https://www.bps.go.id/id/statistics-table/3/WmpaNk1YbGFjR0pOUjBKYWFIQlBSU3MwVHpOVWR6MDkjMw==/luas-panen--produktivitas--dan-produksi-padi-menurut-provinsi--2021.html,www.bps.go.id,True,True,True,OK,,3,1,3,laporan kinerja 2025 Kementerian Pertanian panen padi NTT | panen padi NTT 2025 hasil tani Kementerian Pertanian [site:ppid.pertanian.go.id] | luas panen padi NTT 2025 Kementerian Pertanian [site:bps.go.id],7083,392,17.27
20260917_150324,2026-09-17T15:07:17,watsonx-qwen3-30b-a3b-instruct-2507,serper,0.0,11,78,Pangan,KEMENTERIAN PERTANIAN,KP 02.10.17 - Produksi vanili,1582,ton,False,True,True,False,95,lkj,2025,"Program berjalan, ditandai dengan capaian produksi vanili sebesar 1.625 ton pada tahun 2025 dalam dokumen Laporan Kinerja (LAKIN) Sekretaris Ditjen Perkebunan yang terbit tahun 2026 dan melaporkan realisasi kinerja tahun 2025.","Program belum berjalan, ditandai dengan tidak ditemukannya bukti publikasi resmi yang menunjukkan adanya program peningkatan produksi vanili berjalan pada Tahun 2025. Realisasi kegiatan pengembangan kawasan tanaman semusim dan rempah Direktorat Jenderal Perkebunan Tahun 2025 diarahkan ke pala, kakao, dan tebu, tanpa vanili. Kegiatan pemerintah bertanggal 2025 yang menyinggung vanili hanya ditemukan pada balai perlindungan perkebunan tingkat provinsi, berupa pelatihan agens pengendali hayati yang sasarannya komoditas lain, sehingga tidak dapat dihitung sebagai intervensi terhadap indikator ini. Angka realisasi produksi vanili Tahun 2025 juga belum dipublikasikan.",https://ditjenbun.pertanian.go.id/template/uploads/2026/03/ISI-LAKIN-SKRETARIAT-DITJENBUN-2025-COVER-1.pdf,ditjenbun.pertanian.go.id,True,True,True,OK,,3,0,3,laporan kinerja 2025 KEMENTAN produksi vanili | produksi vanili 2025 KEMENTAN [site:ditjenbun.pertanian.go.id] | vanili produksi 2025 capaian KEMENTAN [site:ditjenbun.pertanian.go.id],7389,309,7.3
20260917_150324,2026-09-17T15:07:27,watsonx-qwen3-30b-a3b-instruct-2507,serper,0.0,12,93,Pangan,KEMENTERIAN PERTANIAN,KP 02.10.18 - Persentase produksi komoditas pertanian organik terhadap produksi total komoditas pertanian,1.47,persen,False,False,True,False,90,media,2025,"Program berjalan, ditandai dengan penyelenggaraan Petunjuk Teknis Kegiatan Pupuk Menuju Pertanian Organik Melalui Rumah Pengolah Pupuk Organik tahun anggaran 2025 yang diumumkan oleh Kementerian Pertanian melalui situs resmi PSP Pertanian.","Program belum berjalan, ditandai dengan tidak ditemukannya bukti publikasi resmi yang menunjukkan adanya program peningkatan produksi komoditas pertanian organik berjalan pada Tahun 2025. Kegiatan yang ditemukan masih pada tahap penyiapan kebijakan, yaitu diskusi kelompok terarah oleh Badan Perakitan dan Modernisasi Pertanian Kementerian Pertanian pada November 2025, yang justru menyimpulkan perlunya pembentukan Otoritas Kompeten Pangan Organik, reorientasi kebijakan, dan revisi peraturan menteri agar selaras dengan SNI 6729:2025 dan RPJMN 2025-2029. Angka persentase produksi pertanian organik Tahun 2025 belum dipublikasikan.",https://psp.pertanian.go.id/cari?change_language=en&events-page=5&letters-page=86&guidelines-page=5&news-page=77,psp.pertanian.go.id,True,True,True,OK,,3,1,3,laporan kinerja 2025 KEMENTAN produksi organik komoditas pertanian | produksi organik pertanian Kementan 2025 capaian [site:ppid.pertanian.go.id] | Kementan program pertanian organik 2025 realisasi [site:pertanian.go.id],6711,297,10.38
20260917_150324,2026-09-17T15:07:36,watsonx-qwen3-30b-a3b-instruct-2507,serper,0.0,13,96,Energi,KEMENTERIAN ENERGI DAN SUMBER DAYA MINERAL,KP 03.02.04 - Panjang jaringan distribusi tenaga listrik,11.714,kms,True,False,True,True,90,siaran_pers,2025,"Program berjalan, ditandai dengan pelaksanaan program Listrik Desa oleh Kementerian ESDM yang mencakup perluasan jaringan distribusi tenaga listrik di tahun 2025, sebagaimana disebutkan dalam siaran pers resmi Kementerian ESDM.","Program berjalan, ditandai dengan terkonfirmasinya realisasi pembangunan fisik jaringan distribusi sepanjang Tahun 2025 dalam satuan kilometer sirkuit. Melalui Program Listrik Perdesaan, PLN membangun Jaringan Tegangan Menengah sepanjang 4.856,17 kms, Jaringan Tegangan Rendah sepanjang 3.662,68 kms, dan gardu distribusi 105.280 kVA di 1.403 lokasi, yang disampaikan Direktur Utama PLN dan ditinjau langsung Menteri ESDM di Kabupaten Purworejo. Realisasi juga terdokumentasi pada level unit wilayah melalui publikasi PLN dan pemerintah daerah, misalnya PLN UID Jawa Tengah dan DIY sepanjang 2.607,80 kms JTM dan 2.676,81 kms JTR, serta penyelesaian jaringan tingkat dusun di Rokan Hulu, Riau. Data resmi PLN turut menunjukkan pertumbuhan jaringan, dengan panjang JTM nasional 463.451,41 kms pada 2025, naik dari 450.208,08 kms pada 2024. Angka realisasi dalam format indikator RPJMN, yaitu total tambahan panjang jaringan distribusi per tahun, belum dipublikasikan terpisah oleh Ditjen Ketenagalistrikan.",https://www.esdm.go.id/en/media-center/news-archives/peningkatan-akses-listrik-desa-jadi-prioritas-pemerintah-menjangkau-12-juta-rumah-tangga,www.esdm.go.id,True,True,True,OK,,3,0,3,laporan kinerja 2025 Kementerian Energi dan Sumber Daya Mineral jaringan distribusi tenaga listrik | jaringan distribusi tenaga listrik perluasan listrik 2025 Kementerian ESDM [site:esdm.go.id] | perluasan jaringan distribusi listrik 2025 PLN program desa [site:pln.co.id],7162,326,8.96
20260917_150324,2026-09-17T15:07:45,watsonx-qwen3-30b-a3b-instruct-2507,serper,0.0,14,120,Industri,KEMENTERIAN PERINDUSTRIAN,KP 05.01.02 - Kapasitas produksi industri olahan tembaga,1.195,ribu ton/tahun,True,False,False,False,90,media,2025,"Program belum berjalan, ditandai dengan tidak ditemukannya bukti konkret kegiatan fisik, siaran pers, atau capaian di LKj 2025 terkait peningkatan kapasitas produksi industri olahan tembaga. Data dari satudata.kemenperin.go.id hanya menampilkan definisi indikator, bukan realisasi atau progres pelaksanaan.","Program berjalan, ditandai dengan beroperasinya rangkaian smelter tembaga yang menjadi basis target kapasitas. Kemenperin memetakan empat smelter tembaga (PT Smelting Gresik, PT Batutua Tembaga Raya Wetar, PT Freeport Indonesia Gresik, dan PT Amman Mineral Industri Sumbawa) dengan target total produksi katoda tembaga 1,19 juta ton per tahun. Namun realisasi produksi 2025 masih jauh di bawah kapasitas terpasang: smelter Amman baru memproduksi 19.805 ton katoda pada paruh pertama 2025 karena masih tahap komisioning dan kendala teknis, sementara smelter Freeport di Gresik berhenti beroperasi sejak Desember 2025 akibat kekosongan pasokan konsentrat imbas longsor di tambang Grasberg Block Cave dan baru dijadwalkan berproduksi kembali mulai September 2026. Angka realisasi kapasitas produksi nasional 2025 belum dipublikasikan Kemenperin.",https://satudata.kemenperin.go.id/dataset/activity/2025-kapasitas-produksi-industri-olahan-tembaga,satudata.kemenperin.go.id,True,True,True,OK,,3,2,3,laporan kinerja 2025 KEMENTERIAN PERINDUSTRIAN kapasitas produksi industri olahan tembaga | laporan kinerja 2025 KEMENTERIAN PERINDUSTRIAN smelter tembaga produksi [site:kemenperin.go.id] | siaran pers KEMENTERIAN PERINDUSTRIAN 2025 smelter tembaga kapasitas produksi [site:kemenperin.go.id],6234,339,8.3
20260917_150324,2026-09-17T15:07:55,watsonx-qwen3-30b-a3b-instruct-2507,serper,0.0,15,131,Industri,KEMENTERIAN PERINDUSTRIAN,"KP 05.01.11 - Pertumbuhan PDB industri farmasi, produk obat kimia, dan obat tradisional","11,48",persen,True,False,True,True,90,siaran_pers,2025,"Program berjalan, ditandai dengan siaran pers Kemenperin pada 2025 yang menyebutkan pertumbuhan subsektor industri kimia, farmasi, dan obat tradisional sebesar 8,35 persen, serta kenaikan kontribusi terhadap PDB nasional yang menjadi bagian dari pelaksanaan program pemerintah tahun 2025.","Program berjalan, ditandai dengan publikasi capaiannya oleh Kemenperin melalui Ditjen IKFT. Sekretaris Ditjen IKFT melaporkan subsektor industri kimia, farmasi, dan obat tradisional tumbuh 8,35 persen sepanjang 2025, naik 2,49 poin dari 5,86 persen pada 2024. Untuk subsektor farmasi secara lebih spesifik, Kemenperin mencatat industri farmasi dan obat tradisional tumbuh 9,39 persen pada triwulan II 2025, jauh di atas 3,68 persen pada triwulan I 2025 dan 4,47 persen pada triwulan IV 2024. Angka agregat tahunan yang persis sesuai definisi indikator (target 11,48 persen) belum dirilis terpisah.","https://bbt.kemenperin.go.id/blog/tunjukkan-kinerja-positif,-sektor-ikft-siap-mendorong-pertumbuhan-ekonomi-nasional",bbt.kemenperin.go.id,True,True,True,OK,,3,0,3,laporan kinerja 2025 KEMENTERIAN PERINDUSTRIAN PDB farmasi industri obat obat tradisional | laporan kinerja 2025 KEMENTERIAN PERINDUSTRIAN PDB farmasi obat tradisional ekspor [site:kemenperin.go.id] | siaran pers KEMENTERIAN PERINDUSTRIAN 2025 PDB farmasi obat tradisional [site:kemenperin.go.id],7918,354,10.89
20260917_150324,2026-09-17T15:08:10,watsonx-qwen3-30b-a3b-instruct-2507,serper,0.0,16,134,Industri,KEMENTERIAN PERINDUSTRIAN,KP 05.01.14 - Pertumbuhan PDB industri mesin dan perlengkapan,"4,00",persen,True,False,False,False,90,tidak_ada,tidak_ada,"Program belum berjalan, ditandai dengan tidak ditemukannya bukti konkret kegiatan pemerintah terkait pertumbuhan PDB industri mesin dan perlengkapan pada tahun 2025. Hanya ditemukan pernyataan umum tentang pertumbuhan manufaktur dan rencana strategis, tanpa indikator khusus untuk industri mesin atau alat berat yang dilaporkan dalam LKj 2025 atau siaran pers resmi.","Program berjalan, ditandai dengan pernyataan Direktur Industri Permesinan dan Alat Mesin Pertanian Ditjen ILMATE Kemenperin bahwa subsektor industri mesin dan perlengkapan tumbuh 18,75 persen pada triwulan II 2025, tertinggi sejak 2012, didorong kenaikan belanja modal pemerintah sebesar 30,37 persen. Secara kumulatif, Kemenperin mencatat industri mesin dan perlengkapan tumbuh 9,97 persen pada triwulan I hingga III 2025, dibanding target RPJMN 4,00 persen.",tidak_ada,,False,False,True,OK,,3,0,3,laporan kinerja 2025 KEMENTERIAN PERINDUSTRIAN PDB mesin industri | industri mesin ekspor KEMENTERIAN PERINDUSTRIAN 2025 [site:kemenperin.go.id] | laporan kinerja 2025 KEMENTERIAN PERINDUSTRIAN industri mesin alat berat [site:kemenperin.go.id],7734,321,14.13
20260917_150324,2026-09-17T15:08:18,watsonx-qwen3-30b-a3b-instruct-2507,serper,0.0,17,137,Industri,KEMENTERIAN PERINDUSTRIAN,KP 05.01.16 - Produktivitas tenaga kerja industri TPT,"60,34",persen,True,False,False,False,90,tidak_ada,tidak_ada,"Program belum berjalan, ditandai dengan tidak ditemukannya bukti konkret pelaksanaan kegiatan pemerintah terkait peningkatan produktivitas tenaga kerja industri TPT pada 2025 di dokumen resmi Kemenperin, meskipun terdapat data jumlah tenaga kerja dan pertumbuhan sektor. Tidak ada indikator produktivitas tenaga kerja yang dilaporkan secara eksplisit dalam LKj 2025 atau siaran pers resmi.","Program berjalan, ditandai dengan bergulirnya Program Restrukturisasi Mesin dan/atau Peralatan Industri TPT secara berkelanjutan. Portal resmi Kemenperin mencantumkan pelaksanaan program untuk TA 2026 dengan prioritas bagi pemohon yang belum pernah menerima penggantian pada tahun anggaran 2021 sampai 2025, dan pengecualian bagi industri yang sudah menerima tiga kali pada periode 2021 sampai 2025, yang mengonfirmasi program juga berjalan pada TA 2025. Kemenperin juga menyebut program ini telah meningkatkan kapasitas produksi 21,75 persen, efisiensi energi 11,86 persen, dan lapangan kerja 3,96 persen, dilengkapi jalur vokasi industri. Angka realisasi produktivitas tenaga kerja TPT tahun 2025 sendiri belum dipublikasikan. ",https://bbt.kemenperin.go.id,bbt.kemenperin.go.id,True,False,True,OK,,3,1,3,laporan kinerja 2025 Kementerian Perindustrian produktivitas tenaga kerja industri TPT | produktivitas tenaga kerja industri TPT Kemenperin 2025 [site:bbt.kemenperin.go.id] | LKj 2025 Kementerian Perindustrian produktivitas tenaga kerja TPT [site:bbt.kemenperin.go.id],7084,338,8.89
20260917_150324,2026-09-17T15:08:35,watsonx-qwen3-30b-a3b-instruct-2507,serper,0.0,18,144,Industri,KEMENTERIAN PERINDUSTRIAN,KP 05.02.06 - Nilai investasi perusahaan industri dan perusahaan kawasan industri di KI Bintan Inti Industrial Estate,"1,73",triliun rupiah,True,False,False,False,90,tidak_ada,tidak_ada,"Program belum berjalan, ditandai dengan tidak ditemukannya bukti konkret kegiatan fisik, siaran pers, atau capaian di LKj 2025 yang melaporkan pelaksanaan proyek investasi di KI Bintan Inti Industrial Estate pada tahun 2025. Hanya ditemukan dokumen perencanaan dan target dalam Renstra 2025-2029 serta perjanjian kinerja yang menyebutkan KI Bintan sebagai prioritas, namun tanpa bukti pelaksanaan nyata.","Program berjalan, ditandai dengan tercatatnya nilai realisasi investasi sebesar Rp0,18 triliun untuk Bintan Inti Industrial Estate pada dataset resmi BKPM Tahun 2025 (data sementara).",https://kemenperin.go.id,kemenperin.go.id,True,False,True,OK,,3,1,3,laporan kinerja 2025 KEMENTERIAN PERINDUSTRIAN investasi Bintan KI Bintan | laporan kinerja 2025 KEMENTERIAN PERINDUSTRIAN KI Bintan Inti Industrial Estate [site:kemenperin.go.id] | siaran pers KEMENTERIAN PERINDUSTRIAN 2025 KI Bintan Inti Industrial Estate investasi [site:kemenperin.go.id],7206,359,16.4
20260917_150324,2026-09-17T15:08:44,watsonx-qwen3-30b-a3b-instruct-2507,serper,0.0,19,147,Industri,KEMENTERIAN PERINDUSTRIAN,KP 05.02.09 - Nilai investasi perusahaan industri dan perusahaan kawasan industri di KIT Batang,"4,14",triliun rupiah,True,False,True,True,90,media,2025,"Program berjalan, ditandai dengan pencapaian 114 proyek investasi di KIT Batang hingga Maret 2025 yang tercatat dalam laporan kinerja triwulan II tahun 2025 dari Kementerian Koordinator Bidang Perekonomian, termasuk proyek-proyek yang mendukung target nilai investasi perusahaan industri di KIT Batang.","Program berjalan, ditandai dengan KIT Batang yang diresmikan menjadi KEK Industropolis Batang oleh Presiden pada 20 Maret 2025, dan sepanjang 2025 kawasan ini membukukan realisasi investasi baru sekitar Rp4,87 triliun (menurut pengelola, dikutip Antara/Liputan6), dengan realisasi kumulatif kawasan sekitar Rp17,95 triliun. Sebagai konteks nasional, Plt Sekjen Dewan Nasional KEK Rizal Edwin Manansang menyatakan realisasi investasi di 25 KEK sepanjang 2025 mencapai Rp82,6 triliun atau sekitar 98 persen dari target dengan serapan 88.541 tenaga kerja (kumulatif 2012-2025 Rp335 triliun dan 248.459 pekerja). Nilai realisasi 2025 KIT Batang ini melampaui target indikator 4,14 triliun rupiah, menandakan indikator berjalan dan tercapai.",https://kinerja.ekon.go.id/perencanaan/download/narasi_kinerja_tw2-1688-2025-U83wi.pdf,kinerja.ekon.go.id,True,True,True,OK,,3,0,3,laporan kinerja 2025 KEMENTERIAN PERINDUSTRIAN investasi Batang KIT | investasi KIT Batang 2025 proyek industri [site:kemenperin.go.id] | KIT Batang proyek industri 2025 realisasi investasi [site:ekon.go.id],7675,316,9.37
20260917_150324,2026-09-17T15:09:03,watsonx-qwen3-30b-a3b-instruct-2507,serper,0.0,20,158,Industri,KEMENTERIAN PERINDUSTRIAN,KP 05.02.21 - Nilai investasi perusahaan industri dan perusahaan kawasan industri di KI Pulau Obi,"2,53",triliun rupiah,True,False,False,False,90,bps_setkab,2025,"Program belum berjalan, ditandai dengan tidak ditemukannya bukti kegiatan konkret, laporan kinerja 2025, atau siaran pers resmi dari Kemenperin tentang realisasi investasi di KI Pulau Obi pada tahun 2025. Hanya terdapat data investasi total proyek dari KPPIP tanpa rincian tahunan atau capaian aktual 2025.","Program berjalan, ditandai dengan tercatatnya nilai realisasi investasi sebesar Rp0,50 triliun untuk Kawasan Industri Pulau Obi pada dataset resmi BKPM Tahun 2025 (data sementara).",https://kppip.go.id/proyek-strategis-nasional/s-pembangunan-kawasan-industri-prioritas-kawasan-ekonomi-khusus/kawasan-industri-pulau-obi/,kppip.go.id,True,True,True,OK,,3,2,3,laporan kinerja 2025 KEMENTERIAN PERINDUSTRIAN investasi Obi KI Pulau Obi | investasi perusahaan industri KI Pulau Obi 2025 [site:kppip.go.id] | siaran pers KEMENTERIAN PERINDUSTRIAN KI Pulau Obi 2025 [site:kemenperin.go.id],6182,349,18.75
20260917_150324,2026-09-17T15:09:11,watsonx-qwen3-30b-a3b-instruct-2507,serper,0.0,21,160,Industri,KEMENTERIAN PERINDUSTRIAN,KP 05.02.23 - Nilai investasi perusahaan industri dan perusahaan kawasan industri di KI Buli,"0,21",triliun rupiah,True,False,False,False,90,lkj,2025,"Program belum berjalan, ditandai dengan tidak ditemukannya bukti konkret kegiatan fisik, siaran pers, atau capaian investasi di KI Buli pada tahun 2025. Hanya ditemukan dokumen perencanaan seperti Renstra 2025-2029 dan referensi proyek KI Buli sebagai bagian dari rencana strategis, tanpa indikasi pelaksanaan nyata atau realisasi investasi pada 2025.","Program berjalan, ditandai dengan tercatatnya nilai realisasi investasi sebesar Rp0,006 triliun untuk Kawasan Industri Buli pada dataset resmi BKPM Tahun 2025 (data sementara), meski nilainya masih relatif kecil dibanding kawasan lain, didukung publikasi terkait peresmian proyek investasi besar (ekosistem baterai kendaraan listrik) di kawasan Buli pada 2025 serta konsultasi publik lanjutan pengembangan kawasan pada 2026.",https://bbkk.kemenperin.go.id/ppid/views/download.php?id=758&tbl=berkala,bbkk.kemenperin.go.id,True,False,True,OK,,3,1,3,laporan kinerja 2025 KEMENTERIAN PERINDUSTRIAN investasi Buli KI Buli | KEMENTERIAN PERINDUSTRIAN proyek industri KI Buli 2025 [site:kemenperin.go.id] | siaran pers KEMENTERIAN PERINDUSTRIAN KI Buli investasi 2025 [site:kemenperin.go.id],7173,343,8.39
20260917_150324,2026-09-17T15:09:21,watsonx-qwen3-30b-a3b-instruct-2507,serper,0.0,22,165,Industri,KEMENTERIAN PERINDUSTRIAN,KP 05.05.04 - Diversifikasi produk industri berbasis SDA yang diolah,286,persen,True,False,True,True,85,siaran_pers,2025,"Program berjalan, ditandai dengan kegiatan penguatan sentra IKM olahan hortikultura di Tanah Datar yang merupakan bagian dari upaya hilirisasi sumber daya alam berbasis komoditas lokal, sebagaimana disampaikan dalam siaran pers Kemenperin pada September 2025.","Program berjalan, ditandai dengan adanya kebijakan dan kegiatan hilirisasi SDA unggulan, tetapi angka indikatornya belum dipublikasikan. Kemenperin menyatakan pengembangan hilirisasi berbasis sumber daya hayati akan semakin fokus seiring masuknya komoditas seperti rumput laut dalam tematik pengembangan hilirisasi industri berbasis SDA unggulan pada RPJMN 2025-2029. Untuk tahun anggaran berikutnya, Kemenperin menetapkan program prioritas yang mencakup percepatan hilirisasi sumber daya alam, restrukturisasi mesin dan teknologi, serta pengembangan industri halal dan TKDN. Kegiatan pendukung juga terlihat pada level Ditjen Industri Agro dan Ditjen IKMA, misalnya fasilitasi super deduction tax untuk riset diversifikasi produk pangan. ",https://ikm.kemenperin.go.id/kemenperin-dan-pemda-perkuat-sentra-ikm-olahan-hortikultura-di-tanah-datar,ikm.kemenperin.go.id,True,True,True,OK,,3,0,3,laporan kinerja 2025 KEMENTERIAN PERINDUSTRIAN diversifikasi SDA hilirisasi SDA produk olahan | laporan kinerja 2025 KEMENTERIAN PERINDUSTRIAN inovasi industri nilai tambah produk olahan [site:kemenperin.go.id] | siaran pers KEMENTERIAN PERINDUSTRIAN 2025 diversifikasi SDA hilirisasi produk olahan nilai tambah [site:kemenperin.go.id],7395,339,10.13
20260917_150324,2026-09-17T15:09:33,watsonx-qwen3-30b-a3b-instruct-2507,serper,0.0,23,175,Energi,KEMENTERIAN ENERGI DAN SUMBER DAYA MINERAL,KP 02.11.02 - Jumlah volume penyaluran BBM bersubsidi,"19,41",juta KL,True,False,False,False,90,media,2026,"Program belum berjalan, ditandai dengan tidak ditemukannya bukti konkret realisasi penyaluran BBM bersubsidi pada tahun 2025 di dokumen LKj 2025 atau sumber resmi K/L. Hanya terdapat rencana dan grafik proyeksi realisasi hingga Oktober 2025 dalam RKT 2026, yang merupakan dokumen perencanaan tahun 2026, bukan laporan pelaksanaan 2025.","Program berjalan dan angkanya sudah terpublikasi. BPH Migas melaporkan realisasi penyaluran Januari sampai Desember 2025 untuk JBT Solar sebesar 18,41 juta KL atau 97,4 persen dari kuota 18,88 juta KL, dan JBT minyak tanah sebesar 507.944 KL atau 96,75 persen dari kuota 525.000 KL, sehingga total JBT (BBM bersubsidi) berada di kisaran 18,9 juta KL. Untuk JBKP Pertalite (BBM kompensasi), realisasinya 28,06 juta KL atau sekitar 89,86 persen dari kuota. Dari penyaluran yang berada di bawah kuota tersebut, pemerintah mencatat penghematan subsidi dan kompensasi sekitar Rp4,98 triliun. Angka ini disampaikan Kepala BPH Migas dalam Rapat Dengar Pendapat bersama Komisi XII DPR RI pada 27 Januari 2026. ",https://migas.esdm.go.id/cms/uploads/informasi-publik/RKT/RKT%202026.pdf,migas.esdm.go.id,True,True,True,OK,,3,0,3,laporan kinerja 2025 Kementerian Energi dan Sumber Daya Mineral BBM bersubsidi penyaluran | penyaluran BBM bersubsidi 2025 Kementerian ESDM realisasi [site:migas.esdm.go.id] | realisasi penyaluran BBM bersubsidi 2025 Kementerian ESDM [site:migas.esdm.go.id],7706,357,11.58
20260917_150324,2026-09-17T15:09:41,watsonx-qwen3-30b-a3b-instruct-2507,serper,0.0,24,184,Energi,KEMENTERIAN ENERGI DAN SUMBER DAYA MINERAL,KP 02.19.01 - Reduksi emisi GRK sektor energi,164,juta ton CO2-Eq,True,False,True,True,90,lkj,2025,"Program berjalan, ditandai dengan pelaporan capaian indikator emisi GRK sektor energi dalam Laporan Kinerja Ditjen EBTKE Tahun 2025 yang diterbitkan oleh Kementerian ESDM, serta siaran pers resmi yang menyebutkan target penurunan emisi CO2 sebesar 10,5% pada 2025 sebagai bagian dari strategi transisi energi.","Program berjalan dan target tercapai, ditandai dengan terpublikasinya realisasi penurunan emisi GRK sektor energi Tahun 2025 sebesar 165,31 juta ton CO2e dalam Laporan Kinerja Ditjen EBTKE Tahun 2025, melampaui target RPJMN sebesar 164 juta ton CO2-Eq. Capaian ini ditopang aksi mitigasi yang terkonfirmasi pelaksanaannya sepanjang 2025, antara lain mandatori B40 dengan pemanfaatan biodiesel domestik 14,94 juta kL, penambahan kapasitas terpasang PLT EBT sebesar 1,3 GW (terbesar dalam lima tahun terakhir) menjadi 15.630 MW, dan penurunan intensitas energi final 1,32 juta SBM/Miliar Rp.",https://esdm.go.id/assets/media/content/content-laporan-kinerja-ditjen-ebtke-tahun-2025.pdf,esdm.go.id,True,True,True,OK,,3,0,3,laporan kinerja 2025 Kementerian Energi dan Sumber Daya Mineral emisi sektor energi reduksi GRK | reduksi emisi GRK sektor energi 2025 Kementerian ESDM [site:esdm.go.id] | capaian reduksi emisi GRK sektor energi 2025 Kementerian ESDM [site:esdm.go.id],7752,339,8.1
20260917_150324,2026-09-17T15:09:51,watsonx-qwen3-30b-a3b-instruct-2507,serper,0.0,25,185,Energi,KEMENTERIAN ENERGI DAN SUMBER DAYA MINERAL,KP 03.02.03 - Kapasitas pembangkit listrik (kumulatif angka dasar tahun 2023),"93,9","GW, kumulatif",True,False,True,True,95,siaran_pers,2025,"Program berjalan, ditandai dengan peningkatan kapasitas terpasang pembangkit listrik nasional sebesar 4,4 GW pada semester I 2025 dan total penambahan 7 GW hingga akhir tahun 2025, sesuai laporan resmi Kementerian ESDM.","Program berjalan dan capaiannya sudah terpublikasi resmi. Kapasitas terpasang pembangkit listrik pada Tahun 2025 meningkat sebanyak 7 GW dari Tahun 2024 menjadi 107,51 GW. Hal ini disampaikan Menteri ESDM pada Konferensi Pers Capaian Kinerja Sektor ESDM di Jakarta, Kamis 8 Januari 2026, yang menegaskan peningkatan kapasitas sebagai bagian upaya menjaga keandalan pasokan listrik nasional. Perlu dicatat, angka 107,51 GW merupakan kapasitas nasional gabungan (PLN, IPP, PPU, dan IUPTLS), sehingga cakupannya bisa lebih luas daripada definisi indikator RPJMN, dan penjelasan metodologi resmi perlu dikonfirmasi ke Ditjen Ketenagalistrikan.",https://www.esdm.go.id/en/media-center/news-archives/semester-i-tahun-2025-kapasitas-terpasang-pembangkit-meningkat-44-gw,www.esdm.go.id,True,True,True,OK,,3,0,3,laporan kinerja 2025 KEMENTERIAN ENERGI DAN SUMBER DAYA MINERAL kapasitas pembangkit listrik kumulatif | capaian kapasitas pembangkit listrik kumulatif 2025 KEMENTERIAN ENERGI DAN SUMBER DAYA MINERAL [site:esdm.go.id] | peningkatan kapasitas terpasang pembangkit listrik 2025 PLN Kementerian ESDM [site:esdm.go.id],8052,343,10.03
20260917_150324,2026-09-17T15:10:01,watsonx-qwen3-30b-a3b-instruct-2507,serper,0.0,26,187,Energi,KEMENTERIAN ENERGI DAN SUMBER DAYA MINERAL,KP 03.02.03 - Produksi tenaga listrik,363.044,GWh,True,False,True,True,90,siaran_pers,2025,"Program berjalan, ditandai dengan realisasi penambahan kapasitas pembangkit listrik sebesar 4,4 Gigawatt (GW) pada semester I 2025 dan terbitnya aturan perjanjian jual beli tenaga listrik pada Maret 2025 oleh Ditjen EBTKE Kementerian ESDM.","Program berjalan dengan capaian mendekati target, ditandai dengan terpublikasinya realisasi produksi tenaga listrik Tahun 2025 sebesar 354.928,06 GWh dalam Statistik PLN 2025, naik dari 343.891,75 GWh pada Tahun 2024. Angka ini setara sekitar 97,8 persen dari target RPJMN Tahun 2025 sebesar 363.044 GWh. Dari total produksi tersebut, 161.547,41 GWh atau 45,52 persen berasal dari pembelian di luar PLN. Realisasi ini konsisten dengan proyeksi yang disampaikan Plt. Direktur Jenderal Ketenagalistrikan dalam rapat kerja bersama Komisi XII DPR pada 13 November 2025, yang memperkirakan produksi listrik nasional sepanjang 2025 mencapai 354 TWh dengan capaian hingga Oktober 2025 sebesar 290 TWh. Sebagai indikator turunan, konsumsi listrik per kapita pada 2025 tercatat 1.584 kWh atau 108,2 persen dari target 1.464 kWh.",https://ebtke.esdm.go.id/artikel/siaran-pers/capaian-kinerja-semester-i-tahun-2025-produksi-komoditas-makin-optimal-akses-listrik-meningkat,ebtke.esdm.go.id,True,True,True,OK,,3,0,3,laporan kinerja 2025 Kementerian Energi dan Sumber Daya Mineral produksi tenaga listrik | produksi tenaga listrik semester I 2025 Kementerian ESDM [site:esdm.go.id] | produksi tenaga listrik 2025 realisasi capaian Kementerian ESDM [site:esdm.go.id],7690,334,9.34
20260917_150324,2026-09-17T15:10:10,watsonx-qwen3-30b-a3b-instruct-2507,serper,0.0,27,188,Energi,KEMENTERIAN ENERGI DAN SUMBER DAYA MINERAL,KP 03.02.04 - Panjang jaringan transmisi tenaga listrik,2.152,kms,True,False,False,False,90,tidak_ada,tidak_ada,"Program belum berjalan, ditandai dengan tidak ditemukannya bukti konkret pelaksanaan proyek jaringan transmisi tenaga listrik pada tahun 2025 di dokumen resmi Kementerian ESDM atau PLN. Hanya terdapat laporan capaian kinerja umum dan rencana strategis tanpa indikasi pekerjaan fisik atau proyek spesifik yang berjalan di 2025.","Program berjalan, ditandai dengan adanya peresmian proyek transmisi yang telah selesai pada Tahun 2025 serta penetapan rencana pembangunan transmisi dalam dokumen resmi. Pada awal 2025, Presiden meresmikan 11 proyek transmisi sepanjang 739,71 kms beserta gardu induk 1.740 MVA. Rencana jangka menengahnya tertuang dalam RUPTL, di mana Keputusan Menteri ESDM Nomor 188.K/TL.03/MEM.L/2025 memerinci rencana jaringan transmisi sepanjang 47.758 kms dan gardu induk 107.950 MVA, dan Menteri ESDM menyatakan jaringan tersebut akan dibangun bertahap dalam satu dekade untuk menghubungkan pembangkit EBT ke gardu induk PLN. Penyelesaian proyek transmisi juga terus dipublikasikan PLN di tingkat daerah sepanjang 2025, contohnya rampungnya GI 150 kV KIT Batang beserta SUTT 150 kV KIT Batang Incomer sepanjang 10,916 kms pada Desember 2025. Angka nasional total tambahan panjang jaringan transmisi (kms) yang beroperasi selama Tahun 2025 belum dipublikasikan.",tidak_ada,,False,False,True,OK,,3,0,3,laporan kinerja 2025 KEMENTERIAN ENERGI DAN SUMBER DAYA MINERAL jaringan transmisi tenaga listrik | capaian kinerja 2025 jaringan transmisi tenaga listrik KEMENTERIAN ENERGI dan SUMBER DAYA MINERAL [site:esdm.go.id] | proyek transmisi tenaga listrik 2025 PLN jaringan SUTET interkoneksi [site:pln.co.id],7382,334,9.8
20260917_150324,2026-09-17T15:10:27,watsonx-qwen3-30b-a3b-instruct-2507,serper,0.0,28,196,Infrastruktur,KEMENTERIAN PERHUBUNGAN,KP 03.01.02 - Panjang jalur KA yang beroperasi,6.928,km (kumulatif),True,False,False,False,90,lkj,2025,"Program belum berjalan, ditandai dengan tidak ditemukannya bukti konkret pelaksanaan kegiatan pembangunan atau perluasan jalur KA beroperasi pada tahun 2025 di dokumen LAKIP 2025 Kemenhub atau sumber resmi lainnya. Hanya ditemukan data historis dan rencana strategis tanpa capaian aktual.","Program berjalan, ditandai dengan beroperasinya jalur-jalur kereta api baru dan segmen jalur ganda hasil pembangunan DJKA yang mulai dipakai lewat pemberlakuan Gapeka 2025 per 1 Februari 2025, antara lain lintas baru Rantauprapat Baru–Pondok S5, Kreunggeukeuh–Kutablang–Muara Satu, dan Semarang Tawang–Tanjungmas, serta perubahan jalur tunggal menjadi jalur ganda pada beberapa segmen di Jawa dan Sumatera. DJKA juga melaporkan capaian indikator ini secara berkala kepada Komisi V DPR RI: panjang jalur kereta api yang beroperasi tercatat 6.915,12 km atau sekitar 99,81% dari target tahunan, dan Menteri Perhubungan menyebut angka jaringan aktif nasional di kisaran 6.927 km. Angka realisasi khusus posisi akhir 2025 belum dipublikasikan tersendiri karena Laporan Kinerja DJKA Tahun 2025 belum terbit.",https://hubud.kemenhub.go.id/upbu/oksibil/download?path=berkalafile%2Foksibil_20260907082427_lakip-2025pdf.pdf,hubud.kemenhub.go.id,True,True,True,OK,,3,0,3,laporan kinerja 2025 Kementerian Perhubungan panjang jalur KA beroperasi | capaian jalur KA beroperasi 2025 Kementerian Perhubungan [site:hubud.kemenhub.go.id] | LAKIP 2025 Kementerian Perhubungan capaian jalur KA beroperasi [site:hubud.kemenhub.go.id],7000,342,16.49
20260917_150324,2026-09-17T15:10:38,watsonx-qwen3-30b-a3b-instruct-2507,serper,0.0,29,200,Infrastruktur,KEMENTERIAN PERHUBUNGAN,KP 03.01.03 - Penumpang angkutan laut nonkomersil,1.637,ribu penumpang,True,False,False,False,90,tidak_ada,tidak_ada,"Program belum berjalan, ditandai dengan tidak ditemukannya bukti konkret kegiatan angkutan laut perintis penumpang pada tahun 2025 di dokumen LKj 2025, siaran pers resmi Kemenhub, atau sumber lain yang mengonfirmasi pelaksanaan kegiatan fisik atau operasional. Hanya ditemukan dokumen rencana strategis dan informasi terkait angkutan udara perintis.","Program berjalan, ditandai dengan terselenggaranya layanan angkutan laut perintis dan angkutan rede sepanjang Tahun 2025 sebagaimana dipublikasikan Ditjen Perhubungan Laut, mencakup 107 trayek kapal perintis yang melayani 480 pelabuhan singgah di 28 provinsi dan 184 kabupaten/kota dengan realisasi fisik 2.154 voyage, serta 18 trayek angkutan rede pada 75 pelabuhan singgah. Dari sisi produksi, Dirjen Perhubungan Laut menyampaikan realisasi PSO tahun 2025 melayani sekitar 1,26 juta penumpang pada kapal perintis dan 48.003 penumpang pada kapal rede, di luar layanan PSO penumpang kelas ekonomi yang mengangkut 4.472.921 orang. Angka realisasi resmi versi indikator RPJMN untuk 2025 belum dipublikasikan tersendiri, dan angka produksi yang tersedia masih di bawah target 1.637 ribu penumpang.",tidak_ada,,False,False,True,OK,,3,0,3,laporan kinerja 2025 Kementerian Perhubungan angkutan laut perintis penumpang perintis | laporan kinerja 2025 Kementerian Perhubungan penumpang angkutan laut nonkomersil [site:kemenhub.go.id] | siaran pers Kementerian Perhubungan 2025 angkutan laut perintis penumpang [site:kemenhub.go.id],7531,325,11.16
20260917_150324,2026-09-17T15:10:47,watsonx-qwen3-30b-a3b-instruct-2507,serper,0.0,30,201,Infrastruktur,KEMENTERIAN PERHUBUNGAN,KP 03.01.03 - Muatan barang angkutan laut nonkomersil,720.124,ton,True,False,False,False,75,media,2025,"Program belum berjalan, ditandai dengan tidak ditemukannya bukti konkret kegiatan teknis atau capaian realisasi muatan barang angkutan laut nonkomersil pada tahun 2025 di dokumen resmi Kementerian Perhubungan, meskipun terdapat data historis dan rencana program Tol Laut.","Program berjalan, ditandai dengan terlaksananya angkutan barang perintis dan program Tol Laut sepanjang Tahun 2025 sebagaimana dilaporkan Ditjen Perhubungan Laut. Sampai September 2025, Tol Laut tercatat menjalankan 523 voyage melayani 104 pelabuhan, dan untuk keseluruhan tahun 2025 Dirjen Perhubungan Laut menyampaikan realisasi 756 voyage dengan muatan 32.732 TEUs dan 2.003 ton, sementara kapal perintis mengangkut 188.571 ton barang general cargo. Pemerintah juga sudah menyiapkan skema optimalisasi trayek Tol Laut untuk 2026, yang menandakan program tetap berlanjut. Angka realisasi tunggal dalam satuan ton sesuai definisi indikator RPJMN belum dipublikasikan, dan angka yang tersedia masih di bawah target 720.124 ton.","https://dephub.go.id/post/read/menhub-dudy-sampaikan-hasil-evaluasi-penyelenggaraan-angkutan-nataru-2025-2026,-dpr-ri-berikan-apresiasi",dephub.go.id,True,False,True,OK,,3,1,3,laporan kinerja 2025 Kementerian Perhubungan muatan barang angkutan laut nonkomersil | Kementerian Perhubungan siaran pers muatan barang angkutan laut nonkomersil 2025 [site:dephub.go.id] | Kementerian Perhubungan tol laut capaian 2025 [site:dephub.go.id],6546,334,8.74
20260917_150324,2026-09-17T15:10:56,watsonx-qwen3-30b-a3b-instruct-2507,serper,0.0,31,205,Infrastruktur,KEMENTERIAN PERHUBUNGAN,KP 03.01.05 - Pelabuhan penyeberangan yang beroperasi,235,"lokasi, kumulatif",True,False,False,False,75,siaran_pers,2025,"Program belum berjalan, ditandai dengan tidak ditemukannya bukti konkret kegiatan operasional pelabuhan penyeberangan pada tahun 2025 di dokumen resmi Kemenhub, meskipun terdapat rencana penunjukan badan usaha pelabuhan dan laporan arus balik tahun 2024-2025 yang mencatat volume di 23 pelabuhan namun tidak menyebutkan aktivitas baru atau pembukaan lokasi baru.","Program berjalan, ditandai dengan selesainya pembangunan dan diresmikannya pelabuhan penyeberangan baru pada Tahun 2025 sebagaimana dipublikasikan Kementerian Perhubungan, contohnya Pelabuhan Penyeberangan Letung di Kepulauan Anambas dan Pelabuhan Penyeberangan Sedanau di Natuna yang diresmikan pada 5 November 2025 dan langsung dilayani KMP Bahtera Nusantara 01 pada lintas Tanjung Uban sampai Sintete. Pengoperasian pelabuhan penyeberangan eksisting juga terkonfirmasi berjalan melalui pengaturan operasional oleh Ditjen Perhubungan Darat sepanjang tahun, termasuk pada periode angkutan Natal 2025 dan Tahun Baru 2026. Jumlah kumulatif pelabuhan penyeberangan yang beroperasi secara nasional posisi 2025 belum dipublikasikan, karena LAKIP Ditjen Perhubungan Darat yang tersedia di daftar informasi publik masih edisi Tahun 2024.",https://hubud.kemenhub.go.id/obu/denpasar/news/siaran-pers-kemenhub-pantau-pelaksanaan-arus-balik-periode-nataru-20242025-di-nusa-tenggara-timur,hubud.kemenhub.go.id,True,True,True,OK,,3,0,3,laporan kinerja 2025 KEMENTERIAN PERHUBUNGAN pelabuhan penyeberangan operasional | laporan kinerja 2025 KEMENTERIAN PERHUBUNGAN pelabuhan penyeberangan operasional [site:kemenhub.go.id] | siaran pers KEMENTERIAN PERHUBUNGAN 2025 pelabuhan penyeberangan operasional [site:kemenhub.go.id],7378,389,9.72
20260917_150324,2026-09-17T15:11:07,watsonx-qwen3-30b-a3b-instruct-2507,serper,0.0,32,225,Kesehatan,KEMENTERIAN KESEHATAN,"KP 02.12.05 - Kabupaten/kota kualitas air minum pada sarana air minum memenuhi syarat kabupaten/kota dengan kualitas air minum yang memenuhi syarat (RIBK, Renstra)",50,persen,True,False,False,False,90,tidak_ada,tidak_ada,"Program belum berjalan, ditandai dengan tidak ditemukannya bukti konkret pelaksanaan kegiatan uji kualitas air minum di sarana air minum oleh Kementerian Kesehatan pada tahun 2025. Tidak ada siaran pers, laporan kinerja 2025 resmi, atau dokumen pelaksanaan yang menyebutkan kegiatan fisik atau uji laboratorium berjalan di 2025. Hanya ditemukan dokumen rencana atau kajian tahun sebelumnya.","Program berjalan, ditandai dengan diselenggarakannya Surveilans Kualitas Air Minum Rumah Tangga (SKAMRT) Tahun 2025 oleh Kementerian Kesehatan melalui pendampingan tematik kepada dinas kesehatan daerah, serta terlaksananya pengawasan kualitas air minum di tingkat kabupaten/kota yang hasilnya dipublikasikan oleh dinas kesehatan kabupaten/kota melalui portal Satu Data Indonesia, antara lain data Jumlah Sarana Air Minum Memenuhi Syarat Tahun 2025 dari Dinas Kesehatan Kabupaten Musi Banyuasin. Angka capaian indikator secara nasional untuk Tahun 2025 belum dipublikasikan.",tidak_ada,,False,False,True,OK,,3,0,3,laporan kinerja 2025 Kementerian Kesehatan sarana air minum kualitas air uji laboratorium | laporan kinerja 2025 Kementerian Kesehatan uji laboratorium kualitas air minum [site:kemkes.go.id] | siaran pers Kementerian Kesehatan 2025 uji kualitas air minum sarana air minum [site:kemkes.go.id],7789,348,10.21
20260917_150324,2026-09-17T15:11:18,watsonx-qwen3-30b-a3b-instruct-2507,serper,0.0,33,226,Kesehatan,KEMENTERIAN KESEHATAN,KP 02.18.01 - Jumlah kabupaten/kota dengan kepala keluarga yang melakukan pengelolaan sampah secara terstandar (pilar 4 STBM),30,kab/kota,True,False,False,False,90,tidak_ada,tidak_ada,"Program belum berjalan, ditandai dengan tidak ditemukannya bukti konkret pelaksanaan kegiatan pemerintah terkait pengelolaan sampah rumah tangga berbasis pilar 4 STBM di 30 kabupaten/kota pada 2025. Dokumen LKj 2025 atau siaran pers resmi Kemenkes tidak menyebutkan capaian atau kegiatan fisik tahun 2025. Hanya terdapat rencana strategis dan dokumen tahun 2023-2024 yang tidak mencerminkan pelaksanaan aktual di 2025.","Program berjalan, ditandai dengan terkonfirmasinya pelaksanaan pemicuan, pendampingan, dan verifikasi STBM Pilar 4 (Pengelolaan Sampah Rumah Tangga) oleh dinas kesehatan kabupaten/kota bersama puskesmas dan lintas sektor melalui publikasi kegiatan pada laman resmi pemerintah daerah sepanjang Tahun 2025. Jumlah kabupaten/kota yang memenuhi kriteria secara nasional pada Tahun 2025 belum dipublikasikan.",tidak_ada,,False,False,True,OK,,3,0,3,laporan kinerja 2025 Kementerian Kesehatan kelola sampah pilar STBM | laporan kinerja 2025 Kementerian Kesehatan pilar 4 STBM pengelolaan sampah rumah tangga [site:kemkes.go.id] | Kementerian Kesehatan 2025 verifikasi pilar 4 STBM kabupaten kota pengelolaan sampah [site:kemkes.go.id],7693,371,11.73
20260917_150324,2026-09-17T15:11:27,watsonx-qwen3-30b-a3b-instruct-2507,serper,0.0,34,233,Kesehatan,KEMENTERIAN KESEHATAN,KP 04.11.01 - Cakupan antenatal care (ANC) sesuai standar (12T),63,persen,True,False,False,False,90,tidak_ada,tidak_ada,"Program belum berjalan, ditandai dengan tidak ditemukannya bukti konkret pelaksanaan kegiatan ANC 12T pada 2025 di dokumen LKj/LAKIP 2025 Kemenkes, siaran pers resmi, atau sumber lain yang mengonfirmasi kegiatan fisik atau teknis. Hanya ditemukan dokumen rencana strategis dan profil kesehatan yang tidak menyertakan capaian aktual 2025.","Program berjalan, ditandai dengan pemberlakuan pedoman teknis 12T untuk menggantikan standar sebelumnya di dalam Rencana Aksi Program Direktorat Jenderal terkait dan diintegrasikan pada pedoman layanan fasilitas kesehatan/puskesmas.",tidak_ada,,False,False,True,OK,,3,0,3,laporan kinerja 2025 Kementerian Kesehatan ANC 12T cakupan | siaran pers Kementerian Kesehatan 2025 ANC 12T cakupan [site:kemkes.go.id] | LAKIP 2025 Kementerian Kesehatan ANC 12T cakupan [site:kemkes.go.id],7653,321,8.84
20260917_150324,2026-09-17T15:11:37,watsonx-qwen3-30b-a3b-instruct-2507,serper,0.0,35,236,Kesehatan,KEMENTERIAN KESEHATAN,KP 04.11.01 - Cakupan KF lengkap sesuai standar,35,persen,True,False,False,False,90,tidak_ada,tidak_ada,"Program belum berjalan, ditandai dengan tidak ditemukannya bukti konkret pelaksanaan kegiatan pemerintah terkait cakupan KF lengkap sesuai standar pada tahun 2025 di dokumen resmi Kementerian Kesehatan, termasuk LAKIP 2025, siaran pers, atau laporan kinerja yang melaporkan capaian aktual. Hanya ditemukan dokumen pedoman dan data tahun sebelumnya.","Program berjalan dan melampaui target, ditandai dengan capaian kinerja Cakupan KF lengkap sesuai standar sebesar 74,71% dari target 35% (capaian kinerja 213,46%) sebagaimana termuat dalam LAKIP Ditjen Kesprimkom Tahun 2025, sumber data Komdat Kesmas. Penerapan di level provinsi juga menunjukkan tren serupa yang mencatat capaian di atas baseline 2024.",tidak_ada,,False,False,True,OK,,3,0,3,laporan kinerja 2025 Kementerian Kesehatan kunjungan nifas KF lengkap standar nifas | siaran pers Kementerian Kesehatan 2025 kunjungan nifas KF lengkap standar pelayanan [site:kemkes.go.id] | LAKIP 2025 Kementerian Kesehatan kunjungan nifas KF lengkap cakupan [site:kemkes.go.id],7585,341,10.19
20260917_150324,2026-09-17T15:11:47,watsonx-qwen3-30b-a3b-instruct-2507,serper,0.0,36,243,Kesehatan,KEMENTERIAN KESEHATAN,KP 04.11.02 - Persentase ibu hamil kurang energi kronis (KEK),15,persen,True,False,True,True,90,bappenas,2025,"Program berjalan, ditandai dengan penerbitan Keputusan Dirjen Kesehatan Promosi dan Kesehatan Nomor 576 Tahun 2025 yang menyebutkan data risiko KEK pada ibu hamil berdasarkan pengukuran LILA, serta program pemberian PMT lokal untuk ibu hamil KEK yang dilaksanakan secara rutin di tingkat fasilitas kesehatan.","Program berjalan, ditandai dengan capaian kinerja Persentase Ibu Hamil Kurang Energi Kronis (KEK) sebesar 9,7% dari target 15% (capaian kinerja 154,6%) sebagaimana termuat dalam LAKIP Ditjen Kesprimkom Tahun 2025, sumber data Sigizi Kesga. Meski demikian, disparitas antar provinsi masih tinggi, dengan 17 provinsi belum mencapai target tahun 2025.",https://kesprimkom.kemkes.go.id/assets/uploads/contents/others/2025kepdirjenkesprimkom576.pdf,kesprimkom.kemkes.go.id,True,True,True,OK,,3,1,3,laporan kinerja 2025 Kementerian Kesehatan KEK hamil gizi ibu LILA rendah | siaran pers Kementerian Kesehatan 2025 KEK ibu hamil LILA rendah [site:kemkes.go.id] | Kementerian Kesehatan program 2025 gizi ibu hamil KEK LILA [site:kemkes.go.id],6785,340,9.18
20260917_150324,2026-09-17T15:11:57,watsonx-qwen3-30b-a3b-instruct-2507,serper,0.0,37,250,Kesehatan,KEMENTERIAN KESEHATAN,KP 04.11.03 - Persentase fasyankes melaksanakan pelayanan kesehatan penyakit akibat kerja,10,persen,True,False,False,False,90,bappenas,2025,"Program belum berjalan, ditandai dengan tidak ditemukannya bukti konkret kegiatan pelayanan kesehatan penyakit akibat kerja di fasyankes pada tahun 2025. Hanya ditemukan dokumen rencana strategis 2025-2029 dan informasi umum tentang PAK, tanpa indikasi pelaksanaan kegiatan fisik atau teknis di tahun 2025.","Program berjalan namun belum mencapai target, ditandai dengan capaian kinerja Persentase Fasyankes Melaksanakan Pelayanan Kesehatan Penyakit Akibat Kerja sebesar 1,8% dari target 10% (capaian kinerja 18%) sebagaimana termuat dalam Laporan Kinerja Direktorat Promkeskom Tahun 2025.",https://kesprimkom.kemkes.go.id/assets/uploads/contents/others/PMK_No._12_Th_2025_ttg_Rencana_Strategis_Kementerian_Kesehatan_Th_2025-2029.pdf,kesprimkom.kemkes.go.id,True,True,True,OK,,3,0,3,laporan kinerja 2025 Kementerian Kesehatan penyakit akibat kerja layanan fasyankes | siaran pers Kementerian Kesehatan 2025 penyakit akibat kerja pelayanan fasyankes [site:kemkes.go.id] | program pelayanan kesehatan penyakit akibat kerja fasyankes 2025 Kemenkes [site:kemkes.go.id],7399,379,9.93
20260917_150324,2026-09-17T15:12:06,watsonx-qwen3-30b-a3b-instruct-2507,serper,0.0,38,251,Kesehatan,KEMENTERIAN KESEHATAN,KP 04.11.03 - Persentase lansia yang mendapatkan skrining kesehatan sesuai standar,50,persen,True,False,True,True,90,siaran_pers,2025,"Program berjalan, ditandai dengan pelaksanaan Program Cek Kesehatan Gratis (CKG) 2025 oleh Kemenkes yang mencakup skrining kesehatan lansia, termasuk di posyandu dan panti lansia, serta kegiatan Hari Lanjut Usia Nasional 2025 yang melibatkan pemeriksaan kesehatan bagi lansia.","Program berjalan, ditandai dengan capaian kinerja Persentase Lanjut Usia yang Mendapatkan Skrining Kesehatan Sesuai Standar sebesar 87,9% dari target 50% (capaian kinerja 175%) sebagaimana termuat dalam LAKIP Direktorat Pelayanan Kesehatan Kelompok Rentan Tahun 2025, sumber data Komdat Kesmas.",https://www.kemkes.go.id/id/50-juta-warga-ikut-cek-kesehatan-gratis-kemenkes-ungkap-masalah-kesehatan-masyarakat,www.kemkes.go.id,True,True,True,OK,,3,0,3,laporan kinerja 2025 Kementerian Kesehatan skrining lansia cek kesehatan lansia | skrining kesehatan lansia 2025 Kementerian Kesehatan [site:kemkes.go.id] | program skrining kesehatan lansia 2025 Kementerian Kesehatan [site:kemkes.go.id],7664,349,9.72
20260917_150324,2026-09-17T15:12:14,watsonx-qwen3-30b-a3b-instruct-2507,serper,0.0,39,254,Kesehatan,KEMENTERIAN KESEHATAN,"KP 04.11.03 - Persentase lanjut usia dengan ketergantungan sedang, berat, dan total mendapatkan perawatan jangka panjang (PJP)",10,persen,True,False,True,True,90,siaran_pers,2025,"Program berjalan, ditandai dengan implementasi model perawatan jangka panjang lansia di Puskesmas Selemadeg Barat, Kabupaten Tabanan, yang ditayangkan dalam acara Lansia Bahagia Bersama Keluarga oleh Kemenkes pada 2025.","Program berjalan dan jauh melampaui target, ditandai dengan capaian kinerja Persentase Lanjut Usia dengan Ketergantungan Sedang, Berat, dan Total Mendapatkan Perawatan Jangka Panjang (PJP) sebesar 61% dari target 10% (capaian kinerja 610%) sebagaimana termuat dalam LAKIP Direktorat Pelayanan Kesehatan Kelompok Rentan Tahun 2025.",https://kemkes.go.id/id/lansia-bahagia-bersama-keluarga,kemkes.go.id,True,True,True,OK,,3,0,3,laporan kinerja 2025 KEMENTERIAN KESEHATAN persentase lansia ketergantungan perawatan jangka panjang PJP | perawatan jangka panjang lansia KEMENTERIAN KESEHATAN 2025 implementasi [site:kemkes.go.id] | perawatan jangka panjang lansia Puskesmas Selemadeg Barat Tabanan 2025 [site:kemkes.go.id],7217,313,8.09
20260917_150324,2026-09-17T15:12:24,watsonx-qwen3-30b-a3b-instruct-2507,serper,0.0,40,261,Pendidikan,KEMENTERIAN AGAMA,PP 04.03 - Persentase satuan pendidikan formal pesantren yang memperoleh hasil asesmen minimal jayyid,10,persen,True,False,True,True,90,siaran_pers,2025,"Program berjalan, ditandai dengan pelaksanaan asesmen penjaminan mutu eksternal terhadap 24 lembaga Ma'had Aly dan 20 lembaga pesantren formal di Jawa Timur pada tahun 2025, yang mencakup penilaian terhadap kualitas satuan pendidikan dengan hasil minimal 'jayyid'.","Program berjalan, ditandai dengan terkonfirmasinya pelaksanaan asesmen terhadap satuan pendidikan formal pesantren beserta pelaporan hasilnya pada Tahun 2025, dengan realisasi 68,13% dari target nasional 10,00% sebagaimana tercantum dalam Laporan Kinerja Kementerian Agama Tahun 2025. Indikator ini merupakan bagian dari Sasaran Program pendidikan keagamaan yang berkualitas di bawah Prioritas Nasional Pendidikan Keagamaan yang Berkualitas. Capaian kinerja tercatat sebesar 681,30%, namun dalam laporan angka tersebut dibatasi menjadi 120% mengikuti ketentuan batas atas capaian kinerja. Rincian daftar satuan pendidikan formal pesantren yang memperoleh hasil asesmen minimal jayyid maupun sebarannya per wilayah belum dipublikasikan.",https://kemenag.go.id/nasional/ini-hasil-asesmen-penjaminan-mutu-24-mahad-aly-INvNe,kemenag.go.id,True,True,True,OK,,3,0,3,laporan kinerja 2025 KEMENTERIAN AGAMA asesmen jayyid pesantren | asesmen jayyid satuan pendidikan pesantren KEMENTERIAN AGAMA 2025 [site:kemenag.go.id] | hasil asesmen penjaminan mutu pesantren 2025 KEMENTERIAN AGAMA [site:kemenag.go.id],7800,326,9.52
20260917_150324,2026-09-17T15:12:33,watsonx-qwen3-30b-a3b-instruct-2507,serper,0.0,41,262,Sosial,KEMENTERIAN AGAMA,PP 08.01 - Indeks Kerukunan Umat Beragama (IKUB),"76,77",-,True,False,True,True,95,lkj,2025,"Program berjalan, ditandai dengan hasil survei nasional Indeks Kerukunan Umat Beragama (IKUB) 2025 yang mencapai 77,89, dilaporkan oleh Kementerian Agama melalui situs resmi dan siaran pers di berbagai kanwil.","Program berjalan, ditandai dengan terkonfirmasinya pelaksanaan pengukuran Indeks Kerukunan Umat Beragama secara nasional pada Tahun 2025 dengan realisasi 77,89 dari target 76,77 (capaian 101,46%) sebagaimana tercantum dalam Laporan Kinerja Kementerian Agama Tahun 2025. Pengukuran tersebut terkonfirmasi melalui publikasi resmi Kementerian Agama, yang menyatakan bahwa hasil diperoleh dari Survei Evaluasi Kerukunan Umat Beragama 2025 yang dilaksanakan bersama Pusat Pendidikan dan Pelayanan Masyarakat (P3M) Universitas Indonesia dan dirilis pada kegiatan Refleksi 2025 dan Proyeksi 2026 di Jakarta pada Desember 2025. Pengukuran menggunakan tiga dimensi utama, yaitu toleransi (88,82), kesetaraan (79,35), dan kebersamaan (65,49). Indikator ini berada di bawah Program Prioritas Penguatan Kerukunan Umat Beragama dan Layanan Keagamaan Transformatif, yang pada indikator lainnya yakni Indeks Layanan Keagamaan terealisasi 86,77 dari target 87,11 (capaian 99,61%).",https://kemenag.go.id/indeks-keagamaan,kemenag.go.id,True,True,True,OK,,3,0,3,laporan kinerja 2025 KEMENTERIAN AGAMA indeks kerukunan umat beragama | laporan kinerja 2025 KEMENTERIAN AGAMA indeks kerukunan umat beragama [site:kemenag.go.id] | Indeks Kerukunan Umat Beragama 2025 capaian Kementerian Agama [site:kemenag.go.id],7687,290,9.55
20260917_150324,2026-09-17T15:12:46,watsonx-qwen3-30b-a3b-instruct-2507,serper,0.0,42,273,Pendidikan,KEMENTERIAN KETENAGAKERJAAN,KP 04.07.03 - Persentase lulusan pelatihan vokasi setahun terakhir yang bekerja atau berwirausaha,44,persen,True,False,True,True,90,lkj,2025,"Program berjalan, ditandai dengan capaian persentase lulusan vokasi yang bekerja atau berwirausaha sebesar 48 persen dalam Laporan Kinerja 2025 Kementerian Ketenagakerjaan, yang mencatat realisasi kinerja pada tahun 2025.","Program berjalan, ditandai dengan terkonfirmasinya pengukuran dan pelaporan indikator lulusan pelatihan vokasi yang bekerja atau berwirausaha dalam waktu kurang dari 12 bulan sebagai salah satu komponen Indeks Pembangunan Ketenagakerjaan (IPK) Tahun 2025, dengan realisasi 43,46% dari target 44% (sekitar 98,77% dari target) sebagaimana tercantum dalam Laporan Kinerja Kementerian Ketenagakerjaan Tahun 2025. Indikator ini diberi bobot 20 dan menyumbang nilai indeks sebesar 18,11 terhadap capaian IPK Tahun 2025 yang terealisasi 74,23 dari target 70,14 (capaian 105,83%)",https://ppid.kemnaker.go.id/uploads/LAPORAN_KINERJA_2025.pdf,ppid.kemnaker.go.id,True,True,True,OK,,3,0,3,laporan kinerja 2025 KEMENTERIAN KETENAGAKERJAAN persentase lulusan pelatihan vokasi bekerja atau berwirausaha | persentase lulusan vokasi bekerja atau berwirausaha 2025 KEMENTERIAN KETENAGAKERJAAN [site:ppid.kemnaker.go.id] | siaran pers lulusan vokasi bekerja atau berwirausaha 2025 KEMENTERIAN KETENAGAKERJAAN [site:kemnaker.go.id],7557,336,12.68
20260917_150324,2026-09-17T15:12:59,watsonx-qwen3-30b-a3b-instruct-2507,serper,0.0,43,275,Industri,KEMENTERIAN KETENAGAKERJAAN,KP 04.07.04 - Jumlah pekerja pada perusahaan yang menerapkan perlindungan hak-hak pekerja dan dialog sosial,13.289.510,orang,True,False,True,True,95,lkj,2025,"Program berjalan, ditandai dengan pencapaian realisasi jumlah pekerja pada perusahaan yang menerapkan perlindungan hak-hak pekerja dan dialog sosial sebesar 13.482.449 orang pada tahun 2025, melampaui target 13.289.510 orang, sebagaimana tercantum dalam Laporan Kinerja Kementerian Ketenagakerjaan 2025 yang terbit awal 2026.","Program berjalan, ditandai dengan terkonfirmasinya pelaksanaan pembinaan dan fasilitasi penerapan Peraturan Perusahaan (PP)/Perjanjian Kerja Bersama (PKB) beserta penguatan dialog sosial di tingkat perusahaan, dengan realisasi jumlah pekerja pada perusahaan yang menerapkan perlindungan hak-hak pekerja dan dialog sosial sebesar 13.482.449 orang dari target 13.289.510 orang (capaian 101,45%) sebagaimana dilaporkan dalam Laporan Kinerja Kementerian Ketenagakerjaan Tahun 2025. Capaian ini bertaut dengan indikator jumlah perusahaan yang memiliki PP/PKB yang juga terealisasi melampaui target, yaitu 51.031 perusahaan dari target 48.835 perusahaan.",https://ppid.kemnaker.go.id/uploads/LAPORAN_KINERJA_2025.pdf,ppid.kemnaker.go.id,True,True,True,OK,,3,0,3,laporan kinerja 2025 KEMENTERIAN KETENAGAKERJAAN perlindungan hak pekerja dialog sosial | Laporan Kinerja Kementerian Ketenagakerjaan 2025 perlindungan hak pekerja dialog sosial [site:ppid.kemnaker.go.id] | Kementerian Ketenagakerjaan 2025 program perlindungan hak pekerja dialog sosial capaian [site:ppid.kemnaker.go.id],7487,362,13.18
20260917_150324,2026-09-17T15:13:07,watsonx-qwen3-30b-a3b-instruct-2507,serper,0.0,44,287,Sosial,KEMENTERIAN SOSIAL,KP 06.03.02 - Jumlah penerima manfaat Kartu Usaha Afirmatif yang berusaha atau bekerja sebagai buruh/karyawan,1.000.000,jiwa/tahun,False,False,False,True,90,tidak_ada,tidak_ada,"Program belum berjalan, ditandai dengan tidak ditemukannya bukti konkret pelaksanaan kegiatan usaha afirmatif pada 2025 di LKj 2025, siaran pers resmi Kementerian Sosial, atau sumber resmi lainnya. Hanya ditemukan dokumen perencanaan dan renstra tahun 2025–2029 yang menyebutkan indikator tersebut sebagai target masa depan.","Program belum berjalan, ditandai dengan tidak ditemukannya bukti pelaksanaan pada 2025. Saat ini, masih berlangsungnya tahap perencanaan dan penyiapan implementasi hingga awal 2026. Rapat Tingkat Menteri yang dipimpin Menko Pemberdayaan Masyarakat pada 26 September 2025 masih membahas perencanaan Program Kartu Kesejahteraan dan Kartu Usaha Afirmatif sebagai bagian dari Program Hasil Terbaik Cepat, dengan Kemensos menegaskan basis data DTSEN dan Kementerian Koperasi dan UMKM menyiapkan platform SAPA UMKM. Pada 12 Februari 2026, BPKP masih melakukan kajian dan koordinasi lintas perangkat daerah untuk mendukung kesiapan implementasi Program Kartu Kesejahteraan dan Kartu Usaha Afirmatif di daerah. Kartu Usaha Afirmatif juga baru ditetapkan sebagai salah satu Proyek Strategis Nasional baru dalam RKP 2026. Tidak ditemukan publikasi resmi yang menunjukkan adanya penerima manfaat KUA pada 2025, sehingga target 1.000.000 jiwa tahun 2025 belum terverifikasi terlaksana.",,,False,False,True,OK,,3,2,3,laporan kinerja 2025 KEMENTERIAN SOSIAL usaha afirmatif penerima manfaat | laporan kinerja 2025 KEMENTERIAN SOSIAL penerima manfaat usaha afirmatif [site:kemensos.go.id] | siaran pers KEMENTERIAN SOSIAL 2025 usaha afirmatif penerima manfaat [site:kemensos.go.id],5875,308,7.61
20260917_150324,2026-09-17T15:13:18,watsonx-qwen3-30b-a3b-instruct-2507,serper,0.0,45,289,Infrastruktur,KEMENTERIAN KELAUTAN DAN PERIKANAN,KP 02.06.03 - Indeks Operasi Armada Pengawasan Sumber Daya Kelautan dan Perikanan,92,nilai,True,False,True,True,90,lkj,2025,"Program berjalan, ditandai dengan laporan kinerja triwulan II dan III Tahun 2025 dari Direktorat Jenderal Pengawasan Sumber Daya Kelautan dan Perikanan (PSDKP) KKP yang mencatat capaian Indeks Operasi Armada Pengawasan Sumber Daya Kelautan dan Perikanan, serta disebutkan dalam dokumen Rencana Strategis 2025-2029 dengan target 92.","Program berjalan, ditandai dengan terkonfirmasinya pelaksanaan operasi armada pengawasan sumber daya kelautan dan perikanan beserta pengukuran dan pelaporan indeks kinerjanya pada Tahun 2025, dengan realisasi sebesar 95,73 dari target Tahun 2025 sebesar 92 atau tercapai 104,05% sebagaimana tercantum dalam Laporan Kinerja Kementerian Kelautan dan Perikanan Tahun 2025. Indeks tersebut merupakan indeks komposit yang dihitung dari rata-rata tiga komponen operasi, yaitu indeks kinerja kapal pengawas sebesar 96,42, indeks kinerja speedboat pengawas sebesar 94,02, dan indeks kinerja pesawat patroli sebesar 96,76, sehingga capaian mencerminkan berjalannya operasi pengawasan pada ketiga moda armada sepanjang Tahun 2025. Laporan mencatat realisasi tersebut menurun 1,91 poin dibandingkan capaian tahun sebelumnya sebesar 97,64, dan bila dibandingkan dengan target Renstra Ditjen PSDKP Tahun 2025-2029 sebesar 96 maka tercapai 99,72%. Rincian jumlah hari operasi maupun sebaran wilayah operasi per armada tidak diuraikan dalam bagian capaian indikator.",https://kkp.go.id/download-pdf-akuntabilitas-kinerja/akuntabilitas-kinerja-pelaporan-kinerja-laporan-kinerja-ditjen-psdkp-tw-ii-tahun-2025.pdf,kkp.go.id,True,True,True,OK,,3,0,3,laporan kinerja 2025 KEMENTERIAN KELAUTAN DAN PERIKANAN indeks operasi armada pengawasan sumber daya kelautan perikanan | laporan kinerja tahun 2025 KEMENTERIAN KELAUTAN DAN PERIKANAN indeks operasi armada pengawasan laut [site:kkp.go.id] | indeks operasi armada pengawasan sumber daya kelautan perikanan capaian 2025 KKP [site:kkp.go.id],8213,397,10.65
20260917_150324,2026-09-17T15:13:27,watsonx-qwen3-30b-a3b-instruct-2507,serper,0.0,46,304,Birokrasi,KEMENTERIAN KELAUTAN DAN PERIKANAN,KP 02.22.01 - Proporsi tangkapan jenis ikan yang berada pada batas biologis yang aman,≤80,persen,True,False,True,True,90,lkj,2025,"Program berjalan, ditandai dengan pelaporan kinerja tahunan Direktorat Jenderal Perikanan Tangkap KKP yang menyebutkan perhitungan dan pemantauan IKU 'Proporsi Tangkapan Jenis Ikan yang Berada pada Batas Biologis yang Aman' dalam Laporan Kinerja Tahun 2025, serta kegiatan pengelolaan perikanan berkelanjutan yang dilakukan secara terintegrasi.","Program berjalan, ditandai dengan capaian realisasi Tahun 2025 sebesar 61,19% (masih dalam batas aman, target ≤80%), sebagaimana dipublikasikan dalam Laporan Kinerja instansi pengampu indikator. Indikator ini juga tercantum sebagai target resmi dalam dokumen perencanaan kinerja Tahun 2025, dengan instrumen pengukuran berupa pelaporan logbook penangkapan ikan, pemantauan oleh observer di atas kapal, dan penghitungan alokasi kuota sumber daya ikan. Pelaksanaan di lapangan turut didukung kebijakan Penangkapan Ikan Terukur berbasis kuota.",https://kkp.go.id/download-pdf-akuntabilitas-kinerja/akuntabilitas-kinerja-pelaporan-kinerja-laporan-kinerja-direktorat-jenderal-perikanan-tangkap-tahun-2025.pdf,kkp.go.id,True,True,True,OK,,3,0,3,laporan kinerja 2025 Kementerian Kelautan dan Perikanan proporsi tangkapan ikan batas biologis aman | proporsi tangkapan ikan batas biologis aman KKP 2025 kegiatan teknis [site:kkp.go.id] | kegiatan teknis pengelolaan perikanan berkelanjutan KKP 2025 batas biologis ikan [site:kkp.go.id],7942,377,9.01
20260917_150324,2026-09-17T15:13:36,watsonx-qwen3-30b-a3b-instruct-2507,serper,0.0,47,309,Pangan,KEMENTERIAN KELAUTAN DAN PERIKANAN,KP 02.22.03 - Volume produksi olahan perikanan,"3,71",juta ton,True,False,True,True,90,siaran_pers,2025,"Program berjalan, ditandai dengan pelaksanaan workshop daring untuk pengembangan produk olahan perikanan di tahun 2025 dan peluncuran produk hilirisasi perikanan oleh KKP, serta data produksi olahan yang dirilis hingga Oktober 2025.","Program berjalan dan capaiannya sudah dipublikasikan. Laporan Kinerja Tahun 2025 Direktorat Pengolahan, Ditjen PDSPKP (ditetapkan Januari 2026) mencantumkan Volume Produksi Olahan Perikanan sebagai indikator kinerja dengan target 3,71 juta ton dan realisasi prognosa 3,783 juta ton atau 101,89% dari target, serta menyebut capaian tersebut setara 86,49% terhadap target Renstra 2029 sebesar 4,37 juta ton.",https://kkp.go.id/news/news-detail/kkp-gencar-kenalkan-ratusan-produk-hilirisasi-kelautan-perikanan-qQB2.html,kkp.go.id,True,True,True,OK,,3,0,3,laporan kinerja 2025 Kementerian Kelautan dan Perikanan produksi olahan perikanan | produksi olahan perikanan 2025 Kementerian Kelautan dan Perikanan [site:kkp.go.id] | produksi olahan perikanan 2025 capaian KKP [site:kkp.go.id],7778,299,9.14
20260917_150324,2026-09-17T15:13:48,watsonx-qwen3-30b-a3b-instruct-2507,serper,0.0,48,319,Pendidikan,KEMENTERIAN KOORDINATOR BIDANG PEMBANGUNAN MANUSIA DAN KEBUDAYAAN,PN 04 - Rata - rata lama sekolah penduduk usia di atas 15 tahun,"9,33",Tahun,True,False,False,False,90,bps_setkab,2025,"Program belum berjalan, ditandai dengan tidak ditemukannya bukti kegiatan konkret, laporan kinerja 2025, atau siaran pers dari Kemenko PMK yang melaporkan pelaksanaan kegiatan terkait peningkatan rata-rata lama sekolah penduduk usia di atas 15 tahun pada tahun 2025. Data yang muncul berasal dari BPS tahun 2025, tetapi tidak menunjukkan adanya program pemerintah aktif yang mengelola indikator tersebut.","Program berjalan, ditandai dengan terkonfirmasinya pengukuran dan publikasi rata-rata lama sekolah penduduk umur 15 tahun ke atas oleh Badan Pusat Statistik, dengan angka nasional tercatat sebesar 9,41 tahun sebagaimana ditampilkan pada tabel statistik resmi BPS menurut provinsi. Angka tersebut setara dengan penduduk Indonesia rata-rata menempuh pendidikan hingga menamatkan jenjang SMP atau sederajat. Capaian ini juga disampaikan Kepala BPS dalam peluncuran Indeks Daya Saing Daerah (IDSD) 2025, yang sekaligus menyoroti ketimpangan antarwilayah, dengan DKI Jakarta tercatat tertinggi pada 11,58 tahun dan Papua Pegunungan terendah pada 4,76 tahun. Pengukuran dilakukan secara rutin dan tersedia dalam rincian per provinsi, sementara pembandingan terhadap target nasional tidak dicantumkan dalam tabel statistik tersebut.",https://www.bps.go.id/id/statistics-table/2/MTQzMCMy/rata-rata-lama-sekolah-penduduk-umur-15-tahun-ke-atas-menurut-klasifikasi-desa.html,www.bps.go.id,True,True,True,OK,,3,0,3,laporan kinerja 2025 Kemenko PMK rata rata lama sekolah penduduk di atas 15 tahun | laporan kinerja 2025 Kemenko PMK rata rata lama sekolah penduduk di atas 15 tahun [site:kemenkopmk.go.id] | siaran pers Kemenko PMK 2025 rata rata lama sekolah penduduk di atas 15 tahun [site:kemenkopmk.go.id],8011,410,12.44
20260917_150324,2026-09-17T15:14:00,watsonx-qwen3-30b-a3b-instruct-2507,serper,0.0,49,324,Industri,"KEMENTERIAN USAHA MIKRO, KECIL, DAN MENENGAH",KP 03.03.02 - Proporsi kredit UMKM terhadap kredit perbankan,"21,6",persen,True,False,True,True,90,siaran_pers,2025,"Program berjalan, ditandai dengan siaran pers Kemenkop UKM pada November 2025 yang menyebutkan penyaluran Kredit Usaha Rakyat (KUR) telah mencapai Rp238,7 triliun atau 83,2 persen dari plafon tahun 2025, menunjukkan aktivitas penyaluran kredit UMKM secara konkret selama tahun 2025.","Program berjalan, ditandai dengan penerbitan POJK Nomor 19 Tahun 2025 tentang Kemudahan Akses Pembiayaan kepada UMKM sebagai instrumen kebijakan pendukung. Data realisasi: menurut siaran pers OJK 10 Maret 2026 (Kepala Eksekutif Pengawas Perbankan OJK Dian Ediana Rae), penyaluran kredit UMKM per Januari 2026 tercatat Rp1.482,9 triliun atau sekitar 17,33 persen dari total penyaluran kredit/pembiayaan dan mengalami moderasi 0,53 persen (yoy). Angka 17,33 persen ini jauh di bawah target indikator 21,6 persen untuk 2025 dan menunjukkan tren menurun, sehingga program berjalan tetapi capaian indikator belum memenuhi target.",https://umkm.go.id/news/i5dil4qdikf6iy2hk68ab9y4,umkm.go.id,True,True,True,OK,,3,0,3,laporan kinerja 2025 KEMENTERIAN USAHA MIKRO KECIL DAN MENENGAH kredit UMKM perbankan | laporan kinerja 2025 KEMENTERIAN USAHA MIKRO KECIL DAN MENENGAH kredit UMKM perbankan [site:umkm.go.id] | siaran pers KEMENTERIAN USAHA MIKRO KECIL DAN MENENGAH 2025 kredit UMKM perbankan [site:umkm.go.id],8072,355,12.31
20260917_150324,2026-09-17T15:14:12,watsonx-qwen3-30b-a3b-instruct-2507,serper,0.0,50,326,Sosial,KEMENTERIAN PEMBERDAYAAN PEREMPUAN DAN PERLINDUNGAN ANAK,PP 04.17 - Indeks Pemenuhan Hak Anak,"67,57",Indeks,True,False,False,False,90,tidak_ada,2026,"Program belum berjalan, ditandai dengan tidak ditemukannya bukti konkret pelaksanaan kegiatan pemerintah terkait Indeks Pemenuhan Hak Anak pada tahun 2025 di dokumen LKj 2025 KemenPPPA atau sumber resmi lainnya. Hanya terdapat dokumen LAKIP tahun 2025 yang disebutkan secara umum, tanpa rincian capaian indikator atau kegiatan teknis.","Program berjalan, ditandai dengan terselenggaranya siklus penuh evaluasi Kabupaten/Kota Layak Anak sepanjang 2025 mulai dari verifikasi lapangan hingga verifikasi final di seluruh provinsi, yang berpuncak pada penganugerahan penghargaan kepada ratusan daerah. Pada 8 Agustus 2025 KemenPPPA menganugerahkan Penghargaan Kabupaten/Kota Layak Anak 2025 kepada 355 kabupaten/kota (22 Utama, 69 Nindya, 125 Madya, 139 Pratama) dan Penghargaan Provinsi Layak Anak kepada 13 provinsi. Tahapan evaluasi pada 2025 mencakup verifikasi lapangan secara hibrida maupun kunjungan langsung serta verifikasi final yang diselenggarakan di 38 provinsi, dan KLA kini telah masuk dalam RPJMN 2025-2029. Nilai IPHA agregat nasional Tahun 2025 belum dipublikasikan; publikasi indeks nasional terakhir yang tersedia di laman KemenPPPA masih memuat capaian sampai Tahun 2023. Meski demikian, penghitungan dan publikasi IPHA untuk periode 2025 sudah mulai berjalan di tingkat daerah melalui portal data resmi pemerintah daerah, contohnya dataset Indeks Perlindungan Anak (mencakup IPHA) milik Dinas PPAPP Provinsi DKI Jakarta yang tayang di Satu Data Indonesia sejak Desember 2025, serta dataset Indeks Pemenuhan Hak Anak (IPHA) Tahun 2025 pada portal Open Data Kabupaten Kubu Raya.",https://www.kemenpppa.go.id/index.php?p/Q3086423,www.kemenpppa.go.id,True,True,True,OK,,3,0,3,laporan kinerja 2025 KEMENTERIAN PEMBERDAYAAN PEREMPUAN DAN PERLINDUNGAN ANAK Indeks Pemenuhan Hak Anak | laporan kinerja 2025 KEMENTERIAN PEMBERDAYAAN PEREMPUAN DAN PERLINDUNGAN ANAK Indeks Pemenuhan Hak Anak [site:kemenpppa.go.id] | LAKIP Kementerian Pemberdayaan Perempuan dan Perlindungan Anak Tahun 2025 Indeks Pemenuhan Hak Anak [site:kemenpppa.go.id],7261,381,11.78
20260917_150324,2026-09-17T15:14:24,watsonx-qwen3-30b-a3b-instruct-2507,serper,0.0,51,335,Industri,KEMENTERIAN KOORDINATOR BIDANG PEREKONOMIAN,GNI Per Kapita,5410,USD,True,False,False,False,90,lkj,2025,"Program belum berjalan, ditandai dengan tidak ditemukannya bukti konkret pelaksanaan kegiatan pemerintah terkait peningkatan GNI per kapita pada tahun 2025 dalam dokumen LAKIP 2025, siaran pers resmi, atau sumber lain yang mengonfirmasi kegiatan fisik atau teknis. Hanya terdapat target dan rencana strategis tanpa indikasi pelaksanaan nyata.","Program berjalan, ditandai dengan indikator yang terpantau melalui rilis resmi BPS dan Bank Dunia, dengan capaian di bawah target 2025. BPS mencatat PDB Indonesia atas dasar harga berlaku tahun 2025 mencapai Rp23.821,1 triliun dengan PDB per kapita Rp83,7 juta atau USD 5.083,4, dan pertumbuhan ekonomi 5,11 persen. Dari sisi klasifikasi internasional, Bank Dunia menetapkan ambang upper middle income untuk tahun fiskal 2027 pada GNI per kapita USD 4.636 sampai USD 14.375 berdasarkan data 2025, dan Indonesia tetap berada pada kelompok upper middle income. Angka GNI per kapita metode Atlas tahun 2025 untuk Indonesia belum dipublikasikan pemerintah sebagai capaian indikator.",https://kinerja.ekon.go.id/perencanaan/download/lakip-1501-2025-1MucL.pdf,kinerja.ekon.go.id,True,True,True,OK,,3,0,3,laporan kinerja 2025 Kementerian Koordinator Bidang Perekonomian GNI per kapita | laporan kinerja 2025 Kementerian Koordinator Bidang Perekonomian GNI per kapita [site:ekon.go.id] | LAKIP 2025 Kemenko Perekonomian GNI per kapita capaian [site:kinerja.ekon.go.id],7284,348,12.19
20260917_150324,2026-09-17T15:14:33,watsonx-qwen3-30b-a3b-instruct-2507,serper,0.0,52,337,Energi,KEMENTERIAN KOORDINATOR BIDANG PEREKONOMIAN,PN 02 - Indeks Ketahanan Energi,"6,77",Indeks,True,False,False,False,90,lkj,2025,"Program belum berjalan, ditandai dengan tidak ditemukannya bukti konkret pelaksanaan kegiatan pemerintah terkait Indeks Ketahanan Energi pada tahun 2025 di dokumen LKj/LAKIP 2025 Kemenko Perekonomian, meskipun indikator tersebut tercantum dalam renstra. Tidak ada siaran pers, laporan triwulan, atau data capaian aktual yang menyebutkan progres atau kegiatan teknis di tahun 2025.","Program berjalan dan indikatornya sudah diukur serta dilaporkan resmi. Laporan Kinerja Kementerian ESDM 2025 mencatat realisasi Indeks Ketahanan Energi Nasional Tahun 2025 sebesar 70,40 dengan capaian 96,40 persen terhadap target Perjanjian Kinerja sebesar 73,03. Angka tersebut disajikan dalam skala 100 sebagai hasil transformasi formula baru, sehingga setara sekitar 7,04 pada skala 10 (mekanisme konversi yang sama digunakan pada Indeks Kemandirian Energi, di mana hasil perhitungan 6,72 skala 10 dikonversi menjadi 67,20 skala 100). Sebagai konteks baseline, Dewan Energi Nasional sebelumnya mencatat indeks ketahanan energi Indonesia pada skor 6,64 dan masuk kategori ""tahan"". Perlu dicatat, Renstra Kementerian ESDM 2025-2029 baru ditetapkan pada 30 Desember 2025 melalui Permen ESDM Nomor 20 Tahun 2025, sehingga Perjanjian Kinerja 2025 masih mengacu pada informasi kinerja Renstra periode sebelumnya, dan penetapan nilai final dilakukan Setjen DEN. Angka versi Kemenko Perekonomian sebagai KL pengampu PN 02 belum ditemukan publikasinya secara terpisah.",https://kinerja.ekon.go.id/perencanaan/download/lakip-1501-2025-1MucL.pdf,kinerja.ekon.go.id,True,True,True,OK,,3,0,3,laporan kinerja 2025 Kementerian Koordinator Bidang Perekonomian Indeks Ketahanan Energi | laporan kinerja 2025 Kementerian Koordinator Bidang Perekonomian Indeks Ketahanan Energi [site:kinerja.ekon.go.id] | Indeks Ketahanan Energi capaian 2025 Kemenko Perekonomian siaran pers [site:kinerja.ekon.go.id],7571,376,8.69
20260917_150324,2026-09-17T15:14:43,watsonx-qwen3-30b-a3b-instruct-2507,serper,0.0,53,354,Birokrasi,KEMENTERIAN HUKUM,KP 07.02.01 - Indeks Kualitas Peraturan Perundang-undangan,"3,26",Indeks,True,False,True,True,90,media,2025,"Program berjalan, ditandai dengan sosialisasi pedoman penilaian Indeks Reformasi Hukum 2025 oleh Kanwil Kemenkum Hukum Bali pada 19 Mei 2025, serta pelaporan realisasi Indeks Kualitas Peraturan Perundang-undangan sebesar 3,78 dalam Laporan Kinerja Kemenkum 2025 yang terbit awal 2026.","Program berjalan dan melampaui target, ditandai dengan capaian kinerja Indeks Kualitas Peraturan Perundang-undangan sebesar 3,78 dari target 3,25 (capaian 116,30%) sebagaimana dilaporkan dalam Laporan Kinerja (LKjIP) Kementerian Hukum Tahun 2025. Capaian ini didukung oleh optimalisasi tahapan pembentukan peraturan perundang-undangan, mulai dari perencanaan, penyusunan, pembahasan, hingga pengundangan, serta penguatan koordinasi dengan kementerian/lembaga terkait dalam proses harmonisasi regulasi.",https://bali.kemenkum.go.id/berita-utama/kanwil-kementerian-hukum-bali-gelar-sosialisasi-pedoman-penilaian-indeks-reformasi-hukum-2025,bali.kemenkum.go.id,True,True,True,OK,,3,0,3,laporan kinerja 2025 KEMENTERIAN HUKUM dan HAK ASASI MANUSIA Indeks Kualitas Peraturan Perundang-undangan | Indeks Kualitas Peraturan Perundang-undangan 2025 KEMENTERIAN HUKUM [site:kemenkum.go.id] | Sosialisasi Pedoman Penilaian Indeks Reformasi Hukum 2025 Kemenkum [site:bali.kemenkum.go.id],7765,381,10.25
20260917_150324,2026-09-17T15:14:51,watsonx-qwen3-30b-a3b-instruct-2507,serper,0.0,54,356,Infrastruktur,KEMENTERIAN PERHUBUNGAN,PP 03.01 - Jumlah perjalanan kereta api,"0,92",juta perjalanan,True,False,True,True,90,lkj,2025,"Program berjalan, ditandai dengan pencapaian target perjalanan kereta api sebesar 0,92 juta pada tahun 2025 yang tercantum dalam Laporan Kinerja 2025 Kemenko Infrastruktur, yang merujuk pada kinerja Kementerian Perhubungan sebagai pelaksana utama.","Program berjalan, ditandai dengan ditetapkan dan diberlakukannya Grafik Perjalanan Kereta Api (Gapeka) 2025 oleh DJKA per 1 Februari 2025, yang menambah jumlah perjalanan kereta api. Jumlah perjalanan KA penumpang antarkota naik sekitar 8% dibanding tahun sebelumnya, dari 226 menjadi 246 perjalanan per hari, disertai penambahan 28 perjalanan KA barang di Divre III Palembang dan Divre IV Tanjungkarang serta penambahan perjalanan Commuter Line di lintas dengan volume pengguna tinggi. Dampaknya terkonfirmasi pada sisi layanan: Menteri Perhubungan menyebut jumlah pengguna kereta api naik dari 500,5 juta penumpang pada 2024 menjadi hampir 550 juta pada 2025, sementara DJKA melaporkan ketersediaan angkutan umum perkotaan berbasis rel mencapai 2,82 juta penumpang per hari. Angka agregat nasional dalam satuan juta perjalanan untuk Tahun 2025 belum dipublikasikan.",https://e-ppid.kemenkoinfra.go.id/uploads/edip/4f7cccfb0b297fd01c54b7672cf179aa.pdf,e-ppid.kemenkoinfra.go.id,True,True,True,OK,,3,1,3,laporan kinerja 2025 Kementerian Perhubungan perjalanan kereta api | perjalanan kereta api 2025 Kemenhub jadwal KA frekuensi KA [site:hubud.kemenhub.go.id] | KAI jadwal KA 2025 frekuensi perjalanan kereta api [site:kai.id],6497,319,8.14
20260917_150324,2026-09-17T15:15:00,watsonx-qwen3-30b-a3b-instruct-2507,serper,0.0,55,361,Pertahanan,BADAN INTELIJEN NEGARA,KP 02.04.02 - Cakupan deteksi dini Intelijen,100,persen,True,False,True,True,85,lkj,2025,"Program berjalan, ditandai dengan pelaksanaan fungsi cegah tangkal dan intelijen siber yang mencakup deteksi dini, sebagaimana dicatat dalam Laporan Kinerja Interim Deputi Bidang Penindakan Triwulan III Tahun 2025 dari BIN.","Program tetap berjalan, ditandai dengan aktivitas deteksi dini yang dikonfirmasi langsung oleh pejabat BIN, termasuk pengakuan bahwa potensi kerusuhan dalam aksi unjuk rasa Agustus 2025 sudah terdeteksi lebih dulu, serta penguatan sistem peringatan dini lintas sektor lewat kerja sama resmi dengan kementerian/lembaga lain sepanjang Tahun 2025. Namun karena sifat kelembagaan BIN yang tertutup, tidak ditemukan publikasi resmi di domain bin.go.id yang memuat angka atau laporan capaian cakupan deteksi dini untuk Tahun 2025, jadi bukti yang ada sifatnya pernyataan pejabat/rilis lembaga mitra, bukan laporan statistik BIN sendiri.",https://intelijen.pom.go.id/storage/informasipublik/Laporan%20Kinerja%20Interim%20Deputi%20Bidang%20Penindakan%20Triwulan%20III%20Tahun%202025.pdf,intelijen.pom.go.id,True,True,True,OK,,3,1,3,laporan kinerja 2025 BIN deteksi dini intelijen | deteksi dini intelijen BIN 2025 [site:intelijen.pom.go.id] | kegiatan deteksi dini intelijen BIN 2025 [site:bin.go.id],6434,317,8.95
20260917_150324,2026-09-17T15:15:11,watsonx-qwen3-30b-a3b-instruct-2507,serper,0.0,56,362,Birokrasi,KEMENTERIAN KOORDINATOR BIDANG PEREKONOMIAN,"KP 02.09.06 - Persentase penyempurnaan standar, kebijakan, dan peraturan perundang-undangan yang mendukung percepatan keanggotaan Indonesia ke OECD (2025 - 2029)",20,Persen,True,False,True,True,90,siaran_pers,2025,"Program berjalan, ditandai dengan penyampaian memorandum awal oleh Indonesia kepada OECD pada Pertemuan Dewan Menteri OECD 2025 dan siaran pers resmi Kemenko Perekonomian pada September 2025 yang menyatakan komitmen Indonesia menuju keanggotaan OECD melalui harmonisasi regulasi dan kebijakan.","Program berjalan, ditandai dengan tercapainya tahapan konkret proses aksesi sepanjang 2025 yang substansinya memang berisi asesmen dan penyelarasan regulasi nasional terhadap instrumen hukum OECD. Initial Memorandum diserahkan kepada Sekjen OECD pada 3 Juni 2025, terdiri dari 32 bab yang mencakup asesmen regulasi, standar, dan praktik nasional terhadap 240 instrumen hukum OECD di 25 bidang kebijakan. Proses kemudian masuk tahap Technical Review, dengan koordinasi lewat Tim Nasional Aksesi OECD yang dibentuk melalui Keppres 30/2025 jo. Keppres 17/2024, dan rapat koordinasi lintas kementerian terus digelar hingga akhir 2025. Angka persentase capaiannya untuk 2025 belum dipublikasikan secara eksplisit.",https://www.ekon.go.id/publikasi/detail/6418/menko-airlangga-temui-sekjen-oecd-guna-serahkan-initial-memorandum-tegaskan-komitmen-indonesia-menuju-keanggotaan-oecd,www.ekon.go.id,True,True,True,OK,,3,0,3,laporan kinerja 2025 Kementerian Koordinator Bidang Perekonomian harmonisasi regulasi keanggotaan OECD | situs:ekon.go.id laporan kinerja 2025 Kementerian Koordinator Bidang Perekonomian harmonisasi regulasi OECD | situs:ekon.go.id siaran pers 2025 harmonisasi regulasi keanggotaan OECD Kemenko Perekonomian,7916,344,10.45
20260917_150324,2026-09-17T15:15:23,watsonx-qwen3-30b-a3b-instruct-2507,serper,0.0,57,366,Industri,KEMENTERIAN KOORDINATOR BIDANG PEREKONOMIAN,KP 05.02.03 - Nilai PMA dan PMA di KEK Galang Batang,"13,80",Triliun Rupiah,True,False,True,True,90,lkj,2025,"Program berjalan, ditandai dengan pencapaian nilai investasi di KEK Galang Batang yang dilaporkan dalam Laporan Capaian Kinerja Triwulan III Tahun 2025, yang menyatakan target kinerja capaian nilai investasi telah mencapai 100% sesuai Rencana Kerja Tahun 2025.","Program berjalan, ditandai dengan capaian investasi yang dilaporkan melampaui target 2025. Kepala Administrator KEK Galang Batang Vita Budhi Sulistyo menyatakan investasi di kawasan tersebut sepanjang 2025 mencapai sekitar Rp15,6 triliun dan menjadi penyumbang investasi terbesar di wilayah Bintan, dengan tambahan sekitar Rp4,08 triliun pada triwulan I 2026 serta penyerapan lebih dari 5.000 tenaga kerja. Data lain dari Administrator KEK menyebut realisasi investasi kumulatif mencapai Rp34 triliun dengan proyeksi Rp36,25 triliun pada 2027 dari 26 pelaku usaha, sehingga perlu dicermati apakah angka yang dipakai bersifat tahunan atau kumulatif.",https://kinerja.ekon.go.id/perencanaan/download/narasi_kinerja_tw3-2062-2025-seSjw.pdf,kinerja.ekon.go.id,True,True,True,OK,,3,0,3,laporan kinerja 2025 Kementerian Koordinator Bidang Perekonomian nilai PMA PMA KEK Galang Batang | capaian nilai PMA PMA KEK Galang Batang 2025 [site:ekon.go.id] | Laporan Kinerja Kemenko Perekonomian 2025 nilai PMA PMA KEK Galang Batang [site:ekon.go.id],7745,329,11.98
20260917_150324,2026-09-17T15:15:33,watsonx-qwen3-30b-a3b-instruct-2507,serper,0.0,58,376,Sosial,KEMENTERIAN LINGKUNGAN HIDUP/BADAN PENGENDALIAN LINGKUNGAN HIDUP,PP 02.17 - Indeks Daya Dukung dan Daya Tampung Lingkungan Hidup,567,Indeks,True,False,True,True,90,bappenas,2025,"Program berjalan, ditandai dengan dikeluarkannya Keputusan Menteri Lingkungan Hidup/Kepala BPLH Nomor 916 Tahun 2025 tentang Penetapan Daya Dukung dan Daya Tampung Lingkungan Hidup Nasional dan Pulau/Kepulauan, yang merupakan langkah konkret dalam pengelolaan lingkungan berbasis kapasitas ekosistem pada tahun 2025.","Program berjalan, ditandai dengan ditetapkannya kebijakan nasional D3TLH melalui keputusan menteri pada 2025 dan sudah adanya penetapan kebijakan D3TLH di tingkat provinsi. Pada 23 Juni 2025, KLH/BPLH resmi menetapkan kebijakan nasional mengenai batas kemampuan alam Indonesia dalam menopang pembangunan melalui Surat Keputusan Menteri Lingkungan Hidup/Kepala BPLH Nomor 916 Tahun 2025, dan sebanyak 12 provinsi telah menetapkan kebijakan D3TLH masing-masing, di antaranya Jawa Barat, DI Yogyakarta, Maluku, Kalimantan Timur, dan Gorontalo. KLH juga menerbitkan Statistik Lingkungan Hidup Volume I Tahun 2025 sebagai publikasi statistik tahunan resmi. Nilai indeks realisasi 2025 belum ditemukan dipublikasikan terpisah.",https://jdih.kemenlh.go.id/detail/keputusan-menteri-lingkungan-hidupkepala-badan-pengendalian-lingkungan-hidup-nomor-916-tahun-2025,jdih.kemenlh.go.id,True,True,True,OK,,3,1,3,laporan kinerja 2025 Kementerian Lingkungan Hidup Badan Pengendalian Lingkungan Hidup indeks daya dukung daya tampung lingkungan hidup | surat keputusan Menteri Lingkungan Hidup 916 Tahun 2025 daya dukung lingkungan [site:kemenlh.go.id] | indikator indeks daya dukung daya tampung lingkungan hidup 2025 LKj Kementerian Lingkungan Hidup [site:kemenlh.go.id],7164,403,10.13
20260917_150324,2026-09-17T15:15:42,watsonx-qwen3-30b-a3b-instruct-2507,serper,0.0,59,378,Industri,KEMENTERIAN LINGKUNGAN HIDUP/BADAN PENGENDALIAN LINGKUNGAN HIDUP,"PP 08.03 - Persentase penurunan potensi kerugian ekonomi akibat perubahan iklim terhadap PDB (%) pada empat sektor prioritas(kelautan dan pesisir, air, pertanian dan kesehatan",135,persen,True,False,True,True,90,siaran_pers,2025,"Program berjalan, ditandai dengan publikasi Rencana Adaptasi Perubahan Iklim Nasional oleh Kementerian Lingkungan Hidup/Badan Pengendalian Lingkungan Hidup pada Mei 2025 yang mencakup langkah konkret menghadapi dampak ekonomi perubahan iklim di sektor prioritas, termasuk perhitungan potensi kerugian terhadap PDB.","Program berjalan, ditandai dengan beroperasinya unit pengampu adaptasi iklim di KLH/BPLH sepanjang Tahun 2025 beserta pelaporan kinerjanya. KLH/BPLH menerbitkan Laporan Kinerja Tahun 2025 untuk unit Eselon II pada Januari 2026, termasuk Direktorat Adaptasi Perubahan Iklim di bawah Deputi Bidang Pengendalian Perubahan Iklim dan Tata Kelola Nilai Ekonomi Karbon. Pelaksanaan di tingkat tapak juga terdokumentasi melalui Program Kampung Iklim Tahun 2025, dengan 1.327 lokasi terdaftar pada Sistem Registri Nasional Pengendalian Perubahan Iklim yang tersebar di 33 provinsi, 163 kabupaten, dan 59 kota, dan Menteri LH mengaitkannya dengan penguatan ketahanan sektor air, pangan, energi, kesehatan, ekosistem, dan penanggulangan bencana sejalan dengan mandat NDC dan Peraturan Presiden Nomor 110 Tahun 2025. ProKlim di sini berfungsi sebagai indikasi program berjalan, bukan sebagai pengukuran indikator.",https://kemenlh.go.id/news/detail/rencana-adaptasi-perubahan-iklim-nasional-langkah-konkret-klhbplh-hadapi-bencana-hidrometeorologis,kemenlh.go.id,True,True,True,OK,,3,0,3,laporan kinerja 2025 Kementerian Lingkungan Hidup Badan Pengendalian Lingkungan Hidup perubahan iklim kerugian ekonomi mitigasi | laporan kinerja 2025 Kementerian Lingkungan Hidup perubahan iklim kerugian ekonomi [site:kemenlh.go.id] | rencana aksi adaptasi perubahan iklim 2025 Kementerian Lingkungan Hidup kerugian ekonomi [site:kemenlh.go.id],8940,380,9.22
20260917_150324,2026-09-17T15:15:51,watsonx-qwen3-30b-a3b-instruct-2507,serper,0.0,60,379,Birokrasi,KEJAKSAAN REPUBLIK INDONESIA,PP 07.04 - Persentase peningkatan pengendalian perkara,61,persen,True,False,True,True,90,siaran_pers,2025,"Program berjalan, ditandai dengan pelaksanaan manajemen kasus dan penyelesaian perkara secara aktif sepanjang 2025, terbukti dari capaian 2.080 perkara diselesaikan melalui pendekatan keadilan restoratif sejak Januari hingga Desember 2025, sebagaimana dilaporkan dalam laporan kinerja Kejaksaan RI.","Program berjalan dan sudah ada angka capaiannya, ditandai dengan dilaporkannya indikator ini dalam dokumen kinerja resmi Kejaksaan Tahun 2025. Dalam laporan kinerja yang memuat capaian Kejaksaan RI, indikator Persentase peningkatan pengendalian perkara tercatat terealisasi 83,75 persen dari target Perjanjian Kinerja 2025 sebesar 70 persen, jauh di atas target RPJMN 2025 sebesar 61 persen. Dokumen perencanaan Kejaksaan juga secara eksplisit menurunkan Kegiatan Pembangunan RPJMN berupa Penguatan Kelembagaan dan Fungsi Penuntut Umum sebagai Pengendali Perkara ke dalam tiga proyek priorita",https://badiklat.kejaksaan.go.id/berita/s/capaian-kinerja-kejaksaan-ri-sepanjang-tahun-2025-bc174,badiklat.kejaksaan.go.id,True,True,True,OK,,3,0,3,laporan kinerja 2025 kejaksaan republik indonesia pengendalian perkara manajemen kasus | pengendalian perkara kejaksaan 2025 manajemen kasus [site:kejaksaan.go.id] | manajemen kasus kejaksaan 2025 capaian pengendalian perkara [site:badiklat.kejaksaan.go.id],7256,352,8.63
20260917_150324,2026-09-17T15:16:04,watsonx-qwen3-30b-a3b-instruct-2507,serper,0.0,61,381,Sosial,KEMENTERIAN DALAM NEGERI,PP 04.17 - Persentase anak berusia 0-4 tahun yang memiliki akta kelahiran,96,persen,True,False,True,True,90,siaran_pers,2025,"Program berjalan, ditandai dengan pencapaian 96,02 persen kepemilikan akta kelahiran bagi anak usia 0-4 tahun oleh Ditjen Dukcapil Kemendagri, sebagaimana dilaporkan dalam siaran pers resmi pada 2025.","Program berjalan, ditandai dengan pemaparan capaian kinerja Ditjen Dukcapil untuk tahun anggaran 2025 dalam forum resmi kementerian. Dalam Rakornas Dukcapil 2026 di Jakarta pada 3 Agustus 2026, Dirjen Dukcapil memaparkan bahwa kepemilikan akta kelahiran anak usia 0-4 tahun mencapai 96,02 persen, sedikit di atas target 2025 sebesar 96. Sepanjang 2025, Dukcapil menerbitkan 7,1 juta akta kelahiran, dengan realisasi anggaran 99,42 persen dari pagu Rp1,195 triliun, dan layanan jemput bola melalui GISA, pelayanan tanggap bencana, serta layanan bagi penyandang disabilitas terus diperluas.",https://dukcapil.kemendagri.go.id/blog/read/ditjen-dukcapil-lampaui-target-kinerja-2025-layanan-data-kependudukan-kian-terintegrasi,dukcapil.kemendagri.go.id,True,True,True,OK,,3,1,3,laporan kinerja 2025 KEMENTERIAN DALAM NEGERI akta kelahiran anak 0-4 tahun | siaran pers KEMENTERIAN DALAM NEGERI akta kelahiran anak 0-4 tahun 2025 [site:dukcapil.kemendagri.go.id] | e-Monev Bappenas indikator akta kelahiran anak 0-4 tahun 2025 [site:emonev.bappenas.go.id],6775,341,13.18
20260917_150324,2026-09-17T15:16:14,watsonx-qwen3-30b-a3b-instruct-2507,serper,0.0,62,384,Birokrasi,KEMENTERIAN DALAM NEGERI,PP 07.09 - Indeks Penerapan Standar Pelayanan Minimal (SPM),88,Indeks,True,False,True,True,90,siaran_pers,2025,"Program berjalan, ditandai dengan pelaporan penerapan SPM oleh 470 daerah hingga triwulan III 2025 melalui aplikasi e-SPM dan capaian rata-rata nasional sebesar 68,76% pada periode tersebut, sesuai laporan resmi Kemendagri.","Program berjalan, ditandai dengan tercatatnya peningkatan capaian Indeks Penerapan Standar Pelayanan Minimal (IP-SPM) secara nasional, yang mencapai rata-rata 68,76% (kategori ""Tuntas Muda"") hingga Triwulan III Tahun 2025, sebagaimana disampaikan Direktur Jenderal Bina Pembangunan Daerah Kementerian Dalam Negeri dalam rangkaian Rapat Koordinasi Nasional Capaian dan Pelaporan SPM Tahun 2025 di beberapa wilayah. Hingga periode tersebut, sebagian besar daerah (470 dari 547 daerah, atau 85,9%) telah melaporkan pelaksanaan SPM melalui aplikasi e-SPM, dan pemerintah pusat turut mendorong keberlanjutan program melalui pemberian penghargaan (SPM Awards) bagi daerah berkinerja terbaik. Angka capaian resmi akhir tahun 2025 (LKjIP) belum dipublikasikan, sehingga belum dapat dipastikan apakah target tahun 2025 sebesar 88 telah tercapai secara penuh.",http://bangda.kemendagri.go.id/berita/baca_kontent/1591/restuardy_daud_spm_jadi_kunci_pemerintah_daerah_tingkatkan_layanan_dasar,bangda.kemendagri.go.id,True,True,True,OK,,3,0,3,laporan kinerja 2025 KEMENTERIAN DALAM NEGERI Indeks Penerapan Standar Pelayanan Minimal SPM | laporan kinerja 2025 KEMENTERIAN DALAM NEGERI SPM daerah [site:kemendagri.go.id] | Kemendagri triwulan III 2025 penerapan SPM daerah capaian [site:kemendagri.go.id],7900,341,10.02
20260917_150324,2026-09-17T15:16:23,watsonx-qwen3-30b-a3b-instruct-2507,serper,0.0,63,390,Sosial,KEMENTERIAN LUAR NEGERI,PP 07.16 - Persentase penyelesaian kasus WNI di luar negeri,87,persen,True,False,True,True,90,lkj,2025,"Program berjalan, ditandai dengan realisasi penyelesaian kasus WNI di luar negeri yang dilaporkan dalam LKj 2025 Kemenlu, termasuk capaian 99,13% di KJRI Jeddah dan penanganan ratusan kasus oleh KBRI Phnom Penh pada triwulan pertama 2025.","Program berjalan, ditandai dengan terkonfirmasinya penanganan dan penyelesaian kasus WNI secara nyata sepanjang Tahun 2025. Pemerintah memulangkan 554 WNI korban TPPO penipuan daring dari wilayah konflik Myawaddy, Myanmar, dalam dua tahap pada 18 dan 19 Maret 2025, dengan Tim Pelindungan WNI Kemlu bersama KBRI Bangkok dan Yangon serta Hubinter Polri melakukan identifikasi dan pengawalan sejak dari Myawaddy hingga tiba di tanah air, termasuk proses National Referral Mechanism untuk identifikasi korban TPPO. Penanganan serupa berlanjut di Kamboja, di mana KBRI Phnom Penh mendampingi ratusan WNI yang terkait sindikat penipuan daring pada Oktober 2025. Renstra Direktorat Pelindungan WNI juga mencatat realisasi berjalan, antara lain pemulangan 264 deportan kelompok rentan dari Malaysia pada gelombang pertama Agustus 2025 dan 58.641 lapor diri terverifikasi melalui Portal Peduli WNI pada Januari sampai Juli 2025. Secara agregat, Menlu Sugiono menyampaikan dalam PPTM 2026 pada 14 Januari 2026 bahwa sepanjang 2025 Indonesia memulangkan 27.768 WNI dari berbagai situasi krisis. Angka persentase penyelesaian kasus Tahun 2025 sendiri belum ditemukan dipublikasikan; target 2025 sebesar 87 persen dan metode penghitungannya (gabungan kasus khusus berbobot 0,55 dan kasus umum berbobot 0,45, bersumber dari Portal Peduli WNI) tercantum dalam dokumen kinerja Dit. PWNI.",https://kemlu.go.id/files/submenu/additional_file/17835202256a4e5be1ae83c_Draf_LkJ_2025_publikasi.pdf,kemlu.go.id,True,True,True,OK,,3,0,3,laporan kinerja 2025 KEMENTERIAN LUAR NEGERI kasus WNI penyelesaian perlindungan hukum | penyelesaian kasus WNI 2025 KEMENTERIAN LUAR NEGERI [site:kemlu.go.id] | realisasi penyelesaian kasus WNI 2025 KEMENTERIAN LUAR NEGERI LKj [site:kemlu.go.id],7782,353,9.34
20260917_150324,2026-09-17T15:16:33,watsonx-qwen3-30b-a3b-instruct-2507,serper,0.0,64,396,Sosial,KEMENTERIAN PEMBERDAYAAN PEREMPUAN DAN PERLINDUNGAN ANAK,KP 04.17.01 - Persentase anak usia 13-17 tahun yang beranggapan mendapatkan dukungan keluarga,"78,03",Persen,True,False,False,False,90,tidak_ada,tidak_ada,"Program belum berjalan, ditandai dengan tidak ditemukannya bukti konkret kegiatan pemerintah, laporan kinerja 2025, atau siaran pers resmi KemenPPPA yang mencatat pelaksanaan program terkait dukungan keluarga untuk anak usia 13-17 tahun pada tahun 2025.","Program berjalan, ditandai dengan terkonfirmasinya pelaksanaan penguatan layanan berbasis keluarga melalui PUSPAGA dan pengembangan Ruang Bersama Indonesia sepanjang 2025 di berbagai daerah. Bimbingan Teknis Dukungan Kesehatan Mental dan Psikososial yang merupakan rangkaian Child Women Protection Management Program (CWPMP) Tahun 2025 dilaksanakan pada 18 Februari 2025 untuk memperkuat kapasitas tenaga layanan PUSPAGA dalam pengasuhan dan dukungan kepada anak dan keluarga. Ruang Bersama Indonesia sebagai program prioritas KemenPPPA telah diimplementasikan di tujuh titik yang mewakili lima zona di Indonesia, dengan target 138 desa/kelurahan ramah perempuan dan anak bertransformasi menjadi RBI, dan peresmian RBI juga dilakukan di daerah lain sepanjang 2025, contohnya di Balikpapan pada 30 Agustus 2025. Realisasi indikator 2025 belum tersedia karena angkanya bersumber dari SNPHAR yang bersifat periodik, dengan gelombang terakhir dilaksanakan 2024.",,,False,False,True,OK,,3,1,3,laporan kinerja 2025 KEMENTERIAN PEMBERDAYAAN PEREMPUAN DAN PERLINDUNGAN ANAK persentase anak usia 13-17 tahun dukungan keluarga | laporan kinerja 2025 KEMENTERIAN PEMBERDAYAAN PEREMPUAN DAN PERLINDUNGAN ANAK dukungan keluarga anak usia 13-17 tahun [site:kemenpppa.go.id] | siaran pers KEMENTERIAN PEMBERDAYAAN PEREMPUAN DAN PERLINDUNGAN ANAK 2025 program dukungan keluarga anak usia 13-17 tahun [site:kemenpppa.go.id],6918,353,9.74
20260917_150324,2026-09-17T15:16:43,watsonx-qwen3-30b-a3b-instruct-2507,serper,0.0,65,397,Sosial,KEMENTERIAN PEMBERDAYAAN PEREMPUAN DAN PERLINDUNGAN ANAK,KP 04.17.01 - Proporsi anak usia 13 - 17 tahun yang mengalami masalah kesehatan jiwa selama 30 hari terakhir,"7,06",Persen,True,False,True,True,90,siaran_pers,2025,"Program berjalan, ditandai dengan kegiatan finalisasi program untuk remaja yang mengalami masalah kesehatan mental pada 9 September 2025, yang diselenggarakan oleh Kemen PPPA.","Program berjalan, ditandai dengan terselenggaranya kegiatan penguatan kapasitas tenaga layanan daerah di bidang dukungan kesehatan mental dan psikososial anak pada 2025 serta berlanjutnya kampanye deteksi dini kesehatan mental anak oleh KemenPPPA. Bimtek Dukungan Kesehatan Mental dan Psikososial sebagai rangkaian CWPMP Tahun 2025 diikuti tenaga layanan PUSPAGA, dengan penekanan pada pemahaman dukungan kesehatan mental, teknik konseling efektif, serta identifikasi dan penanganan masalah psikososial. KemenPPPA juga aktif mendorong kemampuan deteksi dini kesehatan mental anak oleh orang tua, keluarga terdekat, dan guru, termasuk mengenali perubahan perilaku seperti penurunan motivasi belajar, penarikan diri secara sosial, dan tekanan psikologis akibat kekerasan atau perundungan.",https://www.kemenpppa.go.id/index.php?p/Q3086423,www.kemenpppa.go.id,True,True,True,OK,,3,0,3,laporan kinerja 2025 KEMENTERIAN PEMBERDAYAAN PEREMPUAN DAN PERLINDUNGAN ANAK Kesehatan Jiwa remaja | LAKIP Kementerian Pemberdayaan Perempuan dan Perlindungan Anak Tahun 2025 [site:kemenpppa.go.id] | program kesehatan jiwa remaja 2025 Kemen PPPA [site:kemenpppa.go.id],8014,286,9.49
20260917_150324,2026-09-17T15:16:53,watsonx-qwen3-30b-a3b-instruct-2507,serper,0.0,66,417,Sosial,KEMENTERIAN PEMBERDAYAAN PEREMPUAN DAN PERLINDUNGAN ANAK,KP 04.17.02 - Prevalensi anak usia 13-17 tahun yang mengalami kekerasan seksual kontak dalam 12 bulan terakhir,"Laki-laki: 1,42;
Perempuan:2,25",Persen,True,False,False,False,90,tidak_ada,tidak_ada,"Program belum berjalan, ditandai dengan tidak ditemukannya bukti konkret pelaksanaan kegiatan pemerintah terkait pengurangan prevalensi kekerasan seksual pada anak usia 13-17 tahun di tahun 2025 dalam dokumen LKj 2025, siaran pers resmi KemenPPPA, atau sumber resmi lainnya. Hanya ditemukan data statistik dan laporan tahun sebelumnya.","Program berjalan, ditandai dengan tersedianya baseline resmi dari survei nasional dan terkonfirmasinya pelaksanaan program pencegahan serta layanan penanganan kekerasan terhadap anak sepanjang 2025. Hasil SPHPN dan SNPHAR 2024 ditetapkan sebagai data baseline untuk RPJMN 2025-2029, dan kedua survei tersebut dirilis KemenPPPA pada 8 Oktober 2024 bekerja sama dengan BPS, Lembaga Demografi UI, dan Politeknik Kesejahteraan Sosial Bandung. Sepanjang 2025 layanan dan program pencegahan berjalan, antara lain pembentukan UPTD PPA yang hingga Oktober 2025 telah mencapai 389 dari 552 daerah atau setara 73 persen, serta kegiatan pencegahan berbasis sekolah seperti Boys Training and Capacity Building yang diikuti pelajar dari 12 SMA dan SMK.",tidak_ada,,False,False,True,OK,,3,0,3,laporan kinerja 2025 KEMENTERIAN PEMBERDAYAAN PEREMPUAN DAN PERLINDUNGAN ANAK prevalensi anak kekerasan seksual kontak 2025 | kekerasan seksual anak 13-17 tahun 2025 KemenPPPA siaran pers [site:kemenpppa.go.id] | Laporan Kinerja KemenPPPA 2025 prevalensi kekerasan seksual anak 13-17 tahun [site:kemenpppa.go.id],6754,342,9.93
20260917_150324,2026-09-17T15:17:04,watsonx-qwen3-30b-a3b-instruct-2507,serper,0.0,67,420,Sosial,KEMENTERIAN PEMBERDAYAAN PEREMPUAN DAN PERLINDUNGAN ANAK,KP 04.19.01 - Proporsi perempuan pernah kawin umur 15-49 tahun yang saat melahirkan anak lahir hidup pertama berumur kurang dari 20 tahun,255,Persen,True,False,False,False,90,lkj,2025,"Program belum berjalan, ditandai dengan tidak ditemukannya bukti konkret pelaksanaan kegiatan pemerintah terkait indikator melahirkan dini perempuan usia subur pada tahun 2025 dalam dokumen LAKIP Kemen PPPA 2025, laporan kinerja K/L, atau siaran pers resmi. Hanya ditemukan dokumen yang menyebutkan adanya indikator tanpa pelaporan capaian atau kegiatan teknis.","Program berjalan, ditandai dengan berlanjutnya pelaksanaan Strategi Nasional Pencegahan Perkawinan Anak dan terdokumentasinya intervensi di sejumlah daerah sepanjang 2025. KemenPPPA mencatat praktik baik pencegahan perkawinan anak di enam wilayah pada tahun 2025, yaitu Kota Palu, Jakarta Utara, Kabupaten Garut, Cirebon, Sigi, dan Lombok Timur, dan mendiseminasikannya pada 26 November 2025. Pada kesempatan yang sama disampaikan bahwa berdasarkan data BPS 2025, angka perkawinan anak turun dari 6,92 persen pada 2023 menjadi 5,90 persen pada 2024, meski empat provinsi justru mengalami kenaikan. KemenPPPA juga memperkuat sinergi dengan Badan Peradilan Agama Mahkamah Agung melalui Nota Kesepahaman tentang Perlindungan Perempuan dan Anak dalam Penanganan Perkara Dispensasi Kawin dan Perceraian.",https://kemenpppa.go.id/index.php/dokumen-kinerja/lakip-kementerian-pemberdayaan-perempuan-dan-perlindungan-anak-tahun-2025,kemenpppa.go.id,True,True,True,OK,,3,0,3,laporan kinerja 2025 KEMENTERIAN PEMBERDAYAAN PEREMPUAN DAN PERLINDUNGAN ANAK proporsi perempuan pernah kawin umur 15-49 tahun melahirkan anak pertama di bawah 20 tahun | laporan kinerja 2025 KEMENTERIAN PEMBERDAYAAN PEREMPUAN DAN PERLINDUNGAN ANAK melahirkan dini usia subur [site:kemenpppa.go.id] | LAKIP Kementerian Pemberdayaan Perempuan dan Perlindungan Anak tahun 2025 melahirkan dini perempuan usia subur [site:kemenpppa.go.id],7500,429,11.44
20260917_150324,2026-09-17T15:17:13,watsonx-qwen3-30b-a3b-instruct-2507,serper,0.0,68,423,Sosial,KEMENTERIAN PEMBERDAYAAN PEREMPUAN DAN PERLINDUNGAN ANAK,KP 04.19.02 - Persentase perempuan di posisi managerial,"38,68",Persen,True,False,False,False,90,tidak_ada,tidak_ada,"Program belum berjalan, ditandai dengan tidak ditemukannya bukti konkret pelaksanaan kegiatan pemberdayaan perempuan di posisi manajerial dalam LAKIP 2025, siaran pers resmi, atau laporan kinerja tahun 2025 yang menyebutkan capaian atau kegiatan nyata terkait indikator ini.","Program berjalan, ditandai dengan tersedianya data resmi BPS untuk indikator ini hingga tahun 2025. Berdasarkan Tabel Proporsi Perempuan yang Berada di Posisi Managerial Menurut Provinsi (BPS), realisasi nasional pada 2025 tercatat sebesar 36,68 persen.",,,False,False,True,OK,,3,2,3,laporan kinerja 2025 KEMENTERIAN PEMBERDAYAAN PEREMPUAN DAN PERLINDUNGAN ANAK persentase perempuan posisi managerial | LAKIP Kementerian Pemberdayaan Perempuan dan Perlindungan Anak tahun 2025 persentase perempuan posisi managerial [site:kemenpppa.go.id] | siaran pers Kementerian Pemberdayaan Perempuan dan Perlindungan Anak 2025 pemberdayaan perempuan posisi manajerial [site:kemenpppa.go.id],6518,330,9.05
20260917_150324,2026-09-17T15:17:24,watsonx-qwen3-30b-a3b-instruct-2507,serper,0.0,69,428,Sosial,KEMENTERIAN PEMBERDAYAAN PEREMPUAN DAN PERLINDUNGAN ANAK,KP 04.19.04 - Rasio kewirausahaan perempuan,"1,79",Persen,True,False,False,False,90,tidak_ada,2025,"Program belum berjalan, ditandai dengan tidak ditemukannya bukti konkret kegiatan pemerintah terkait rasio kewirausahaan perempuan pada tahun 2025 di dokumen LKj/LAKIP 2025 K/L, siaran pers resmi, atau sumber resmi lainnya. Hanya ditemukan tautan ke dokumen LAKIP 2025 tanpa isi yang menyebutkan capaian atau kegiatan nyata.","Program berjalan, ditandai dengan terkonfirmasinya pelaksanaan program pemberdayaan ekonomi dan kewirausahaan perempuan oleh KemenPPPA bersama kementerian lain dan mitra sepanjang 2025. KemenPPPA menjalankan Strategi Nasional Keuangan Inklusi Perempuan (SNKI-P), membentuk Koalisi Inklusi Keuangan Digital Perempuan, serta menyelenggarakan program pelatihan kewirausahaan, penguatan kapasitas usaha, dan mentoring bisnis bagi perempuan pelaku UMKM di berbagai daerah. Pada 28 Oktober 2025, Kemenko Pemberdayaan Masyarakat bersama KemenPPPA menegaskan komitmen memperkuat kolaborasi pemberdayaan ekonomi perempuan di desa melalui pengembangan UMKM. Nilai rasio kewirausahaan perempuan tahun 2025 belum ditemukan dipublikasikan secara terpisah.",https://kemenpppa.go.id/index.php/dokumen-kinerja/lakip-kementerian-pemberdayaan-perempuan-dan-perlindungan-anak-tahun-2025,kemenpppa.go.id,True,True,True,OK,,3,1,3,laporan kinerja 2025 KEMENTERIAN PEMBERDAYAAN PEREMPUAN DAN PERLINDUNGAN ANAK rasio kewirausahaan perempuan | LAKIP Kementerian Pemberdayaan Perempuan dan Perlindungan Anak tahun 2025 rasio kewirausahaan perempuan [site:kemenpppa.go.id] | siaran pers Kementerian Pemberdayaan Perempuan dan Perlindungan Anak 2025 wirausaha perempuan ekonomi kreatif [site:kemenpppa.go.id],6729,401,10.62
20260917_150324,2026-09-17T15:17:34,watsonx-qwen3-30b-a3b-instruct-2507,serper,0.0,70,430,Sosial,KEMENTERIAN PEMBERDAYAAN PEREMPUAN DAN PERLINDUNGAN ANAK,"KP 04.19.04 - Proporsi perempuan dewasa dan anak perempuan (umur 15-64 tahun) mengalami kekerasan (fisik,seksual,atau emosional) oleh pasangan atau mantan pasangan dalam 12 bulan terakhir","5,54",Persen,True,False,False,False,90,lkj,2025,"Program belum berjalan, ditandai dengan tidak ditemukannya bukti konkret pelaksanaan kegiatan pemerintah terkait penurunan kekerasan pasangan perempuan pada 2025 di dokumen resmi KemenPPPA, termasuk LAKIP 2025 yang tersedia hanya berisi rencana dan struktur, bukan capaian aktual.","Program berjalan, ditandai dengan terkonfirmasinya penanganan kasus dan kampanye pencegahan kekerasan terhadap perempuan yang berlangsung sepanjang Tahun 2025. Dalam keterangan pers 28 Oktober 2025, Menteri PPPA menyampaikan pihaknya menangani 25.627 kasus kekerasan dengan 27.325 korban selama satu tahun terakhir yang tercatat melalui SIMFONI PPA, mulai dari penjangkauan hingga pemulihan. Data SIMFONI PPA yang dikutip Pusiknas Bareskrim Polri pada periode yang sama menunjukkan mayoritas kasus, yaitu 14.795 kasus dengan 15.657 korban, terjadi di lingkungan rumah tangga, ranah yang menjadi sasaran indikator ini. Kanal layanan juga aktif: dalam Media Talk KemenPPPA 15 November 2025 dilaporkan penanganan kasus melalui SAPA 129 sepanjang Januari sampai Oktober 2025, dengan sebagian besar laporan masuk lewat kanal WhatsApp, disertai kampanye ""Berani Lapor, Negara Lindungi"". Pada 27 November 2025, KemenPPPA bersama Komnas Perempuan dan Dinas PPAPP DKI Jakarta menggelar kampanye 16 Hari Anti Kekerasan terhadap Perempuan di Pulau Tidung, Kepulauan Seribu, sebagai bagian dari rangkaian 16 HAKtP 25 November sampai 10 Desember 2025. Perluasan infrastruktur layanan juga berjalan, dengan pembentukan UPTD PPA mencapai 389 dari 552 daerah atau 73 persen per Oktober 2025.",https://kemenpppa.go.id/index.php/dokumen-kinerja/lakip-kementerian-pemberdayaan-perempuan-dan-perlindungan-anak-tahun-2025,kemenpppa.go.id,True,True,True,OK,,3,0,3,laporan kinerja 2025 KEMENTERIAN PEMBERDAYAAN PEREMPUAN DAN PERLINDUNGAN ANAK kekerasan pasangan perempuan 2025 | LAKIP Kementerian Pemberdayaan Perempuan dan Perlindungan Anak tahun 2025 kekerasan pasangan perempuan 2025 [site:kemenpppa.go.id] | KemenPPPA realisasi kegiatan 2025 kekerasan dalam rumah tangga korban [site:kemenpppa.go.id],7448,373,10.58
20260917_150324,2026-09-17T15:17:43,watsonx-qwen3-30b-a3b-instruct-2507,serper,0.0,71,433,Sosial,KEMENTERIAN PEMBERDAYAAN PEREMPUAN DAN PERLINDUNGAN ANAK,KP 04.19.04 - Prevalensi Perempuan yang mengalami P2GP,"43,86",Persen,True,False,False,False,90,tidak_ada,tidak_ada,"Program belum berjalan, ditandai dengan tidak ditemukannya bukti konkret kegiatan pemerintah terkait penurunan prevalensi P2GP pada tahun 2025 di dokumen LKj 2025 KemenPPPA, siaran pers resmi, atau sumber terpercaya lainnya. Hanya ditemukan referensi umum tentang P2GP di dokumen lain yang tidak menyebutkan pelaksanaan kegiatan spesifik tahun 2025.","Program berjalan, ditandai dengan terkonfirmasinya kegiatan pencegahan P2GP oleh KemenPPPA bersama mitra pembangunan pada 2025, khususnya melalui penguatan layanan PUSPAGA. Melalui Diskusi Survey Capacity Assessment PUSPAGA untuk Penyusunan Pedoman Teknis Layanan PUSPAGA untuk P2GP yang digelar pada Juni 2025, KemenPPPA bersama UNICEF membahas penyusunan modul edukasi untuk memperkuat peran PUSPAGA dalam pencegahan P2GP, diikuti sekitar 100 peserta secara hibrida dari kementerian/lembaga, organisasi profesi, tokoh agama, lembaga masyarakat, dan pengelola PUSPAGA berbagai daerah. Indikator terkait sunat perempuan juga sudah masuk dalam RPJMN 2025-2029 sehingga akan diturunkan ke dalam rencana strategis kementerian. Angka prevalensi 2025 belum ditemukan dipublikasikan.",,,False,False,True,OK,,3,1,3,laporan kinerja 2025 KEMENTERIAN PEMBERDAYAAN PEREMPUAN DAN PERLINDUNGAN ANAK prevalensi perempuan mengalami P2GP | laporan kinerja 2025 KEMENTERIAN PEMBERDAYAAN PEREMPUAN DAN PERLINDUNGAN ANAK P2GP [site:kemenpppa.go.id] | siaran pers KEMENTERIAN PEMBERDAYAAN PEREMPUAN DAN PERLINDUNGAN ANAK 2025 P2GP [site:kemenpppa.go.id],6554,352,9.03
20260917_150324,2026-09-17T15:17:52,watsonx-qwen3-30b-a3b-instruct-2507,serper,0.0,72,436,Birokrasi,KEMENTERIAN PENDAYAGUNAAN APARATUR NEGARA DAN REFORMASI BIROKRASI,KP 07.08.02 - Persentase instansi pemerintah (provinsi) dengan nilai akuntabilitas kinerja baik (kategori “B” ke atas),100,persen,True,False,True,True,90,siaran_pers,2025,"Program berjalan, ditandai dengan hasil evaluasi SAKIP tahun 2025 yang telah dilakukan oleh Kemenpan RB dan menunjukkan peningkatan kinerja di seluruh level pemerintahan, termasuk provinsi dengan nilai akuntabilitas kinerja baik (kategori B ke atas).","Program berjalan dan angkanya sudah dipublikasikan, ditandai dengan tuntasnya evaluasi SAKIP Tahun 2025 dan penyerahan hasilnya. Evaluasi 2025 dilakukan terhadap 94 kementerian/lembaga, 38 pemerintah provinsi, dan 507 pemerintah kabupaten/kota, dengan hasil 98,95 persen K/L, 92,11 persen provinsi, dan 88,39 persen kabupaten/kota telah mengimplementasikan SAKIP dengan predikat minimal baik. Rata-rata nilai SAKIP pemerintah provinsi tercatat 69,05. Untuk provinsi, capaian 92,11 persen ini masih di bawah target RPJMN 2025 sebesar 100 persen.",https://www.menpan.go.id/site/berita-foto/sakip-dan-zi-awards-2025,www.menpan.go.id,True,True,True,OK,,3,0,3,laporan kinerja 2025 Kemenpan RB SAKIP Provinsi akuntabilitas baik | evaluasi SAKIP 2025 hasil provinsi Kemenpan RB [site:menpan.go.id] | hasil evaluasi SAKIP 2025 provinsi nilai baik B ke atas Kemenpan RB [site:satudata.menpan.go.id],7076,297,8.95
20260917_150324,2026-09-17T15:18:03,watsonx-qwen3-30b-a3b-instruct-2507,serper,0.0,73,437,Sosial,KEMENTERIAN PEMBERDAYAAN PEREMPUAN DAN PERLINDUNGAN ANAK,KP 04.19.04 - Jumlah premepuan korban kekerasan (termasuk TPPO) yang dilaporkan melalui SIMFONI PPA,28.777-30.085,Persen,True,False,True,True,90,media,2025,"Program berjalan, ditandai dengan data pelaporan korban kekerasan melalui SIMFONI PPA yang tercatat sebanyak 35.025 kasus pada tahun 2025, sebagaimana disebutkan dalam laporan ringkasan di situs resmi Kemen PPPA.","Program berjalan dan sistem pencatatannya aktif sepanjang 2025, ditandai dengan terpublikasinya data SIMFONI PPA tahun 2025 oleh KemenPPPA serta peluncuran versi terbaru sistem tersebut. Berdasarkan data SIMFONI PPA pada 2025 tercatat 35.025 perempuan dan anak menjadi korban kekerasan, dan KemenPPPA meluncurkan SIMFONI PPA Versi 3.0 Manajemen Kasus yang diikuti 785 peserta dari petugas layanan pusat, Dinas PPPA, dan UPTD PPA seluruh Indonesia. Dalam keterangan pers 28 Oktober 2025, Menteri PPPA menyampaikan 25.627 kasus kekerasan dengan 27.325 korban tercatat melalui SIMFONI PPA dalam satu tahun terakhir. Pemilahan angka khusus korban perempuan sesuai definisi indikator belum ditemukan dipublikasikan secara terpisah.",https://infopublik.id/kategori/nasional-sosial-budaya/955382/simfoni-ppa-versi-3-perkuat-penanganan-kekerasan-perempuan-dan-anak,infopublik.id,False,True,True,OK,,3,0,3,laporan kinerja 2025 KEMENTERIAN PEMBERDAYAAN PEREMPUAN DAN PERLINDUNGAN ANAK data kekerasan SIMFONI PPA | simfoni ppa pelaporan korban kekerasan 2025 [site:kemenpppa.go.id] | LAKIP Kementerian Pemberdayaan Perempuan dan Perlindungan Anak tahun 2025 data SIMFONI PPA [site:kemenpppa.go.id],7402,347,10.37
20260917_150324,2026-09-17T15:18:13,watsonx-qwen3-30b-a3b-instruct-2507,serper,0.0,74,439,Birokrasi,KEMENTERIAN PERENCANAAN PEMBANGUNAN NASIONAL/BADAN PERENCANAAN PEMBANGUNAN NASIONAL (BAPPENAS),KP 07.08.02 - Persentase kegiatan prioritas utama dengan kinerja baik,70,persen,True,False,True,True,95,lkj,2025,"Program berjalan, ditandai dengan laporan kinerja Kementerian PPN/Bappenas 2025 yang menyatakan realisasi indikator 'Persentase Kegiatan Prioritas Utama dengan Kinerja Baik' sebesar 75,90%, melampaui target 70%.","Program berjalan, ditandai dengan terkonfirmasinya pengukuran dan pelaporan capaian indikator Persentase Kegiatan Prioritas Utama dengan Kinerja Baik pada Tahun 2025, dengan realisasi 75,90% dari target 70% (capaian 108,42%) sebagaimana tercantum dalam Laporan Kinerja Kementerian PPN/Bappenas Tahun 2025. Realisasi tersebut meningkat dibandingkan baseline Tahun 2024 sebesar 66,30% dan didukung oleh Rincian Output (RO) 6270.FAE.260 sebagai instrumen pelaksanaannya. Indikator ini merupakan salah satu komponen IKSS dari Sasaran Strategis terwujudnya efektivitas pengendalian perencanaan dan pelaksanaan pembangunan nasional, yang secara agregat terealisasi 83,69% dari target 73,50%. Aktivitas pengendalian dan pemantauan yang menjadi basis pengukuran juga terkonfirmasi berjalan melalui penyelenggaraan pelaporan berkala kementerian/lembaga pada aplikasi e-Monev Bappenas sepanjang Tahun 2025, meskipun rincian daftar kegiatan prioritas utama beserta penilaian kinerjanya tidak dipublikasikan secara terbuka.",https://perpustakaan.bappenas.go.id/e-library/file_upload/koleksi/dokumenbappenas/konten/Dokumen%202026/F_LAPORAN%20KINERJA%20KEMENTERIAN%202025_110326_1619.pdf,perpustakaan.bappenas.go.id,True,True,True,OK,,3,0,3,laporan kinerja 2025 BAPPENAS kinerja program prioritas utama | monitoring evaluasi prioritas utama BAPPENAS 2025 [site:bappenas.go.id] | capaian pembangunan prioritas utama BAPPENAS 2025 [site:bappenas.go.id],8485,338,10.03
20260917_150324,2026-09-17T15:18:23,watsonx-qwen3-30b-a3b-instruct-2507,serper,0.0,75,440,Birokrasi,KEMENTERIAN PERENCANAAN PEMBANGUNAN NASIONAL/BADAN PERENCANAAN PEMBANGUNAN NASIONAL (BAPPENAS),KP 07.08.03 - Tingkat pemanfaatan hasil pengendalian program prioritas Presiden dalam penyelenggaraan pembangunan nasional,30,persen,True,False,True,True,90,lkj,2025,"Program berjalan, ditandai dengan evaluasi dan tindak lanjut program prioritas Presiden dalam Laporan Kinerja Kementerian PPN/Bappenas Tahun 2025 yang menyebutkan sistem evaluasi berjalan untuk program prioritas presiden, termasuk implementasi program seperti Makan Bergizi dan Sekolah Rakyat.","Program berjalan, ditandai dengan terkonfirmasinya pengukuran dan pelaporan capaian indikator Tingkat Pemanfaatan Hasil Pengendalian Program Prioritas Presiden dalam Penyelenggaraan Pembangunan Nasional pada Tahun 2025, dengan realisasi 83,03% dari target 30% sebagaimana tercantum dalam Laporan Kinerja Kementerian PPN/Bappenas Tahun 2025, sehingga target terlampaui secara signifikan. Indikator ini berstatus indikator baru pada periode Renstra Tahun 2025-2029 sehingga belum memiliki baseline Tahun 2024, dan pelaksanaannya didukung melalui Rincian Output (RO) 6270.FAE.260. Kegiatan pengendalian yang menjadi basis indikator terkonfirmasi berjalan melalui mekanisme pemantauan, evaluasi, dan pengendalian pembangunan yang dikoordinasikan Kementerian PPN/Bappenas sepanjang Tahun 2025.",https://perpustakaan.bappenas.go.id/e-library/file_upload/koleksi/dokumenbappenas/konten/Dokumen%202026/F_LAPORAN%20KINERJA%20KEMENTERIAN%202025_110326_1619.pdf,perpustakaan.bappenas.go.id,True,True,True,OK,,3,0,3,laporan kinerja 2025 BAPPENAS pengendalian program prioritas Presiden | tindak lanjut program prioritas Presiden 2025 BAPPENAS [site:bappenas.go.id] | evaluasi program prioritas Presiden 2025 tindak lanjut implementasi BAPPENAS [site:bappenas.go.id],8588,352,10.49
20260917_150324,2026-09-17T15:18:34,watsonx-qwen3-30b-a3b-instruct-2507,serper,0.0,76,441,Sosial,KEMENTERIAN PEMBERDAYAAN PEREMPUAN DAN PERLINDUNGAN ANAK,KP 04.19.05 - Persentase RO/sub kegiatan responsif gender,"K/L; 4,00",Persen,True,False,False,False,90,tidak_ada,tidak_ada,"Program belum berjalan, ditandai dengan tidak ditemukannya bukti konkret kegiatan teknis, pelaksanaan fisik, atau siaran pers tentang pelaksanaan kegiatan responsif gender pada tahun 2025 di situs resmi KemenPPPA atau dokumen LKj 2025. Hanya ditemukan informasi umum tentang kajian dan pemeliharaan sistem.","Program berjalan, ditandai dengan terkonfirmasinya pelaksanaan pendampingan dan bimbingan teknis Perencanaan dan Penganggaran Responsif Gender kepada kementerian/lembaga sepanjang 2025 dan berlanjut pada tahun berikutnya. Pada Juni 2025, KemenPPPA menyelenggarakan kegiatan Pengintegrasian Perspektif Gender dalam Dokumen Perencanaan K/L, dengan penegasan bahwa Renstra berperspektif gender akan menghasilkan perencanaan dan penganggaran yang responsif gender. KemenPPPA bersama World Bank juga menyelenggarakan Bimtek PPRG bagi K/L pengampu sektor pendidikan, dengan penekanan pada komitmen para perencana program untuk mengawal integrasi perspektif gender ke dalam RO unit kerja masing-masing, serta menyatakan bahwa sejak 2022 KemenPPPA terus melakukan revitalisasi PUG pada tujuh proses pembangunan.",https://www.kemenpppa.go.id/,www.kemenpppa.go.id,True,True,True,OK,,3,1,3,laporan kinerja 2025 KEMENTERIAN PEMBERDAYAAN PEREMPUAN DAN PERLINDUNGAN ANAK persentase RO/sub kegiatan responsif gender | Kegiatan Gender Kementerian Pemberdayaan Perempuan dan Perlindungan Anak 2025 [site:kemenpppa.go.id] | Siaran Pers KemenPPPA 2025 Analisis Gender Program Inklusif [site:kemenpppa.go.id],7346,324,10.71
20260917_150324,2026-09-17T15:18:46,watsonx-qwen3-30b-a3b-instruct-2507,serper,0.0,77,447,Birokrasi,KEMENTERIAN PENDAYAGUNAAN APARATUR NEGARA DAN REFORMASI BIROKRASI,KP 07.07.02 - Aspek perencanaan kebutuhan Indeks Sistem Merit,"78,45",persen,True,False,True,True,90,siaran_pers,2025,"Program berjalan, ditandai dengan terbitnya Peraturan Menteri PANRB No. 19/2025 yang mengatur penajaman implementasi sistem merit, termasuk aspek perencanaan kebutuhan ASN dan analisis formasi jabatan, serta pelaksanaan evaluasi pengadaan ASN tahun 2024 yang menjadi dasar perencanaan 2025.","Program berjalan, ditandai dengan diterbitkannya Peraturan Menteri PANRB Nomor 19 Tahun 2025 tentang Penyelenggaraan Sistem Merit dalam Manajemen ASN, yang secara khusus memperkuat pengukuran pada delapan aspek sistem merit termasuk aspek perencanaan kebutuhan dan standardisasi jabatan. Sebagai tindak lanjut, Kementerian PANRB telah menyelenggarakan rangkaian pembinaan/coaching clinic pengukuran Indeks Sistem Merit serta survei kesiapan sistem merit bagi ratusan instansi pemerintah pusat dan daerah yang menjadi lokus prioritas. Namun demikian, angka realisasi/capaian resmi untuk sub-indikator Aspek Perencanaan Kebutuhan secara nasional pada tahun 2025 belum ditemukan publikasinya, sehingga belum dapat dipastikan apakah target sebesar 78,45 telah tercapai.",https://www.menpan.go.id/site/berita-terkini/pertajam-sistem-merit-dalam-manajemen-asn-melalui-peraturan-menteri-panrb-no-19-2025,www.menpan.go.id,True,True,True,OK,,3,0,3,laporan kinerja 2025 Kemenpan RB perencanaan kebutuhan ASN sistem merit | laporan kinerja 2025 Kemenpan RB analisis kebutuhan formasi jabatan sistem merit [site:menpan.go.id] | siaran pers Kemenpan RB 2025 perencanaan kebutuhan ASN sistem merit [site:menpan.go.id],7343,345,12.08
20260917_150324,2026-09-17T15:18:57,watsonx-qwen3-30b-a3b-instruct-2507,serper,0.0,78,450,Infrastruktur,KEMENTERIAN KOMUNIKASI DAN DIGITAL,KP 03.02.02 - Kapasitas pusat data per kapita,"1,47",W/kapita,True,False,True,True,90,siaran_pers,2025,"Program berjalan, ditandai dengan peresmian Pusat Data Berkelas Dunia oleh Menteri Komunikasi dan Digital pada Juli 2025, yang merupakan bagian dari implementasi Pusat Data Nasional dengan kapasitas penyimpanan 72 Petabytes, sejalan dengan target peningkatan kapasitas pusat data per kapita.","Program berjalan, ditandai dengan terkonfirmasinya pengukuran dan pelaporan kapasitas pusat data nasional pada Tahun 2025, yaitu berada pada kisaran ±370 MW atau setara sekitar 1,3 watt per kapita sebagaimana tercantum dalam Laporan Kinerja Kementerian Komunikasi dan Digital Tahun 2025. Laporan menyebutkan capaian tersebut menunjukkan peningkatan seiring pertumbuhan layanan digital nasional, termasuk pemanfaatan komputasi awan, layanan berbasis data, serta digitalisasi sektor publik dan industri, dengan arah penguatan melalui penetapan kawasan data center prioritas, percepatan perizinan terintegrasi, penguatan pasokan energi, dan penerapan teknologi efisiensi energi. Angka kapasitas dilaporkan sebagai estimasi kisaran, sementara rincian sebaran kapasitas per penyelenggara maupun per wilayah tidak diuraikan dalam laporan.",https://www.komdigi.go.id/berita/siaran-pers/detail/pusat-data-berkelas-dunia-diresmikan-meutya-hafid-ini-simpul-kedaulatan-dan-lompatan-ekonomi-digital,www.komdigi.go.id,True,True,True,OK,,3,0,3,laporan kinerja 2025 KEMENTERIAN KOMUNIKASI DAN DIGITAL pusat data kapasitas server | siaran pers KEMENTERIAN KOMUNIKASI DAN DIGITAL cloud nasional 2025 [site:komdigi.go.id] | LAPORAN KINERJA 2025 KEMENTERIAN KOMUNIKASI DAN DIGITAL kapasitas pusat data per kapita [site:komdigi.go.id],8211,354,10.72
20260917_150324,2026-09-17T15:19:06,watsonx-qwen3-30b-a3b-instruct-2507,serper,0.0,79,457,Birokrasi,KEMENTERIAN PENDAYAGUNAAN APARATUR NEGARA DAN REFORMASI BIROKRASI,KP 07.08.02 - Persentase instansi pemerintah (kab/kota) dengan nilai akuntabilitas kinerja baik (kategori “B” ke atas),76,persen,True,False,True,True,90,siaran_pers,2025,"Program berjalan, ditandai dengan hasil evaluasi SAKIP tahun 2025 yang telah dilakukan oleh Kemenpan RB dan menunjukkan tren peningkatan kinerja pemerintah daerah, termasuk persentase kabupaten/kota dengan kategori nilai akuntabilitas baik (B ke atas) yang mencapai target 76 persen.","Program berjalan dan targetnya terlampaui, ditandai dengan pelaksanaan evaluasi SAKIP di daerah sepanjang 2025 dan publikasi hasilnya. Sebanyak 507 kabupaten/kota atau 88,39 persen tercatat telah mengimplementasikan SAKIP dengan predikat minimal baik, dengan rata-rata nilai naik menjadi 64,89 atau meningkat 0,91 poin dari tahun sebelumnya, di atas target RPJMN 2025 sebesar 76 persen. Proses evaluasinya sendiri dilakukan langsung ke daerah, misalnya kegiatan evaluasi implementasi SAKIP pada pemda di sejumlah provinsi sepanjang September 2025.",https://www.menpan.go.id/site/berita-foto/sakip-dan-zi-awards-2025,www.menpan.go.id,True,True,True,OK,,3,0,3,laporan kinerja 2025 Kemenpan RB SAKIP Daerah kinerja baik evaluasi layanan akuntabilitas publik | hasil evaluasi SAKIP 2025 Kemenpan RB kategori B ke atas persentase kab/kota [site:menpan.go.id] | Laporan Kinerja Kemenpan RB 2025 SAKIP kabupaten kota nilai B ke atas persentase [site:menpan.go.id],7701,327,9.04
20260917_150324,2026-09-17T15:19:16,watsonx-qwen3-30b-a3b-instruct-2507,serper,0.0,80,469,Infrastruktur,KEMENTERIAN KOMUNIKASI DAN DIGITAL,KP 03.02.01 - Integrated Index for Postal Development (2IPD),60,Indeks,True,False,False,False,90,tidak_ada,2025,"Program belum berjalan, ditandai dengan tidak ditemukannya bukti konkret pelaksanaan kegiatan pemerintah terkait Indeks Pengembangan Pos Terpadu (2IPD) pada tahun 2025 di dokumen LKj/LAKIP 2025, siaran pers resmi, atau sumber resmi lainnya. Hanya ditemukan rencana dan target dalam dokumen Renstra 2025-2029 serta data terbuka tanpa indikator capaian aktual.","Program berjalan, ditandai dengan terkonfirmasinya penilaian dan pelaporan nilai Integrated Index for Postal Development (2IPD) Indonesia Tahun 2025 sebesar 69,2 dengan Postal Development Level (PDL) pada tingkat 8, sebagaimana tercantum dalam Laporan Kinerja Kementerian Komunikasi dan Digital Tahun 2025. Penilaian dilakukan oleh Universal Postal Union (UPU) selaku badan khusus Perserikatan Bangsa-Bangsa yang menangani sektor pos, sehingga capaian bersumber dari lembaga penilai internasional di luar kementerian. Laporan menyebutkan capaian tersebut menempatkan Indonesia pada kelompok negara dengan tingkat pengembangan sektor pos menengah atas dan mencerminkan peran sektor pos sebagai infrastruktur pendukung konektivitas logistik serta layanan publik. Rincian skor per dimensi penilaian 2IPD tidak diuraikan dalam laporan.",https://jdih.komdigi.go.id/storage/files/1766139110-PM_16_Tahun_2025_Renstra_Komdigi_2025_2029_JDIH_.pdf,jdih.komdigi.go.id,True,True,True,OK,,3,0,3,laporan kinerja 2025 KEMENTERIAN KOMUNIKASI DAN DIGITAL Integrated Index for Postal Development 2IPD | siaran pers KEMENTERIAN KOMUNIKASI DAN DIGITAL 2IPD 2025 [site:komdigi.go.id] | Laporan Kinerja Kementerian Komunikasi dan Digital 2025 2IPD [site:komdigi.go.id],7203,387,10.32
20260917_150324,2026-09-17T15:19:26,watsonx-qwen3-30b-a3b-instruct-2507,serper,0.0,81,470,Sosial,KEMENTERIAN KOMUNIKASI DAN DIGITAL,KP 03.02.01 - Rasio harga layanan jaringan pita lebar tetap terhadap pendapatan per kapita,"4,50",persen,True,False,True,True,85,siaran_pers,2025,"Program berjalan, ditandai dengan siaran pers Kementerian Komunikasi dan Digital pada Desember 2021 yang menyatakan komitmen percepatan transformasi digital dan keterjangkauan broadband hingga tahun 2025, serta pelaporan capaian kinerja dalam LAKIP 2025 yang mencatat penurunan rasio harga layanan fixed broadband terhadap pendapatan per kapita sebagai indikator kinerja utama.","Program berjalan, ditandai dengan terkonfirmasinya penetapan dan pelaporan indikator rasio harga layanan jaringan pita lebar tetap terhadap pendapatan per kapita (kode DJID 01.03) pada Tahun 2025 dengan target sebesar 4,50%, sebagaimana tercantum dalam Laporan Kinerja Kementerian Komunikasi dan Digital Tahun 2025. Laporan merujuk pada data historis dalam Renstra Komdigi Tahun 2025-2029 yang bersumber dari World Bank Tahun 2024, yang mencatat harga rata-rata layanan fixed broadband di Indonesia berada pada kisaran 4,86% dari Pendapatan Nasional Bruto (PNB) per kapita, sehingga posisi terkini masih berada di atas target yang ditetapkan. Kondisi tersebut sejalan dengan pernyataan pejabat Komdigi dalam forum resmi yang menyebut rasio harga layanan fixed broadband masih di kisaran 4,8% dari pendapatan per kapita nasional dengan penetrasi sekitar 24% rumah tangga, serta arah penurunan rasio menjadi 4% pada Tahun 2026 sesuai dokumen Renstra.",https://www.komdigi.go.id/berita/pengumuman/detail/siaran-pers-no-466-hm-kominfo-12-2021-tentang-percepat-transformasi-digital-kominfo-indonesia-buka-peluang-investasi-teknologi-pita-lebar,www.komdigi.go.id,True,True,True,OK,,3,0,3,laporan kinerja 2025 KEMENTERIAN KOMUNIKASI DAN DIGITAL rasio harga layanan jaringan pita lebar tetap pendapatan per kapita | KEMENTERIAN KOMUNIKASI DAN DIGITAL rasio harga layanan jaringan pita lebar tetap pendapatan per kapita 2025 [site:komdigi.go.id] | siaran pers KEMENTERIAN KOMUNIKASI DAN DIGITAL keterjangkauan broadband 2025 [site:komdigi.go.id],8716,414,10.16
20260917_150324,2026-09-17T15:19:36,watsonx-qwen3-30b-a3b-instruct-2507,serper,0.0,82,476,Birokrasi,KEMENTERIAN PENDAYAGUNAAN APARATUR NEGARA DAN REFORMASI BIROKRASI,KP 07.10.01 - Jumlah lembaga yang menerapkan arsitektur pemerintah digital,0,lembaga,True,False,True,True,90,siaran_pers,2025,"Program berjalan, ditandai dengan penyusunan dan penerapan Arsitektur Pemerintah Digital (SPBE versi 3.0) oleh Kemenpan RB pada 2025, termasuk kegiatan pembinaan, kolaborasi dengan Komdigi, dan publikasi berita terkini tentang implementasi SPBE secara nasional.","Program berjalan pada tahap penyiapan, yang memang sesuai dengan target 2025 sebesar 0 lembaga, ditandai dengan dimulainya transisi kerangka arsitektur dan pendampingan instansi. KemenPANRB menggelar sosialisasi nasional Penyusunan Arsitektur dan Peta Rencana Pemerintah Digital 2025-2029 pada 5 Mei 2025 yang diikuti instansi pusat dan pemerintah daerah, sebagai titik awal transisi dari Arsitektur SPBE 2022-2024, disertai panduan teknis migrasi dan pengembangan Sistem Informasi Arsitektur SPBE versi 3. Pada Oktober 2025 pembinaan penerapan kebijakan pemerintah digital berlanjut ke daerah, dengan konsep Arsitektur Pemerintah Digital atau SPBE versi 3.0 yang menekankan maturitas, kolaborasi, dan ekosistem digital. Jumlah lembaga yang sudah menerapkan belum dipublikasikan.",https://www.menpan.go.id/site/berita-terkini/arsitektur-layanan-untuk-tingkatkan-keterpaduan-ekosistem-digital-pemerintah,www.menpan.go.id,True,True,True,OK,,3,0,3,laporan kinerja 2025 Kemenpan RB arsitektur pemerintah digital implementasi SPBE | siaran pers Kemenpan RB 2025 implementasi SPBE arsitektur pemerintah digital [site:menpan.go.id] | Laporan Kinerja Kemenpan RB 2025 arsitektur pemerintah digital implementasi SPBE [site:menpan.go.id],7585,333,9.72
20260917_150324,2026-09-17T15:19:45,watsonx-qwen3-30b-a3b-instruct-2507,serper,0.0,83,479,Pendidikan,KEMENTERIAN KOMUNIKASI DAN DIGITAL,KP 04.19.03 - Indeks Literasi Digital,"Laki-Laki: 3,62; Perempuan: 3,60",Indeks,True,False,True,True,90,siaran_pers,2025,"Program berjalan, ditandai dengan pelaksanaan survei Indeks Masyarakat Digital Indonesia (IMDI) 2025 oleh BPSDM Komdigi, peluncuran program literasi digital CABE (Cakap, Aman, Budaya, Etika Digital), dan kegiatan sosialisasi seperti KIM Talks di Festival KIM 2025 yang fokus pada literasi digital.","Program berjalan, ditandai dengan terkonfirmasinya pelaksanaan pengukuran literasi digital masyarakat pada Tahun 2025 melalui Indeks Masyarakat Digital Indonesia (IMDI) yang disusun Kementerian Komunikasi dan Digital, dengan survei mencakup 38 provinsi dan 514 kabupaten/kota serta empat pilar penilaian, yaitu Infrastruktur dan Ekosistem, Literasi Digital, Pemberdayaan, dan Pekerjaan. Berdasarkan hasil survei Tahun 2025, nilai IMDI mencapai 44,53, meningkat dari 43,34 pada Tahun 2024, dengan nilai pilar Literasi Digital sebesar 49,28. Laporan mencatat peningkatan tersebut mencerminkan kemajuan kesiapan digital masyarakat, sementara aspek pemberdayaan dan penciptaan peluang kerja digital masih memerlukan penguatan. Angka literasi digital pada laporan disajikan sebagai pilar dari IMDI, bukan sebagai indeks tersendiri, sehingga penyebutan nilai perlu disesuaikan dengan definisi indikator yang digunakan.",https://bpsdm.komdigi.go.id/satker/pusbangesdmk/berita-laporan-indeks-masyarakat-digital-indonesia-2025-5-102,bpsdm.komdigi.go.id,True,True,True,OK,,3,0,3,laporan kinerja 2025 KEMENTERIAN KOMUNIKASI DAN DIGITAL indeks literasi digital | literasi digital 2025 KEMENTERIAN KOMUNIKASI DAN DIGITAL kegiatan [site:komdigi.go.id] | Indeks Literasi Digital 2025 hasil survei BPSDM Komdigi [site:bpsdm.komdigi.go.id],7911,332,9.3
20260917_150324,2026-09-17T15:19:56,watsonx-qwen3-30b-a3b-instruct-2507,serper,0.0,84,498,Kesehatan,KEMENTERIAN KESEHATAN,PP 02.12 - Rumah tangga yang mempraktikkan buang air besar sembarangan (BABS) di tempat terbuka,"2,5",persen,True,False,False,False,90,tidak_ada,tidak_ada,"Program belum berjalan, ditandai dengan tidak ditemukannya bukti konkret pelaksanaan kegiatan pemerintah terkait penurunan BABS di tahun 2025 dalam dokumen LAKIP Kementerian Kesehatan 2025, siaran pers resmi, atau sumber resmi lainnya. Hanya ditemukan dokumen profil kesehatan tahun sebelumnya yang tidak mencatat capaian atau kegiatan tahun 2025.","Program berjalan dan melampaui target, ditandai dengan capaian kinerja Persentase Rumah Tangga yang Mempraktikkan Buang Air Besar Sembarangan (BABS) di Tempat Terbuka sebesar 2,35% pada tahun 2025 (turun dari 3,20% pada 2024), lebih rendah dari target 2025 sebesar 2,5% (capaian kinerja ±106%), sebagaimana termuat dalam data Survei Sosial Ekonomi Nasional (Susenas) 2025 yang dipublikasikan oleh Badan Pusat Statistik (BPS).",tidak_ada,,False,False,True,OK,,3,0,3,laporan kinerja 2025 Kementerian Kesehatan BABS sanitasi buruk | Kementerian Kesehatan 2025 program stop BABS jamban sehat perilaku higienis [site:kemkes.go.id] | Kementerian Kesehatan 2025 laporan kinerja BABS jamban sehat [site:kemkes.go.id],7700,322,11.04
20260917_150324,2026-09-17T15:20:06,watsonx-qwen3-30b-a3b-instruct-2507,serper,0.0,85,501,Kesehatan,KEMENTERIAN KESEHATAN,PP 04.11 - Angka kematian balita,"15,00",per 1.000 kelahiran hidup,True,False,False,False,70,lkj,2025,"Program belum berjalan, ditandai dengan tidak ditemukannya bukti konkret kegiatan pemerintah di Kementerian Kesehatan terkait penurunan angka kematian balita pada tahun 2025, meskipun terdapat laporan kinerja provinsi yang menyebutkan capaian AKB, namun tidak ada indikasi kegiatan nasional yang dilaksanakan oleh Kemenkes pada 2025.","Program berjalan dan menunjukkan penurunan konsisten, namun belum mencapai target, ditandai dengan capaian kinerja Angka Kematian Balita (U5MR) sebesar 16,38 per 1.000 kelahiran hidup pada 2025, sebagaimana termuat dalam Berita Resmi Statistik Badan Pusat Statistik (BPS) tanggal 5 Mei 2026 (rilis hasil Survei Penduduk Antar Sensus/SUPAS 2025).",https://dinkes.papua.go.id/uploads/dokumen/1771687144_bbbb62d5dd9a6c786e95.pdf,dinkes.papua.go.id,True,True,True,OK,,3,2,3,laporan kinerja 2025 Kementerian Kesehatan angka kematian balita | Kementerian Kesehatan program kematian balita 2025 [site:kemenkes.go.id] | siaran pers Kementerian Kesehatan angka kematian balita 2025 [site:kemenkes.go.id],6468,344,9.37
20260917_150324,2026-09-17T15:20:14,watsonx-qwen3-30b-a3b-instruct-2507,serper,0.0,86,504,Industri,KEMENTERIAN LINGKUNGAN HIDUP/BADAN PENGENDALIAN LINGKUNGAN HIDUP,PP 02.16 - Jumlah model pengelolaan sumber daya genetik termasuk digital sequence information pada sumber daya genetik,1,model,True,False,False,False,90,tidak_ada,tidak_ada,"Program belum berjalan, ditandai dengan tidak ditemukannya bukti konkret kegiatan teknis, peluncuran model pengelolaan, atau capaian di LKj 2025 terkait sumber daya genetik dan digital sequence information. Hanya ditemukan dokumen rencana strategis dan siaran pers umum tanpa rincian pelaksanaan kegiatan 2025.","Program berjalan, ditandai dengan pernyataan resmi KLH/BPLH bahwa instrumen pengelolaan sumber daya genetik sudah tersedia dan digunakan. Pada peluncuran buku Status Kekinian Keanekaragaman Hayati bersama Bappenas, KLH/BPLH menyebut mekanisme pembagian keuntungan dari pemanfaatan sumber daya genetik sebagai salah satu instrumen yang sudah tersedia, bersama Indeks Pengelolaan Keanekaragaman Hayati dan perlindungan kawasan bernilai penting. Kerangka kebijakannya tertuang dalam IBSAP 2025-2045, yang memuat 3 tujuan, 13 strategi, 20 target nasional, dan 95 kelompok aksi, dengan pemanfaatan dan pembagian keuntungan sumber daya genetik sebagai salah satu target nasional. Pada Rakornas Kehati 2025, pemerintah menyatakan tengah menyiapkan skema pembagian manfaat dari sumber daya genetik dan instrumen keamanan hayati sejalan dengan penyusunan IBSAP 2025-2045.",https://kemenlh.go.id,kemenlh.go.id,True,False,True,OK,,3,1,3,laporan kinerja 2025 Kementerian Lingkungan Hidup Badan Pengendalian Lingkungan Hidup sumber daya genetik model pengelolaan | laporan kinerja 2025 Kementerian Lingkungan Hidup sumber daya genetik model pengelolaan digital sequence information [site:kemenlh.go.id] | siaran pers Kementerian Lingkungan Hidup 2025 sumber daya genetik model pengelolaan digital sequence information [site:kemenlh.go.id],6599,344,8.27
20260917_150324,2026-09-17T15:20:24,watsonx-qwen3-30b-a3b-instruct-2507,serper,0.0,87,516,Kesehatan,KEMENTERIAN KESEHATAN,PP 04.13 - Persentase Diabetes dalam Pengendalian,15,persen,True,False,True,True,90,lkj,2025,"Program berjalan, ditandai dengan sosialisasi dan pelaksanaan monitoring DM terkendali yang telah dilakukan sejak Februari 2025 oleh Kemenkes bersama Kemendagri, termasuk penerapan pedoman dan pelatihan di tingkat pusat dan daerah.","Program berjalan, ditandai dengan pelaksanaan Cek Kesehatan Gratis (CKG) sepanjang 2025 yang menjangkau 70 juta peserta di 10.225 puskesmas dengan diabetes melitus sebagai salah satu temuan penyakit terbanyak, serta hasil tindak lanjutnya yang mencatat 33,1% pasien diabetes hasil CKG 2025 kembali menjalani pemeriksaan dan 69,4% di antaranya berhasil mencapai pengendalian kadar gula darah, sebagaimana disampaikan Menteri Kesehatan dan termuat dalam publikasi resmi Kementerian Kesehatan Tahun 2026. Angka realisasi resmi indikator Persentase Diabetes dalam Pengendalian Tahun 2025 sendiri belum dipublikasikan karena merupakan indikator baru.",https://kesprimkom.kemkes.go.id/assets/uploads/contents/others/2026kepmenkes084.pdf,kesprimkom.kemkes.go.id,True,True,True,OK,,3,0,3,laporan kinerja 2025 Kementerian Kesehatan diabetes terkendali | sosialisasi sheet monitoring DM terkendali 2025 [site:kemkes.go.id] | sosialisasi monitoring DM terkendali 2025 Kemendagri Kemenkes [site:kemkes.go.id],7221,286,10.04
20260917_150324,2026-09-17T15:20:33,watsonx-qwen3-30b-a3b-instruct-2507,serper,0.0,88,517,Sosial,KEMENTERIAN PARIWISATA,KP 03.05.12 - Devisa pariwisata Wakatobi juta,"9,38",USD,True,False,True,True,90,lkj,2025,"Program berjalan, ditandai dengan realisasi devisa pariwisata Wakatobi yang dilaporkan dalam dokumen Laporan Kinerja Kementerian Pariwisata 2025, yang menyebutkan capaian devisa di atas target dan meningkatnya daya tarik destinasi wisata bahari Wakatobi.","Program berjalan, ditandai dengan tetapnya Wakatobi sebagai salah satu Destinasi Pariwisata Prioritas yang dipantau Kemenpar dan terbitnya publikasi statistik pariwisata tingkat destinasi untuk tahun 2025. Kemenpar merilis ""Infografis Statistik Pariwisata 2025"" yang mencakup 10 Destinasi Pariwisata Prioritas termasuk Wakatobi dan tiga Destinasi Pariwisata Regeneratif, disusun oleh Biro Data dan Sistem Informasi Kemenpar bersama BPS dan Kementerian Investasi dan Hilirisasi/BKPM. Publikasi ini memuat delapan indikator statistik meliputi jumlah kunjungan dan rata-rata lama kunjungan wisatawan mancanegara dan nusantara, realisasi investasi pariwisata, jumlah tenaga kerja pariwisata, PDRB sektor akomodasi dan makan minum, profil usaha akomodasi dan makan minum, serta profil usaha ODTW komersial.",https://api.kemenpar.go.id/storage/app/uploads/public/6a1/411/4a9/6a14114a9cf1f325354100.pdf,api.kemenpar.go.id,True,True,True,OK,,3,0,3,laporan kinerja 2025 KEMENTERIAN PARIWISATA Devisa Pariwisata Wisatawan Asing Wakatobi | realisasi devisa pariwisata Wakatobi 2025 Kemenpar [site:kemenpar.go.id] | realisasi devisa pariwisata Wakatobi 2025 Kemenpar situs:kemenpar.go.id [site:kemenpar.go.id],7792,333,8.71
20260917_150324,2026-09-17T15:20:42,watsonx-qwen3-30b-a3b-instruct-2507,serper,0.0,89,519,Kesehatan,KEMENTERIAN KESEHATAN,PP 04.13 - Prevalensi depresi di umur ≥15 tahun,"1,4",persen,True,False,False,False,90,tidak_ada,tidak_ada,"Program belum berjalan, ditandai dengan tidak ditemukannya bukti konkret kegiatan pemerintah tahun 2025 terkait penurunan prevalensi depresi di usia ≥15 tahun. Hanya ditemukan data riset dan laporan tahun sebelumnya, serta rencana pengembangan layanan psikolog, tanpa indikasi pelaksanaan fisik atau kegiatan teknis pada 2025.","Program berjalan namun capaian layanannya masih jauh di bawah target, ditandai dengan capaian kinerja Cakupan Skrining Kesehatan Jiwa sebesar 10,8% dari target 10% (capaian kinerja 108%) sebagaimana termuat dalam LAKIP Direktorat Pelayanan Kesehatan Kelompok Rentan Tahun 2025, sementara indikator Persentase Depresi yang Mendapatkan Layanan baru terealisasi 0,7% dari target 5% sebagaimana termuat dalam LAKIP Direktorat Jenderal Kesehatan Primer dan Komunitas Tahun 2025. Adapun angka Prevalensi Depresi di umur ≥15 tahun masih merujuk hasil Survei Kesehatan Indonesia (SKI) 2023 sebesar 1,4% karena belum ada pengukuran survei baru pada 2025.",tidak_ada,,False,False,True,OK,,3,0,3,laporan kinerja 2025 Kementerian Kesehatan prevalensi depresi umur 15 tahun | Kementerian Kesehatan siaran pers layanan psikolog 2025 [site:kemkes.go.id] | Kementerian Kesehatan RKP 2025 layanan kesehatan jiwa depresi [site:bappenas.go.id],7328,312,9.42
20260917_150324,2026-09-17T15:20:51,watsonx-qwen3-30b-a3b-instruct-2507,serper,0.0,90,524,Sosial,KEMENTERIAN PEMUDA DAN OLAHRAGA,KP 04.09.03 - Jumlah perolehan medali pada Youth Olympic Games,1 emas (2026),medali,True,False,True,True,90,siaran_pers,2025,"Program berjalan, ditandai dengan keberangkatan 56 atlet Indonesia ke Asian Youth Games 2025 di Dubai pada 7–14 Desember 2025, yang merupakan bagian dari persiapan dan pelaksanaan program pengembangan atlet muda untuk meraih medali, termasuk target emas.","Program berjalan, ditandai dengan terkonfirmasinya keikutsertaan kontingen Indonesia pada Asian Youth Games Tahun 2025 beserta tercatatnya perolehan medali sebanyak 28 medali dari target 1 sampai 2 medali (capaian 1.400%) sebagaimana dilaporkan dalam Laporan Kinerja Kemenpora Tahun 2025. Pelaksanaan dan hasil kegiatan juga terpublikasi melalui pemberitaan media nasional yang mengacu pada klasemen resmi penyelenggara, yang menempatkan Indonesia pada peringkat ke-15 dengan rincian empat emas, enam perak, dan 18 perunggu. Rincian pendukung per cabang olahraga tidak seluruhnya dipublikasikan dalam dokumen resmi.",https://www.kemenpora.go.id/detail/6505/lepas-timnas-indonesia-ke-3rd-asian-youth-games-dan-6th-islamic-solidarity-games-2025-menpora-erick-pesan-bapak-presiden-berikan-yang-terbaik,www.kemenpora.go.id,True,True,True,OK,,3,0,3,laporan kinerja 2025 KEMENTERIAN PEMUDA DAN OLAHRAGA medali Youth Olympic Games | Kontingen Indonesia untuk Asian Youth Games 2025 telah dipersiapkan [site:kemenpora.go.id] | Asian Youth Games 2025 Indonesia medali emas [site:kemenpora.go.id],7270,338,8.59
20260917_150324,2026-09-17T15:21:01,watsonx-qwen3-30b-a3b-instruct-2507,serper,0.0,91,526,Sosial,KEMENTERIAN PEMUDA DAN OLAHRAGA,KP 04.09.03 - Jumlah perolehan medali pada Asian Youth Para Games,2025-12-15 00:00:00,medali,True,False,True,True,90,media,2025,"Program berjalan, ditandai dengan perolehan medali oleh atlet para Indonesia di Asian Youth Para Games 2025 yang diselenggarakan di Dubai, Uni Emirat Arab, dengan raihan 44 medali secara keseluruhan, melampaui target yang ditetapkan.","Program berjalan, ditandai dengan terkonfirmasinya pengiriman dan keikutsertaan kontingen para atlet muda Indonesia pada Asian Youth Para Games Tahun 2025 serta tercatatnya perolehan 89 medali dari target 12 sampai 15 medali (capaian 593,33%) dalam Laporan Kinerja Kemenpora Tahun 2025. Pelaksanaan kegiatan terpublikasi melalui laman resmi organisasi keolahragaan dan pemberitaan media nasional sepanjang penyelenggaraan, yang mencatat perolehan medali Indonesia melampaui target awal kontingen. Angka perolehan yang dipublikasikan media umumnya bersifat sementara mengikuti perkembangan pertandingan, sehingga angka akhir mengacu pada laporan resmi Kemenpora.",https://news.detik.com/berita/d-8259080/indonesia-beri-kejutan-di-asian-youth-para-games-2025-lampaui-target-medali,news.detik.com,False,True,True,OK,,3,0,3,laporan kinerja 2025 KEMENTERIAN PEMUDA DAN OLAHRAGA atlet para medali Asian Youth Para Games | Asian Youth Para Games 2025 hasil perolehan medali Indonesia [site:kemenpora.go.id] | Asian Youth Para Games 2025 hasil perolehan medali Indonesia [site:detik.com],7500,304,10.14
20260917_150324,2026-09-17T15:21:11,watsonx-qwen3-30b-a3b-instruct-2507,serper,0.0,92,527,Pendidikan,KEMENTERIAN PEMUDA DAN OLAHRAGA,KP 04.18.01 - Persentase pemuda mendapatkan pelatihan bersertifikat,"25,49",persen,True,False,True,True,90,siaran_pers,2025,"Program berjalan, ditandai dengan pelatihan tenaga penggerak olahraga yang diadakan Kemenpora dari 30 Juli hingga 3 Agustus 2025, yang mencakup pelatihan bersertifikat bagi pemuda.","Program berjalan, ditandai dengan tersedianya pengukuran dan pelaporan capaian indikator pada Tahun 2025, dengan realisasi 15,72% dari target 25,49% (capaian 61,67%). Capaian masih berada di bawah target yang ditetapkan. Data pendukung indikator bersumber dari publikasi statistik kepemudaan yang dirilis secara nasional, sementara rincian sebaran pelatihan bersertifikat per wilayah maupun per penyelenggara belum dipublikasikan secara lengkap.",https://www.kemenpora.go.id/detail/6286/kemenpora-dorong-sdm-unggul-wisata-olahraga-lewat-pelatihan-manaj,www.kemenpora.go.id,True,True,True,OK,,3,0,3,laporan kinerja 2025 KEMENTERIAN PEMUDA DAN OLAHRAGA pelatihan pemuda sertifikat | pelatihan pemuda bersertifikat 2025 KEMENTERIAN PEMUDA DAN OLAHRAGA [site:kemenpora.go.id] | pelatihan pemuda bersertifikat 2025 KEMENTERIAN PEMUDA DAN OLAHRAGA siaran pers [site:kemenpora.go.id],7279,317,10.34
20260917_150324,2026-09-17T15:21:22,watsonx-qwen3-30b-a3b-instruct-2507,serper,0.0,93,528,Pendidikan,KEMENTERIAN PEMUDA DAN OLAHRAGA,KP 04.18.01 - Proporsi pemuda dengan keterampilan TIK,"96,96",persen,True,False,False,False,80,lkj,2025,"Program belum berjalan, ditandai dengan tidak ditemukannya bukti konkret kegiatan pelatihan TIK atau literasi digital pemuda oleh Kemenpora pada tahun 2025. Laporan Kinerja 2025 Kemenpora menyebutkan pelatihan keterampilan, namun tidak secara eksplisit menyebutkan TIK atau literasi digital sebagai bagian dari kegiatan tahun 2025. Indeks Pembangunan Pemuda 2025 hanya menyajikan data, bukan bukti pelaksanaan program.","Program berjalan, ditandai dengan tersedianya pengukuran dan pelaporan capaian indikator pada Tahun 2025, dengan realisasi 97,73% dari target 96,96% (capaian 100,79%), sehingga target terlampaui. Angka indikator bersumber dari publikasi statistik kepemudaan nasional yang menghimpun data melalui Susenas Maret 2025, Sakernas Agustus 2025, serta data sekunder dari kementerian/lembaga. Rincian jenis keterampilan TIK yang diukur tidak diuraikan lebih lanjut dalam laporan capaian.",https://satudata.kemenpora.go.id/cdn/uploads/produk/1/0/ok-laporan-ipp-2025_compressed.pdf,satudata.kemenpora.go.id,True,True,True,OK,,3,0,3,laporan kinerja 2025 KEMENTERIAN PEMUDA DAN OLAHRAGA TIK pemuda literasi digital | Laporan Kinerja Kementerian Pemuda dan Olahraga 2025 TIK pemuda [site:kemenpora.go.id] | kegiatan pelatihan TIK pemuda 2025 Kemenpora [site:kemenpora.go.id],7921,363,10.53
20260917_150324,2026-09-17T15:21:32,watsonx-qwen3-30b-a3b-instruct-2507,serper,0.0,94,530,Sosial,KEMENTERIAN PEMUDA DAN OLAHRAGA,KP 04.18.01 - Persentase pemuda berolahraga,"38,92",persen,True,False,False,False,90,lkj,2025,"Program belum berjalan, ditandai dengan tidak ditemukannya bukti konkret pelaksanaan kegiatan pemerintah terkait peningkatan persentase pemuda berolahraga pada tahun 2025 di dokumen LKj 2025 resmi Kemenpora, siaran pers, atau sumber resmi lainnya. Hanya ditemukan dokumen LKj tahun 2025 dari asisten deputi yang tidak menyertakan capaian indikator spesifik.","Program berjalan, ditandai dengan tersedianya pengukuran dan pelaporan capaian indikator pada Tahun 2025, dengan realisasi 59,05% dari target 38,92% (capaian 151,72%), sehingga target terlampaui secara signifikan. Indikator ini dilaporkan secara konsisten baik pada tabel kontribusi bidang kepemudaan maupun bidang keolahragaan dalam laporan yang sama, yang menunjukkan indikator digunakan sebagai capaian lintas bidang.",https://ppid.kemenpora.go.id/uploads/dip_informasi_berkala/1/6/3/Laporan%20Kinerja%20Asisten%20Deputi%20Olahraga%20Masyarakat%20Tahun%202025.pdf,ppid.kemenpora.go.id,True,True,True,OK,,3,1,3,laporan kinerja 2025 KEMENTERIAN PEMUDA DAN OLAHRAGA persentase pemuda berolahraga | laporan kinerja 2025 KEMENTERIAN PEMUDA DAN OLAHRAGA persentase pemuda berolahraga [site:kemenpora.go.id] | siaran pers KEMENTERIAN PEMUDA DAN OLAHRAGA 2025 persentase pemuda berolahraga [site:kemenpora.go.id],7141,405,10.16
20260917_150324,2026-09-17T15:21:41,watsonx-qwen3-30b-a3b-instruct-2507,serper,0.0,95,531,Industri,KEMENTERIAN PEMUDA DAN OLAHRAGA,KP 04.18.02 - Persentase pemuda pekerja tidak penuh,31,persen,True,False,False,False,90,tidak_ada,tidak_ada,"Program belum berjalan, ditandai dengan tidak ditemukannya bukti konkret kegiatan pemerintah terkait penurunan persentase pemuda pekerja tidak penuh pada tahun 2025 di dokumen LKj 2025 Kemenpora, siaran pers, atau sumber resmi lainnya. Hanya ditemukan data statistik dari BPS dan dokumen peraturan administratif tanpa indikasi pelaksanaan kegiatan nyata.","Program berjalan, ditandai dengan tersedianya pengukuran dan pelaporan capaian indikator pada Tahun 2025, dengan realisasi 32,51% dari target 31% dan dilaporkan sebagai capaian 105%. Perhitungan capaian tampak menggunakan rasio realisasi terhadap target, sehingga arah indikator perlu dicermati mengingat persentase pemuda bekerja tidak penuh yang lebih tinggi dari target tidak selalu berarti kondisi yang lebih baik. Penjelasan metode perhitungan dan interpretasi arah indikator belum diuraikan dalam tabel capaian.",tidak_ada,,False,False,True,OK,,3,0,3,laporan kinerja 2025 KEMENTERIAN PEMUDA DAN OLAHRAGA persentase pemuda pekerja tidak penuh | laporan kinerja 2025 KEMENTERIAN PEMUDA DAN OLAHRAGA persentase pemuda pekerja paruh waktu | siaran pers KEMENTERIAN PEMUDA DAN OLAHRAGA 2025 program pemuda pekerja paruh waktu [site:kemenpora.go.id],7635,325,9.47
20260917_150324,2026-09-17T15:21:51,watsonx-qwen3-30b-a3b-instruct-2507,serper,0.0,96,532,Pangan,KEMENTERIAN PERTANIAN,PP 02.10 - Indeks Kesejahteraan Petani (IKP),0.7445,Indeks,True,False,True,True,90,bps_setkab,2025,"Program berjalan, ditandai dengan pelaksanaan Survei Kesejahteraan Petani (SKP) 2025 yang merupakan mandat Perpres Nomor 12 Tahun 2025, sebagaimana disebutkan dalam Laporan Kinerja BPS Tahun 2025 yang terbit awal 2026.","Program, ditandai dengan terlaksananya Survei Kesejahteraan Petani (SKP) 2025 oleh BPS secara nasional dengan pendataan lapangan pada periode sekitar 15 September sampai 15 Oktober 2025, yang dipublikasikan melalui laman resmi BPS di berbagai daerah mulai dari rapat koordinasi persiapan, pelatihan petugas, pendataan rumah tangga usaha pertanian, hingga penyelesaian lapangan. BPS juga menyatakan IKP disusun dari enam dimensi dan 21 indikator, akan dirilis resmi pada 19 Desember 2025, dan Bappenas menegaskan IKP sebagai indikator utama RPJMN 2025-2029 dengan target 0,7445 pada 2025 dan 0,8599 pada 2029, konsisten dengan target di data Anda. Nilai realisasi IKP Tahun 2025 sendiri belum ditemukan dipublikasikan dalam Berita Resmi Statistik atau publikasi BPS yang dapat diakses.",https://ppid.bps.go.id/upload/doc/LAKIN_Direktorat_Sistem_Informasi_Statistik_2025_1772588273.pdf,ppid.bps.go.id,True,True,True,OK,,3,0,3,laporan kinerja 2025 KEMENTRIAN PERTANIAN Indeks Kesejahteraan Petani IKP | Indeks Kesejahteraan Petani 2025 KEMENTRIAN PERTANIAN realisasi [site:pertanian.go.id] | survei kesejahteraan petani 2025 BPS realisasi [site:bps.go.id],7563,331,9.58
20260917_150324,2026-09-17T15:22:00,watsonx-qwen3-30b-a3b-instruct-2507,serper,0.0,97,533,Industri,KEMENTERIAN PEMUDA DAN OLAHRAGA,KP 04.18.02 - Rasio Kewirausahaan Pemuda,"1,33",persen,True,False,False,False,90,media,2025,"Program belum berjalan, ditandai dengan tidak ditemukannya bukti konkret kegiatan pemerintah terkait rasio kewirausahaan pemuda pada tahun 2025 dalam dokumen LKj 2025 Kemenpora atau sumber resmi lainnya. Hanya ditemukan laporan indeks pembangunan pemuda 2025 yang menyebutkan angka, tetapi tanpa indikasi kegiatan nyata atau pelaksanaan program yang menghasilkan capaian tersebut.","Program berjalan, ditandai dengan tersedianya pengukuran dan pelaporan capaian indikator pada Tahun 2025, dengan realisasi 1,17% dari target 1,33% (capaian 87,97%). Capaian belum mencapai target yang ditetapkan. Data pendukung bersumber dari publikasi statistik kepemudaan nasional, sementara rincian kontribusi program kewirausahaan pemuda per wilayah belum dipublikasikan.",https://satudata.kemenpora.go.id/cdn/uploads/produk/1/0/ok-laporan-ipp-2025_compressed.pdf,satudata.kemenpora.go.id,True,True,True,OK,,3,0,3,laporan kinerja 2025 KEMENTERIAN PEMUDA DAN OLAHRAGA rasio kewirausahaan pemuda | laporan kinerja 2025 KEMENTERIAN PEMUDA DAN OLAHRAGA rasio kewirausahaan pemuda [site:kemenpora.go.id] | Laporan Kinerja Deputi Pelayanan Kepemudaan Tahun 2025 rasio kewirausahaan pemuda [site:kemenpora.go.id],7879,369,9.35
20260917_150324,2026-09-17T15:22:11,watsonx-qwen3-30b-a3b-instruct-2507,serper,0.0,98,534,Industri,KEMENTERIAN PEMUDA DAN OLAHRAGA,KP 04.18.02-Persentase pemuda penyandang disabilitas yang bekerja,"17,82",persen,True,False,False,False,90,tidak_ada,tidak_ada,"Program belum berjalan, ditandai dengan tidak ditemukannya bukti konkret kegiatan pemerintah tahun 2025 yang secara eksplisit menggarap indikator persentase pemuda penyandang disabilitas yang bekerja. Hanya ditemukan rencana program seperti Wirasena Youth Camp 2026 dan kegiatan pelatihan penggerak olahraga disabilitas, yang tidak mencakup indikator pekerjaan. Tidak ada siaran pers, laporan kinerja, atau dokumen resmi tahun 2025 yang menyebutkan capaian atau pelaksanaan program terkait pekerjaan pemuda disabilitas.","Program berjalan ditandai dengan Kemenpora aktif menjalankan program nyata bagi pemuda disabilitas: Pelatihan Kewirausahaan Pemuda Penyandang Disabilitas (Bogor, Agu 2025), Program BERDAYA (ToT pelatih disabilitas, Apr 2026), program AI Skilling bersama Plan Indonesia.",tidak_ada,,False,False,True,OK,,3,0,3,laporan kinerja 2025 KEMENTERIAN PEMUDA DAN OLAHRAGA persentase pemuda penyandang disabilitas yang bekerja | KEMENTERIAN PEMUDA DAN OLAHRAGA program pemuda disabilitas bekerja 2025 [site:kemenpora.go.id] | siaran pers KEMENTERIAN PEMUDA DAN OLAHRAGA program bekerja pemuda disabilitas 2025 [site:kemenpora.go.id],7422,380,10.27
20260917_150324,2026-09-17T15:22:21,watsonx-qwen3-30b-a3b-instruct-2507,serper,0.0,99,535,Industri,KEMENTERIAN PEMUDA DAN OLAHRAGA,KP 04.18.02- Rasio TPAK pemuda perempuan terhadap laki-laki,"66,3",persen,True,False,False,False,90,lkj,2025,"Program belum berjalan, ditandai dengan tidak ditemukannya bukti kegiatan konkret, siaran pers, atau capaian nyata terkait rasio TPAK pemuda perempuan terhadap laki-laki pada tahun 2025 di dokumen LKj 2025 Kemenpora maupun sumber resmi lainnya. Hanya terdapat indikator dan target tanpa bukti pelaksanaan kegiatan fisik atau teknis.","Program berjalan ditandai dengan Ada rakor lintas K/L (Kemenko PMK, Kemenpora, Bappenas) yang secara eksplisit menyasar TPAK pemuda perempuan sebagai bagian domain IPP, plus program YES/AI Skilling khusus pemuda perempuan & disabilitas. Belum ditemukan program berdiri sendiri yang secara spesifik hanya mengejar rasio TPAK ini, tapi upaya pelaksanaan (rakor + program turunan) sudah berjalan.",https://satudata.kemenpora.go.id/cdn/uploads/produk/1/0/ok-laporan-ipp-2025_compressed.pdf,satudata.kemenpora.go.id,True,True,True,OK,,3,1,3,laporan kinerja 2025 KEMENTERIAN PEMUDA DAN OLAHRAGA rasio TPAK pemuda perempuan per laki-laki | laporan kinerja 2025 KEMENTERIAN PEMUDA DAN OLAHRAGA rasio TPAK pemuda perempuan per laki-laki [site:kemenpora.go.id] | siaran pers KEMENTERIAN PEMUDA DAN OLAHRAGA 2025 rasio TPAK pemuda perempuan per laki-laki [site:kemenpora.go.id],7223,380,10.36
20260917_150324,2026-09-17T15:22:32,watsonx-qwen3-30b-a3b-instruct-2507,serper,0.0,100,536,Sosial,KEMENTERIAN PEMUDA DAN OLAHRAGA,KP 04.18.03 Persentase pemuda (16-30 tahun) yang mengikuti kegiatan organisasi dalam 3 bulan terakhir,"5,65",persen,True,False,False,False,90,media,2025,"Program belum berjalan, ditandai dengan tidak ditemukannya bukti konkret kegiatan pemerintah yang melibatkan pemuda 16-30 tahun dalam organisasi pada tahun 2025. Hanya ditemukan dokumen perencanaan, laporan tahunan yang tidak mencantumkan capaian 2025, dan data statistik tanpa indikasi pelaksanaan kegiatan nyata.","Program berjalan ditandai dengan BPS bersama Kemenpora rutin menerbitkan Statistik Pemuda Indonesia dan Laporan Indeks Pembangunan Pemuda (IPP) yang mengukur partisipasi pemuda dalam kegiatan organisasi sebagai salah satu indikator domain partisipasi dan kepemimpinan. Laporan IPP 2025 telah dipublikasikan dengan metode baru yang diperluas hingga tingkat kabupaten/kota, meski capaian daerah pada indikator ini umumnya masih di bawah capaian nasional.",https://satudata.kemenpora.go.id/produk/1/0/ok-laporan-ipp-2025_compressed.pdf,satudata.kemenpora.go.id,True,False,True,OK,,3,0,3,laporan kinerja 2025 KEMENTERIAN PEMUDA DAN OLAHRAGA persentase pemuda 16-30 tahun ikut organisasi 3 bulan terakhir | persentase pemuda 16-30 tahun ikut organisasi 3 bulan terakhir KEMENTERIAN PEMUDA DAN OLAHRAGA 2025 [site:kemenpora.go.id] | Kegiatan organisasi pemuda 16-30 tahun KEMENTERIAN PEMUDA DAN OLAHRAGA 2025 [site:kemenpora.go.id],7354,371,11.4
20260917_150324,2026-09-17T15:22:42,watsonx-qwen3-30b-a3b-instruct-2507,serper,0.0,101,537,Industri,KEMENTERIAN PEMUDA DAN OLAHRAGA,KP 04.18.03 - Persentase pemuda yang menduduki posisi manajerial,"1,48",persen,True,False,False,False,90,lkj,2025,"Program belum berjalan, ditandai dengan tidak ditemukannya bukti konkret kegiatan pemerintah terkait peningkatan persentase pemuda di posisi manajerial pada tahun 2025. Dokumen LKj 2025 Kemenpora menyebutkan fokus pada pelayanan publik dan penguatan SDM, namun tidak menyertakan capaian atau kegiatan spesifik terkait indikator tersebut. Tidak ada siaran pers, laporan kegiatan, atau data realisasi yang mengonfirmasi pelaksanaan program ini di tahun 2025.","Program berjalan ditandai dengan Kemenpora menjalankan program kaderisasi kepemimpinan pemuda: TALENTA MUDA/PKPMN (kerja sama dengan Lemhannas), kerja sama dengan PII, dan program lain di bawah domain 'partisipasi dan kepemimpinan' IPP.",https://image.kemenpora.go.id/2026/03/03/lkj-sekretariat-9lrRU.pdf,image.kemenpora.go.id,True,True,True,OK,,3,0,3,laporan kinerja 2025 KEMENTERIAN PEMUDA DAN OLAHRAGA persentase pemuda posisi manajerial | KEMENTERIAN PEMUDA DAN OLAHRAGA program pemuda posisi manajerial 2025 [site:kemenpora.go.id] | KEMENTERIAN PEMUDA DAN OLAHRAGA program pengembangan pemuda manajerial 2025 [site:kemenpora.go.id],7777,383,9.58
20260917_150324,2026-09-17T15:22:51,watsonx-qwen3-30b-a3b-instruct-2507,serper,0.0,102,542,Sosial,KEMENTERIAN PEMUDA DAN OLAHRAGA,KP 04.21.02 - Jumlah tenaga keolahragaan cabang olahraga olimpiade dan paralimpiade bersertifikasi internasional,250,orang,True,False,False,False,70,media,2025,"Program belum berjalan, ditandai dengan tidak ditemukannya bukti konkret pelaksanaan kegiatan atau capaian nyata pada tahun 2025 di dokumen resmi Kemenpora, meskipun terdapat data satudata.kemenpora.go.id yang menyebutkan jumlah 220 tenaga bersertifikasi internasional, namun tidak disertai bukti kegiatan fisik atau pelaksanaan program tahun 2025.","Program berjalan ditandai dengan Program berjalan. Kemenpora aktif menyelenggarakan sertifikasi tenaga keolahragaan bertaraf internasional, di antaranya sertifikasi 200 pelatih paralimpiade bersama NPC Indonesia (Mei 2026) dan World Aquatics Certification Course bersama PB Akuatik Indonesia di Bali (Agustus 2026) untuk cabang olahraga olimpiade dan paralimpiade.",https://satudata.kemenpora.go.id/dataset/detail/112/jumlah-tenaga-keolahragaan-cabang-olahraga-olimpiade-dan-paralimpiade-bersertifikasi-internasional,satudata.kemenpora.go.id,True,True,True,OK,,3,0,3,laporan kinerja 2025 KEMENTERIAN PEMUDA DAN OLAHRAGA jumlah tenaga keolahragaan cabang olahraga olimpiade paralimpiade bersertifikasi internasional | Kemenpora 2025 sertifikasi tenaga keolahragaan olimpiade paralimpiade [site:kemenpora.go.id] | Laporan Kinerja Kemenpora 2025 capaian sertifikasi tenaga keolahragaan olimpiade paralimpiade [site:ppid.kemenpora.go.id],7915,400,9.42
20260917_150324,2026-09-17T15:23:01,watsonx-qwen3-30b-a3b-instruct-2507,serper,0.0,103,548,Sosial,KEMENTERIAN PEMUDA DAN OLAHRAGA,KP 04.21.04- Kejuaraan dunia cabang olahraga unggulan olimpiade dan paralimpiade yang diikuti/terselenggara,20,kegiatan,True,False,True,True,90,siaran_pers,2025,"Program berjalan, ditandai dengan penyelenggaraan Kejuaraan Dunia Senam 2025 yang diumumkan oleh Menpora Dito, sebagai bagian dari kegiatan kejuaraan dunia cabang olahraga unggulan olimpiade yang diikuti/terselenggara pada tahun 2025.","Program berjalan ditandai dengan Atlet Indonesia aktif mengikuti kejuaraan dunia cabang olahraga unggulan, seperti meraih gelar juara umum pada World Para Athletics Grand Prix 2026 di Tunisia. Indonesia juga menjadi tuan rumah Kejuaraan Dunia Senam Artistik 2025 di Jakarta serta berbagai kejuaraan dunia BWF dan lainnya.",https://www.kemenpora.go.id/search?q=20&per_page=1860&page=20,www.kemenpora.go.id,True,True,True,OK,,3,0,3,laporan kinerja 2025 KEMENTERIAN PEMUDA DAN OLAHRAGA kejuaraan dunia cabang olahraga unggulan olimpiade paralimpiade | kejuaraan dunia cabang olahraga unggulan olimpiade paralimpiade 2025 KEMENTERIAN PEMUDA DAN OLAHRAGA [site:kemenpora.go.id] | kejuaraan dunia cabang olahraga unggulan olimpiade paralimpiade 2025 KEMENTERIAN PEMUDA DAN OLAHRAGA siaran pers [site:kemenpora.go.id],8841,367,9.42
20260917_150324,2026-09-17T15:23:11,watsonx-qwen3-30b-a3b-instruct-2507,serper,0.0,104,549,Sosial,KEMENTERIAN PEMUDA DAN OLAHRAGA,KP 04.22.01- Persentase penduduk usia sekolah (7-18 tahun) yang melakukan olahraga seminggu terakhir,"69,06",persen,True,False,True,True,90,siaran_pers,2025,"Program berjalan, ditandai dengan penyelenggaraan 9th Asian School Basketball Championship (ASBC) 2025 pada 24 Agustus 2025 di Solo, yang melibatkan pelajar dari berbagai negara dan menjadi bagian dari program pembinaan olahraga sekolah oleh Kemenpora.","Program berjalan ditandai dengan Kemenpora bersama Kemenko PMK aktif menjalankan kampanye peningkatan aktivitas olahraga penduduk usia sekolah melalui Gerakan Masyarakat Aktif dan Bugar (GEMAR) yang menyasar target nasional RPJMN 2025-2029 sebesar 47,5% penduduk berolahraga dalam seminggu terakhir pada 2029.",https://www.kemenpora.go.id/detail/6359/bertanding-sepenuh-hati-asbc-2025-jadi-ajang-pembinaan-dan-diplomasi-olahraga,www.kemenpora.go.id,True,True,True,OK,,3,0,3,laporan kinerja 2025 KEMENTERIAN PEMUDA DAN OLAHRAGA persentase penduduk usia sekolah olahraga seminggu terakhir | siaran pers KEMENTERIAN PEMUDA DAN OLAHRAGA kegiatan olahraga pelajar 2025 [site:kemenpora.go.id] | Kementerian Pemuda dan Olahraga program olahraga sekolah 2025 persentase pelajar rutin berolahraga [site:kemenpora.go.id],7560,360,10.13
20260917_150324,2026-09-17T15:23:20,watsonx-qwen3-30b-a3b-instruct-2507,serper,0.0,105,550,Sosial,KEMENTERIAN PEMUDA DAN OLAHRAGA,KP 04.22.01 - Persentase penduduk penyandang disabilitas usia 5 tahun ke atas yang melakukan olahraga seminggu terakhir,"11,67",persen,True,False,False,False,90,tidak_ada,tidak_ada,"Program belum berjalan, ditandai dengan tidak ditemukannya bukti konkret kegiatan pemerintah tahun 2025 terkait peningkatan partisipasi olahraga difabel, meskipun terdapat rencana dan target dalam dokumen RPJMN 2025-2029 serta dokumen perencanaan di Bappenas dan Kemenpora.","Program berjalan ditandai dengan Kemenpora bersama NPC Indonesia aktif menjalankan program sertifikasi pelatih olahraga disabilitas dan penyusunan skema sertifikasi, termasuk Training of Trainers Penggerak Olahraga Disabilitas 'BERDAYA' di Bogor (Agustus 2026) dengan 122 peserta, sebagai bagian dari upaya meningkatkan partisipasi olahraga penyandang disabilitas.",tidak_ada,,False,False,True,OK,,3,0,3,laporan kinerja 2025 KEMENTERIAN PEMUDA DAN OLAHRAGA difabel olahraga partisipasi | siaran pers KEMENTERIAN PEMUDA DAN OLAHRAGA 2025 difabel olahraga partisipasi [site:kemenpora.go.id] | KEMENTERIAN PEMUDA DAN OLAHRAGA 2025 program difabel olahraga partisipasi [site:bappenas.go.id],7000,316,8.81
20260917_150324,2026-09-17T15:23:28,watsonx-qwen3-30b-a3b-instruct-2507,serper,0.0,106,551,Sosial,KEMENTERIAN PEMUDA DAN OLAHRAGA,KP 04.22.02 - Persentase provinsi yang menyelenggarakan kampanye olahraga,100,persen,True,False,True,True,90,lkj,2025,"Program berjalan, ditandai dengan pelaksanaan Kampanye Olahraga Masyarakat pada 22-24 Juli 2025 di Hotel Ciputra Jakarta, sebagaimana dicatat dalam Laporan Kinerja Asisten Deputi Olahraga Masyarakat Tahun 2025 dari Kemenpora.","Program berjalan ditandai dengan Kampanye olahraga diselenggarakan di berbagai provinsi melalui Festival Olahraga Masyarakat Nasional (FORNAS) VIII 2025 di NTB yang melibatkan 12 ribu pegiat dari 37 provinsi, serta program rutin GEMAR dan Kejuaraan Tarkam Kemenpora yang menjangkau daerah secara nasional.",https://ppid.kemenpora.go.id/uploads/dip_informasi_berkala/1/6/3/Laporan%20Kinerja%20Asisten%20Deputi%20Olahraga%20Masyarakat%20Tahun%202025.pdf,ppid.kemenpora.go.id,True,True,True,OK,,3,0,3,laporan kinerja 2025 KEMENTERIAN PEMUDA DAN OLAHRAGA kampanye olahraga provinsi | kampanye olahraga provinsi 2025 KEMENTERIAN PEMUDA DAN OLAHRAGA [site:kemenpora.go.id] | kampanye olahraga masyarakat 22-24 Juli 2025 KEMENTERIAN PEMUDA DAN OLAHRAGA [site:kemenpora.go.id],7868,364,8.51
20260917_150324,2026-09-17T15:23:37,watsonx-qwen3-30b-a3b-instruct-2507,serper,0.0,107,554,Birokrasi,KOMISI PEMBERANTASAN KORUPSI,KP 07.05.01 - Nilai dimensi internal (Indeks Integritas Nasional),"81,30",Indeks,True,False,True,True,90,bappenas,2025,"Program berjalan, ditandai dengan pelaksanaan Survei Penilaian Integritas (SPI) 2025 oleh KPK yang telah dirilis secara publik dan mencatat Indeks Integritas Nasional sebesar 72,32 poin, serta tercantumnya pengendalian internal dan integritas sebagai indikator kinerja dalam RKA-2025 KPK.","Program berjalan ditandai dengan KPK secara rutin melaksanakan Survei Penilaian Integritas (SPI) sebagai instrumen pengukuran Indeks Integritas Nasional. Hasil SPI 2025 telah dipublikasikan resmi pada peringatan Hakordia 9 Desember 2025 dengan skor nasional 72,32 (naik dari 71,53 di 2024), melibatkan 657 institusi dan lebih dari 837 ribu responden.",https://spi.kpk.go.id/dashboard/hasil/,spi.kpk.go.id,True,True,True,OK,,3,0,3,laporan kinerja 2025 KPK nilai dimensi internal integritas nasional | evaluasi internal integritas nasional 2025 KPK [site:kpk.go.id] | laporan kinerja 2025 KPK indikator internal integritas nasional [site:kpk.go.id],7421,290,8.73
20260917_150324,2026-09-17T15:23:46,watsonx-qwen3-30b-a3b-instruct-2507,serper,0.0,108,557,Pertahanan,BADAN NASIONAL PENANGGULANGAN BENCANA,KP 08.04.01 - Persentase daerah yang memiliki tingkat kapasitas penanggulangan bencana minimal pada kategori sedang,67,persen,True,False,True,True,90,lkj,2025,"Program berjalan, ditandai dengan pelaksanaan evaluasi kapasitas penanggulangan bencana di daerah dan pencapaian target persentase daerah dengan kapasitas sedang dalam Laporan Kinerja BNPB 2025 yang terbit awal 2026, yang menyebutkan indikator tersebut sebagai bagian dari capaian kinerja tahun 2025.","Program berjalan ditandai dengan Laporan Kinerja (LAKIP) BNPB 2025 - dokumen resmi realisasi kinerja, BUKAN rencana - melaporkan angka riil: target 67%, CAPAIAN AKTUAL hanya 50% (74,63% dari target). Ini bukti realisasi konkret namun MASIH DI BAWAH TARGET 2025. Realisasi ditandai FALSE karena capaian belum mencapai target meski aktivitas terverifikasi nyata.",https://bnpb.go.id/storage/app/media/Lakip%20BNPB%202025%20-%20R1_compressed.pdf,bnpb.go.id,True,True,True,OK,,3,0,3,laporan kinerja 2025 BNPB kapasitas penanggulangan bencana daerah | BNPB capaian kapasitas penanggulangan bencana daerah 2025 [site:bnpb.go.id] | BNPB realisasi persentase daerah kapasitas penanggulangan bencana sedang 2025 [site:bnpb.go.id],7650,336,9.33
20260917_150324,2026-09-17T15:23:55,watsonx-qwen3-30b-a3b-instruct-2507,serper,0.0,109,558,Pertahanan,BADAN NASIONAL PENANGGULANGAN BENCANA,KP 08.04.02 - Persentase cakupan layanan peringatan dini di daerah beresiko bencana,"6,10",persen,True,False,True,True,95,lkj,2025,"Program berjalan, ditandai dengan pencapaian indikator persentase cakupan layanan peringatan dini di daerah berisiko bencana sebesar 6,10% dalam Laporan Kinerja 2025 BNPB yang telah dirilis.","Program berjalan ditandai dengan BMKG meresmikan command center MHEWS (Multi-Hazard Early Warning System) pada 2025 yang mengintegrasikan InaTEWS dengan cakupan regional ASEAN & Pasifik - bukti ekspansi nyata sistem peringatan dini. Namun angka spesifik 'cakupan layanan peringatan dini di daerah berisiko' (skala 6,00->6,10, kemungkinan indeks bukan persentase) belum ditemukan datanya yang bisa dicocokkan langsung dengan target. Realisasi ditandai FALSE sampai angka resmi ditemukan.",https://bnpb.go.id/storage/app/media/Lakip%20BNPB%202025%20-%20R1_compressed.pdf,bnpb.go.id,True,True,True,OK,,3,0,3,laporan kinerja 2025 BNPB peringatan dini cakupan layanan daerah beresiko bencana | BNPB peringatan dini cakupan layanan daerah berisiko 2025 [site:bnpb.go.id] | BNPB kegiatan peringatan dini cakupan layanan daerah berisiko 2025 [site:bnpb.go.id],7709,310,8.75
20260917_150324,2026-09-17T15:24:05,watsonx-qwen3-30b-a3b-instruct-2507,serper,0.0,110,561,Infrastruktur,KEMENTERIAN KOORDINATOR BIDANG PANGAN,Indeks Kualitas Lingkungan Hidup,"76,49",Indeks,True,False,False,False,90,tidak_ada,tidak_ada,"Program belum berjalan, ditandai dengan tidak ditemukannya bukti konkret pelaksanaan kegiatan pemerintah terkait Indeks Kualitas Lingkungan Hidup (IKLH) pada tahun 2025 di dokumen LKj 2025 Kemenko Pangan atau sumber resmi lainnya. Hanya terdapat dokumen rencana strategis dan informasi umum tanpa capaian atau kegiatan teknis berjalan.","Program berjalan ditandai dengan TERLAMPAUI dari target: Laporan Kinerja Kementerian Lingkungan Hidup/Badan Pengendalian Lingkungan Hidup 2025 melaporkan capaian IKLH nasional 78,58 - MELAMPAUI target tahunan 76,49 - dan merupakan kelanjutan tren kenaikan IKLH yang konsisten melampaui target sejak 2020 (BPS mencatat pola serupa setiap tahun). Data resmi, terverifikasi kuat, bukan estimasi.",https://ppid.kemenkopangan.go.id/informasi-publik?kategori=berkala,ppid.kemenkopangan.go.id,True,True,True,OK,,3,0,3,laporan kinerja 2025 KEMENTERIAN KOORDINATOR BIDANG PANGAN Indeks Kualitas Lingkungan Hidup | Indeks Kualitas Lingkungan Hidup 2025 KEMENTERIAN KOORDINATOR BIDANG PANGAN [site:kemenkopangan.go.id] | Laporan Kinerja 2025 Kemenko Pangan Indeks Kualitas Lingkungan Hidup [site:ppid.kemenkopangan.go.id],6485,357,9.58
20260917_150324,2026-09-17T15:24:14,watsonx-qwen3-30b-a3b-instruct-2507,serper,0.0,111,569,Sosial,BADAN NASIONAL PENGELOLA PERBATASAN,KP 06.07.05 - Persentase desa maju dan mandiri di 22 Pusat Pertumbuhan Kawasan Perbatasan,"45,56",persen,True,False,False,False,90,tidak_ada,tidak_ada,"Program belum berjalan, ditandai dengan tidak ditemukannya bukti kegiatan konkret, laporan kinerja 2025, atau siaran pers resmi dari BNP pada tahun 2025 yang mencatat pelaksanaan kegiatan terkait peningkatan desa maju dan mandiri di kawasan perbatasan. Hanya ditemukan data statis dan dokumen rencana tanpa bukti implementasi fisik atau teknis.","Program berjalan ditandai dengan BNPP RI aktif melaksanakan pemantauan dan evaluasi capaian desa maju dan mandiri di kawasan perbatasan melalui Indeks Pembangunan Kawasan Perbatasan (IPKP) 2025 dan Rakorendal 2025 (18-19 November 2025) yang dihadiri 18 gubernur kawasan perbatasan, dengan sejumlah kawasan seperti Sabang dan Jayapura mencatatkan capaian nilai B.",tidak_ada,,False,False,True,OK,,3,2,3,laporan kinerja 2025 BNP kawasan perbatasan desa maju mandiri | laporan kinerja 2025 BNP persentase desa maju mandiri kawasan perbatasan [site:kemenkoinfra.go.id] | siaran pers BNP 2025 desa maju mandiri kawasan perbatasan [site:kemenkoinfra.go.id],6131,318,8.95
20260917_150324,2026-09-17T15:24:25,watsonx-qwen3-30b-a3b-instruct-2507,serper,0.0,112,577,Pertahanan,BADAN NASIONAL PENANGGULANGAN TERORISME,KP 02.04.04 - Indeks Risiko Terorisme (Target),"51,77",Indeks,True,False,False,False,90,tidak_ada,tidak_ada,"Program belum berjalan, ditandai dengan tidak ditemukannya bukti konkret pelaksanaan kegiatan pemerintah terkait indeks risiko terorisme pada 2025 di dokumen LKj 2025, siaran pers resmi, atau sumber resmi lainnya. Tidak ada laporan kinerja 2025 dari BNPT yang menyebutkan capaian atau kegiatan teknis terkait indikator ini.","Program berjalan ditandai dengan BNPT melaporkan tren POSITIF sepanjang 2025: Indonesia mengalami ZERO terrorist attack selama 2 tahun berturut-turut, kelompok Jemaah Islamiyah (JI) resmi dibubarkan (30 Juni 2025), dan skor World Terrorism Index membaik dari 18 (2024) menjadi 15 (2025, semakin rendah = semakin aman). Meski indeks domestik BNPT (skala RPJMN, baseline 51,87) tidak persis sama dengan indeks internasional yang dikutip, tren penurunan risiko terorisme terkonfirmasi kuat lewat berbagai indikator resmi & independen - realisasi ditandai TRUE.",,,False,False,True,OK,,3,1,3,laporan kinerja 2025 BNP2T indeks risiko terorisme | laporan kinerja 2025 BNPT indeks risiko terorisme [site:ppid.bnpt.go.id] | siaran pers BNPT 2025 indeks risiko terorisme [site:bnpt.go.id],6055,294,11.37
20260917_150324,2026-09-17T15:24:35,watsonx-qwen3-30b-a3b-instruct-2507,serper,0.0,113,580,Birokrasi,BADAN PENGAWAS PEMILIHAN UMUM,"KP 01.03.02 - Persentase hasilpenindakan pelanggaran pemilu yang cepat, tanpa biaya, aksesibel, mudah dimengerti, dan akuntabel",0,persen,True,False,True,True,90,lkj,2025,"Program berjalan, ditandai dengan pelaksanaan penindakan pelanggaran pemilu yang terintegrasi, efektif, transparan, dan aksesibel oleh Bawaslu Kabupaten Pasaman Barat pada tahun 2025, sebagaimana dicatat dalam Laporan Kinerja Instansi Pemerintah (LKIP) tahun 2025.","Program berjalan ditandai dengan Bawaslu telah mengoperasikan sistem penindakan pelanggaran pemilu yang cepat, daring, dan aksesibel melalui aplikasi Sigap Lapor (Sistem Informasi Penanganan Pelanggaran Pemilu dan Pelaporan). Laporan Kinerja Instansi Bawaslu Triwulan IV 2025 turut menunjukkan realisasi indikator penanganan dan penindakan pelanggaran mencapai progres 100% dari target.",https://ppidapp.bawaslu.go.id/api/services/file/public/dip/1312/1781750099864-LKIP%20BWS%20Pasaman%20Barat_2025%20ttd%20fix.%20(1).pdf,ppidapp.bawaslu.go.id,True,True,True,OK,,3,0,3,laporan kinerja 2025 BAWASLU penindakan pelanggaran pemilu hasil cepat aksesibel akuntabel | penindakan pelanggaran pemilu cepat aksesibel akuntabel 2025 Bawaslu [site:bawaslu.go.id] | penindakan pelanggaran pemilu cepat aksesibel akuntabel 2025 Bawaslu [site:ppidapp.bawaslu.go.id],8616,382,10.16
20260917_150324,2026-09-17T15:24:47,watsonx-qwen3-30b-a3b-instruct-2507,serper,0.0,114,586,Pangan,BADAN KARANTINA INDONESIA,KP 02.10.13 - Persentase wilayah terkendali dari Organisme Penggangu Tumbuhan Karantina (OPTK),85,persen,True,False,True,True,90,lkj,2025,"Program berjalan, ditandai dengan kegiatan pemantauan dan penindaklanjutan temuan Organisme Penggangu Tumbuhan Karantina (OPTK) di wilayah Indonesia yang dilaporkan dalam Laporan Kinerja Tahun 2025 Badan Karantina Indonesia.","Program berjalan ditandai dengan Badan Karantina Indonesia mempublikasikan Laporan Kinerja (LAKIN) triwulanan resmi per Balai Karantina Hewan, Ikan dan Tumbuhan (BKHIT) di berbagai daerah (Sumut, Riau, Sulteng, Kaltim, Papua Barat Daya, NAD, Sulsel, dll) - dokumen realisasi konkret dengan data target vs capaian riil per triwulan, BUKAN rencana. Sistem pemantauan OPTK secara nasional terkonfirmasi aktif berjalan (Seminar Nasional Pemantauan OPTK tahunan). Namun angka agregat nasional persentase 'wilayah terkendali dari OPTK' (target 85%) belum ditemukan sebagai satu angka tunggal.",https://karantinaindonesia.go.id/repository/main-web/performance-reports/01KWZS31TNS0EF1BD0265ZJHSQ.pdf,karantinaindonesia.go.id,True,True,True,OK,,3,0,3,laporan kinerja 2025 Badan Karantina Indonesia persentase wilayah terkendali OPTK | siaran pers Badan Karantina Indonesia 2025 kontrol OPTK wilayah terkendali [site:karantinaindonesia.go.id] | Badan Karantina Indonesia 2025 kegiatan pemantauan OPTK wilayah terkendali [site:karantinaindonesia.go.id],6994,316,11.57
20260917_150324,2026-09-17T15:24:56,watsonx-qwen3-30b-a3b-instruct-2507,serper,0.0,115,587,Infrastruktur,LEMBAGA PENYIARAN PUBLIK TELEVISI REPUBLIK INDONESIA,KP 03.02.01 - Jangkauan penyiaran televisi siaran digital terestial penerimaan tetap tidak berbayar (free to air) per populasi,74,persen,True,False,True,True,90,lkj,2025,"Program berjalan, ditandai dengan Laporan Kinerja Instansi Pemerintah Tahun 2025 LPP TVRI yang menyebutkan analisis keberhasilan capaian indikator jangkauan siaran digital terestrial penerimaan tetap tidak berbayar per populasi, serta capaian kinerja di atas 100% di beberapa stasiun daerah.","Program berjalan ditandai dengan Program Analog Switch Off (ASO) sudah TUNTAS secara nasional sejak akhir 2024 dengan klaim jangkauan 97% populasi (data Kominfo, per media Liputan6 Okt 2024) - infrastruktur multiplexing (MUX) terbangun luas (95 pemancar TVRI + 227 swasta). Namun ini angka gabungan TVRI+swasta, sementara indikator RPJMN spesifik untuk TVRI 'penerimaan tetap tidak berbayar (free to air)' (baseline 73,44%, target 74%) belum ditemukan sebagai angka terpisah dan terbaru (2025). Realisasi ditandai FALSE sampai angka spesifik TVRI dikonfirmasi.",https://ppid.tvri.go.id/storage/layanan/dokumen/1TxoZeZdCrL0yRMmFyVFZD1iwkzevzGvpBLjRj7x.pdf,ppid.tvri.go.id,True,True,True,OK,,3,0,3,laporan kinerja 2025 LPP TVRI jangkauan siaran digital terestrial per populasi | jangkauan siaran digital terestrial TVRI 2025 capaian [site:tvri.go.id] | capaian jangkauan siaran digital terestrial TVRI 2025 [site:ppid.tvri.go.id],7767,338,9.19
20260917_150324,2026-09-17T15:25:20,watsonx-qwen3-30b-a3b-instruct-2507,serper,0.0,116,588,Pertahanan,BADAN KEAMANAN LAUT,KP 02.06.01 - Persentase Kehadiran dalam forum-forum internasional terkait keamanan laut,50,persen,True,False,True,True,95,siaran_pers,2025,"Program berjalan, ditandai dengan kehadiran Kepala Bakamla RI dalam Coast Guard Global Summit 2025 di Roma, Italia, pada 11 September 2025, serta partisipasi dalam 21st High Level Meeting HACGAM 2025 di Sydney, yang merupakan bagian dari upaya diplomasi maritim dan kerja sama keamanan laut internasional.","Program berjalan ditandai dengan Bakamla RI terkonfirmasi aktif hadir dan berperan di berbagai forum keamanan laut internasional sepanjang 2025-2026: ASEAN Coast Guard Forum (diinisiasi Bakamla sejak 2022), HACGAM (Head of Asian Coast Guard Agency Meeting), ReCAAP, SEAMLEI, serta koordinasi rutin dengan Jepang Coast Guard (JCG). Bukti partisipasi aktif dan berkelanjutan, bukan sekadar rencana.",https://www.bakamla.go.id/publication/detail_news/bakamla-ri-hadiri-coast-guard-global-summit-2025-di-roma-italia,www.bakamla.go.id,True,True,True,OK,,3,0,3,laporan kinerja 2025 BADAN KEAMANAN LAUT forum maritim diplomasi laut partisipasi internasional | partisipasi internasional BADAN KEAMANAN LAUT forum keamanan laut 2025 [site:bakamla.go.id] | Bakamla RI Coast Guard Global Summit 2025 Roma Italia hasil kegiatan [site:bakamla.go.id],7635,336,24.68
20260917_150324,2026-09-17T15:25:29,watsonx-qwen3-30b-a3b-instruct-2507,serper,0.0,117,591,Pertahanan,BADAN KEAMANAN LAUT,KP 02.06.03 - Persentase kesesuaian rencana patroli nasional,100,persen,True,False,True,True,90,bappenas,2025,"Program berjalan, ditandai dengan realisasi patroli laut terkoordinasi yang disebutkan dalam Keputusan Kepala Bakamla RI No. 163 Tahun 2025, serta pelaksanaan patroli bersama yang dilaporkan pada semester I 2025.","Program berjalan ditandai dengan Bakamla melaksanakan tiga jenis patroli secara rutin (mandiri sepanjang tahun, bersama instansi dalam negeri seperti TNI AL/KPLP/Polri/Bea Cukai/Imigrasi, dan bersama negara ASEAN) di seluruh zona barat-tengah-timur - bukti aktivitas patroli nyata dan berkelanjutan. Namun angka spesifik 'persentase kesesuaian rencana patroli nasional' (target 100%) belum ditemukan datanya secara terbuka - realisasi ditandai FALSE sampai angka resmi dikonfirmasi, meski aktivitas dasarnya terverifikasi berjalan.",https://ppid.bakamla.go.id/daftar-informasi-publik/download/72dc82e5-9389-4d84-8e8c-698fd662f347,ppid.bakamla.go.id,True,True,True,OK,,3,0,3,laporan kinerja 2025 badan keamanan laut rencana patroli nasional | rencana patroli nasional 2025 badan keamanan laut implementasi [site:bakamla.go.id] | patroli bersama badan keamanan laut 2025 realisasi [site:bakamla.go.id],7828,320,8.29
20260917_150324,2026-09-17T15:25:38,watsonx-qwen3-30b-a3b-instruct-2507,serper,0.0,118,596,Kesehatan,KEMENTERIAN KESEHATAN,PP 04.14 - Jumlah kab/kota eliminasi rabies,430,kab/kota,True,False,False,False,90,lkj,2024,"Program belum berjalan, ditandai dengan tidak ditemukannya bukti kegiatan konkret tahun 2025 di LKj/LAKIP 2025 Kemenkes, siaran pers resmi, atau sumber lain yang mengonfirmasi pelaksanaan vaksinasi hewan atau eliminasi rabies di 430 kab/kota pada 2025. Hanya terdapat rencana strategi dan dokumen perencanaan tahun 2025-2029.",Program berjalan ditandai dengan Program terintegrasi One Health aktif; terkendala cakupan vaksinasi hewan dan pelaporan pasca-gigitan (Dompu/TTS). Target eliminasi total 2030.,https://www.badankebijakan.kemkes.go.id/repositori/id/eprint/5852/1/LKj%20Kemenkes%202024.pdf,www.badankebijakan.kemkes.go.id,True,True,True,OK,,3,0,3,laporan kinerja 2025 Kementerian Kesehatan eliminasi rabies vaksin hewan | Kementerian Kesehatan siaran pers eliminasi rabies 2025 vaksinasi hewan [site:kemkes.go.id] | LAKIP Kemenkes 2025 eliminasi rabies vaksinasi hewan [site:kemkes.go.id],6875,360,9.03
20260917_150324,2026-09-17T15:25:48,watsonx-qwen3-30b-a3b-instruct-2507,serper,0.0,119,598,Sosial,BADAN PEMBINAAN IDEOLOGI PANCASILA,KP 01.01.02 - Indeks Aktualisasi Pancasila - Pengamalan Sila 2 Kemanusiaan yang Adil dan Beradab,83,Indeks,True,False,False,False,90,media,2025,"Program belum berjalan, ditandai dengan tidak ditemukannya bukti konkret kegiatan teknis, pelaksanaan fisik, atau laporan kinerja yang mencatat capaian nyata terkait pengamalan Sila 2 Kemanusiaan yang Adil dan Beradab pada tahun 2025. Hanya ditemukan publikasi umum tentang konsep pengamalan sila, tanpa indikasi pelaksanaan program nyata.","Program berjalan ditandai dengan BPIP secara rutin melaksanakan pengukuran Indeks Aktualisasi Pancasila (IAP) tahunan melalui kerja sama dengan BPS, dengan target resmi pada dokumen kinerja BPIP 2025 sebesar 79,37 dan terus dipantau melalui Direktorat Evaluasi termasuk survei terkait Pengamalan Sila 2.",https://bpip.go.id/berita/contoh-pengamalan-pancasila-sila-ke-2-di-kehidupan-sehari-hari,bpip.go.id,True,True,True,OK,,3,0,3,laporan kinerja 2025 BPIP etika sosial empati warga nilai kemanusiaan | laporan kinerja 2025 BPIP pengamalan sila 2 kemanusiaan beradab [site:bpip.go.id] | BPIP kegiatan 2025 pengamalan sila 2 kemanusiaan beradab [site:bpip.go.id],7498,346,9.95
20260917_150324,2026-09-17T15:25:58,watsonx-qwen3-30b-a3b-instruct-2507,serper,0.0,120,601,Sosial,LEMBAGA PERLINDUNGAN SAKSI DAN KORBAN,KP 07.02.02 - Indeks Perlindungan Saksi dan Korban,81,Indeks,True,False,True,True,90,media,2025,"Program berjalan, ditandai dengan layanan pendampingan hukum dan restitusi korban yang dilakukan LPSK sepanjang 2025, termasuk kasus penganiayaan di Cirebon dan pembakaran santri di NTB, serta penerimaan 13.027 permohonan perlindungan.","Program berjalan ditandai dengan LPSK aktif menjalankan layanan perlindungan saksi dan korban meski mengalami efisiensi anggaran signifikan pada 2025; jumlah permohonan perlindungan yang diterima naik 27,51% menjadi 13.027 permohonan dibanding 10.217 pada 2024, menunjukkan layanan tetap berjalan dan diakses masyarakat.",https://www.facebook.com/humasLPSK/posts/sepanjang-tahun-2025-lembaga-perlindungan-saksi-dan-korban-lpsk-menerima-13027-p/1281401624175214/,www.facebook.com,False,True,True,OK,,3,1,3,laporan kinerja 2025 LEMBAGA PERLINDUNGAN SAKSI DAN KORBAN pendampingan hukum layanan korban | laporan kinerja 2025 LEMBAGA PERLINDUNGAN SAKSI DAN KORBAN indikator perlindungan saksi korban [site:lpsk.go.id] | siaran pers LPSK 2025 pendampingan hukum layanan korban [site:lpsk.go.id],6576,364,10.47
20260917_150324,2026-09-17T15:26:08,watsonx-qwen3-30b-a3b-instruct-2507,serper,0.0,121,605,Industri,BADAN RISET DAN INOVASI NASIONAL,KP 02.16.05 - Jumlah penerapan bioteknologi yang dimanfaatkan untuk pengembangan bioprospeksi,50,produk,True,False,True,True,90,media,2025,"Program berjalan, ditandai dengan penerapan bioteknologi dalam bioprospeksi mikroba lokal untuk pengembangan produk skincare dan pemanfaatan sumber daya genetik lokal melalui genome-editing dan transformasi genetik, sebagaimana disebutkan dalam publikasi BRIN pada Juni 2025.","Program berjalan ditandai dengan BRIN aktif melakukan riset bioprospeksi (kolaborasi dgn Unsoed, Kemenhut untuk bioprospeksi flora kawasan konservasi, riset bioprospeksi keong darat, makroalga, dst) â€” program riset berjalan meski produk komersialnya masih bertahap.",https://brin.go.id/orpp/posts/kabar/brin-prioritaskan-sumber-daya-genetik-lokal-dalam-riset-budi-daya-tanaman,brin.go.id,True,True,True,OK,,3,0,3,laporan kinerja 2025 BRIN bioteknologi bioprospeksi | Laporan Kinerja 2025 BRIN bioteknologi bioprospeksi [site:brin.go.id] | BRIN penerapan bioteknologi bioprospeksi 2025 [site:brin.go.id],6957,307,9.56
20260917_150324,2026-09-17T15:26:16,watsonx-qwen3-30b-a3b-instruct-2507,serper,0.0,122,611,Industri,BADAN RISET DAN INOVASI NASIONAL,KP 04.08.02 - Jumlah BRIDA/ ekosistem daerah yang beroperasi optimal,2,lembaga,True,False,True,True,90,siaran_pers,2025,"Program berjalan, ditandai dengan siaran pers BRIN pada 3 September 2025 yang menyatakan dorongan optimalisasi BRIDA/BAPPERIDA untuk memperkuat ekosistem riset daerah, serta dukungan teknis dan kolaborasi dengan BRIDA di Jawa Tengah dan Kalimantan Tengah.","Program berjalan ditandai dengan BRIDA sudah beroperasi di berbagai daerah (Jateng, Sulteng, Medan, Bengkalis, Sultra, dll) dengan aktivitas nyata: verifikasi teknologi, bimtek, sinkronisasi RIPJ PID-RPJMD, dan pembentukan 'Rumah Inovasi Daerah'.",https://www.brin.go.id/news/124706/brin-dorong-optimalisasi-bridabapperida-2025-untuk-perkuat-ekosistem-riset-daerah,www.brin.go.id,True,True,True,OK,,3,0,3,laporan kinerja 2025 BRIN ekosistem inovasi daerah kolaborasi regional akselerator iptek | siaran pers BRIN 2025 ekosistem inovasi daerah optimal kolaborasi regional [site:brin.go.id] | LAKIP 2025 BRIN ekosistem inovasi daerah BRIDA optimal [site:brin.go.id],7584,326,7.79
20260917_150324,2026-09-17T15:26:25,watsonx-qwen3-30b-a3b-instruct-2507,serper,0.0,123,612,Industri,BADAN RISET DAN INOVASI NASIONAL,KP 04.08.02 - Jumlah penerimaan dari pemanfaatan iptek dan inovasi di BRIN,20,miliar rupiah,True,False,True,True,90,siaran_pers,2025,"Program berjalan, ditandai dengan kegiatan komersialisasi riset melalui lisensi teknologi dan kolaborasi dengan BRIDA Jateng untuk hilirisasi inovasi, serta siaran pers resmi BRIN pada Juni 2025 yang menyoroti strategi pemanfaatan iptek untuk pendapatan.","Program berjalan ditandai dengan BRIN menjalankan skema penerimaan dari pemanfaatan iptek: Pengujian Produk Inovasi (PPI) 2025, kerja sama lisensi/alih teknologi (FFAT), dan pelatihan valuasi KI bersama WIPO (Nov 2025) â€” mekanisme pemasukan sudah berjalan meski angka realisasi 2025 belum terpublikasi rinci.",https://brin.go.id/news/127464/brin-gandeng-brida-jateng-perkuat-hilirisasi-riset-dan-dongkrak-pendapatan-daerah,brin.go.id,True,True,True,OK,,3,0,3,laporan kinerja 2025 BRIN jumlah penerimaan pemanfaatan iptek inovasi | BRIN pemanfaatan iptek inovasi pendapatan 2025 [site:brin.go.id] | siaran pers BRIN komersialisasi inovasi pendapatan 2025 [site:brin.go.id],7529,311,9.15
20260917_150324,2026-09-17T15:26:38,watsonx-qwen3-30b-a3b-instruct-2507,serper,0.0,124,613,Industri,BADAN RISET DAN INOVASI NASIONAL,KP 04.08.02 - Jumlah hub iptekin di K/L yang mengampu bidang prioritas yang dibentuk,0,lembaga,True,False,False,False,90,media,2025,"Program belum berjalan, ditandai dengan tidak ditemukannya bukti konkret pembentukan lembaga iptekin di K/L yang mengampu bidang prioritas pada 2025. Hanya ditemukan dokumen perencanaan, rapat koordinasi, dan penetapan riset prioritas, namun tidak ada indikasi pembentukan lembaga baru atau kegiatan fisik teknis terkait pembentukan iptekin.","Program berjalan ditandai dengan Implementasi Hub Iptekin sudah berjalan, contoh: kerja sama BRINâ€“PTPN III (Agu 2026) yang eksplisit mencakup 'implementasi Hub Ilmu Pengetahuan, Teknologi, dan Inovasi (Hub Iptekin) sektor pangan'.",https://brin.go.id/drid/posts/kabar/sahkan-13-riset-prioritas-brin-pemkab-hulu-sungai-utara-optimalkan-lahan-rawa-hingga-transformasi-digital,brin.go.id,True,True,True,OK,,3,0,3,laporan kinerja 2025 BRIN iptekin prioritas | Laporan Kinerja 2025 BRIN [site:brin.go.id] | Laporan Kinerja 2025 BRIN iptekin prioritas [site:brin.go.id],7193,324,13.68
20260917_150324,2026-09-17T15:26:47,watsonx-qwen3-30b-a3b-instruct-2507,serper,0.0,125,615,Industri,BADAN RISET DAN INOVASI NASIONAL,KP 04.08.03 - Jumlah produk hasil iptek dan inovasi strategis yang dimanfaatkan oleh pemerintah dan masyarakat pada bidang-bidang prioritas,25,produk,True,False,False,False,90,media,2025,"Program belum berjalan, ditandai dengan belum ditemukannya bukti konkret pemanfaatan 25 produk iptek strategis oleh pemerintah dan masyarakat pada 2025. Hanya ditemukan publikasi dan sosialisasi terkait indikator serta rencana pemanfaatan, tanpa laporan capaian produk nyata yang dimanfaatkan.","Program berjalan ditandai dengan BRIN memamerkan 150â€“200 produk inovasi dari 12 klaster riset strategis ke Presiden (Agu 2026), termasuk produk yang sudah dimanfaatkan nyata (unit pengolahan air darurat untuk bencana) â€” sejumlah produk sudah mulai dimanfaatkan meski sebagian masih tahap penyempurnaan.",https://brin.go.id/dkri/posts/kabar/brin-luncurkan-buku-indikator-iptek-riset-dan-inovasi-indonesia-2025,brin.go.id,True,True,True,OK,,3,0,3,laporan kinerja 2025 BRIN produk iptek inovasi strategis | produk iptek inovasi strategis BRIN 2025 [site:brin.go.id] | capaian produk iptek BRIN 2025 pemanfaatan [site:brin.go.id],7592,308,8.29
20260917_150324,2026-09-17T15:27:09,watsonx-qwen3-30b-a3b-instruct-2507,serper,0.0,126,616,Industri,BADAN RISET DAN INOVASI NASIONAL,KP 04.08.03 - Jumlah kerja sama pemanfaatan iptek dan inovasi strategi dengan industri/badan usaha pada bidang-bidang prioritas,25,kerja sama,True,False,False,False,90,tidak_ada,tidak_ada,"Program belum berjalan, ditandai dengan tidak ditemukannya bukti konkret kegiatan pemanfaatan iptek dan inovasi dengan industri pada 2025 di dokumen resmi BRIN. Hanya terdapat rencana, target, dan publikasi umum tentang kolaborasi, tanpa indikasi realisasi kerja sama sebanyak 25 pada tahun 2025.","Program berjalan ditandai dengan Kerja sama pemanfaatan iptek dengan industri berjalan, mis. MoU riset-inovasi BRINâ€“PTPN III (Agu 2026), forum alih teknologi FFAT untuk mitra industri.",https://brin.go.id,brin.go.id,True,False,True,OK,,3,0,3,laporan kinerja 2025 BRIN kolaborasi riset kemitraan iptek | laporan kinerja 2025 BRIN kemitraan iptek industri [site:brin.go.id] | BRIN kemitraan iptek industri 2025 realisasi [site:brin.go.id],7574,287,21.81
20260917_150324,2026-09-17T15:27:18,watsonx-qwen3-30b-a3b-instruct-2507,serper,0.0,127,627,Pangan,BADAN PANGAN NASIONAL,KP 02.10.15 - Persentase daerah rentan rawan pangan,"11,5",persen,True,False,True,True,90,lkj,2025,"Program berjalan, ditandai dengan pemutakhiran metodologi FSVA 2025 oleh Direktur Pengendalian Kerawanan Pangan dan publikasi Indeks Ketahanan Pangan 2025 oleh Badan Pangan Nasional, yang mencakup peta kerentanan pangan di 514 kabupaten/kota.","Program berjalan ditandai dengan data resmi FSVA (Food Security and Vulnerability Atlas) 2025 dari Bapanas: 81 kabupaten/kota (15,76%) masih tergolong rentan rawan pangan, membaik dari 92 kab/kota (17,90%) di 2024 - REALISASI KONKRET dan TERUKUR. Namun angka 15,76% ini MASIH DI ATAS target 2025 (11,5%), meski trennya membaik.",https://pustaka.badanpangan.go.id/koleksi/577bcc914f9e55d5e4e4f82f9f00e7d4,pustaka.badanpangan.go.id,True,True,True,OK,,3,0,3,laporan kinerja 2025 BADAN PANGAN NASIONAL rawan pangan | peta kerawanan pangan 2025 Badan Pangan Nasional [site:badanpangan.go.id] | laporan kinerja 2025 Badan Pangan Nasional peta kerawanan pangan [site:badanpangan.go.id],7581,316,9.01
20260917_150324,2026-09-17T15:27:27,watsonx-qwen3-30b-a3b-instruct-2507,serper,0.0,128,628,Pangan,BADAN PANGAN NASIONAL,"KP 02.10.15 - Prevalensi penduduk dengan kerawanan pangan sedang atau berat, berdasarkan pada skala pengalaman kerawanan pangan / Food Insecurity Experience Scale (FIES)","3,75",persen,True,False,False,False,90,tidak_ada,tidak_ada,"Program belum berjalan, ditandai dengan tidak ditemukannya bukti konkret kegiatan pemerintah terkait pengukuran atau pelaksanaan program berbasis FIES pada tahun 2025. Tidak ada siaran pers, laporan kinerja 2025 dari BPN, atau publikasi resmi yang menyebutkan hasil analisis FIES 2025 atau pelaksanaan kegiatan teknis terkait indikator tersebut.","Program berjalan ditandai dengan Laporan Kinerja (LKj) Badan Pangan Nasional Tahun 2025 (resmi, disahkan 25 Februari 2026) yang secara eksplisit melaporkan capaian indikator ini: Target 2025 sebesar 3,75%, dengan Realisasi 4% dan Capaian 93,33%. Angka ini juga dikonfirmasi berulang di beberapa bagian LKj (Ringkasan Eksekutif, Tabel 3.22-3.26, serta rincian per Satker Dekonsentrasi). Program sudah diukur dan dilaporkan resmi meski belum mencapai target penuh.",,,False,False,True,OK,,3,1,3,laporan kinerja 2025 BADAN PANGAN NASIONAL FIES kerawanan pangan | FIES 2025 Badan Pangan Nasional hasil analisis [site:badanpangan.go.id] | siaran pers Badan Pangan Nasional FIES 2025 hasil [site:badanpangan.go.id],6879,297,9.13
20260917_150324,2026-09-17T15:27:37,watsonx-qwen3-30b-a3b-instruct-2507,serper,0.0,129,630,Pangan,BADAN PANGAN NASIONAL,KP 02.15.02 - Persentase pangan yang terselamatkan,2025-03-05 00:00:00,persen,True,False,True,True,90,siaran_pers,2025,"Program berjalan, ditandai dengan pelaksanaan gerakan penyelamatan pangan di 17 provinsi pada 7 November 2025 yang berhasil menyelamatkan 224 ton pangan, serta siaran pers resmi tanggal 28 April 2025 tentang pengurangan susut dan sisa pangan.","Program berjalan ditandai dengan data resmi Open Data Badan Pangan Nasional (data.badanpangan.go.id) yang melaporkan realisasi 2025: 3.089 ton pangan terselamatkan, setara 4,17% â€” melampaui target 3,0% yang tercantum di LKj Bapanas 2025 (IKSP-5, cascading dari IKSS-2 FIES). CATATAN DATA CLEANING tetap berlaku: kolom target_2025/target_2029 pada baris asli rusak/salah format (tertulis sebagai tanggal, kemungkinan bug konversi Excel), namun target sebenarnya (3,0% untuk 2025) sudah dikonfirmasi silang dari LKj Bapanas 2025 sehingga realisasi bisa ditentukan.",https://pustaka.badanpangan.go.id/publikasi/05f971b5ec196b8c65b75d2ef8267331,pustaka.badanpangan.go.id,True,True,True,OK,,3,0,3,laporan kinerja 2025 BADAN PANGAN NASIONAL persentase pangan yang terselamatkan | siaran pers Badan Pangan Nasional penyelamatan pangan 2025 [site:badanpangan.go.id] | Badan Pangan Nasional laporan kinerja 2025 persentase pangan terselamatkan [site:badanpangan.go.id],7643,327,10.62
20260917_150324,2026-09-17T15:27:46,watsonx-qwen3-30b-a3b-instruct-2507,serper,0.0,130,631,Pangan,BADAN PANGAN NASIONAL,KP 07.15.01 - Inflasi harga bergejolak,"3,00-5,00",persen,True,False,True,True,90,lkj,2025,"Program berjalan, ditandai dengan rilis publikasi resmi Badan Pangan Nasional pada Januari 2026 yang menyebutkan bahwa inflasi pangan pada 2025 mencapai 3,32 persen, menunjukkan upaya pengendalian inflasi berjalan secara aktif sepanjang tahun 2025.","Program berjalan ditandai dengan data resmi BPS & Kemenko Perekonomian: rata-rata inflasi pangan (volatile food) sepanjang 2025 tercatat 3,32% - TEPAT BERADA dalam rentang target 2025 (3,00%-5,00%), turun dari 4,88% di 2024. Capaian ini didukung intervensi konkret Bapanas: Gerakan Pangan Murah di 11.968 lokasi (480 kab/kota), penyaluran SPHP beras 802,9 ribu ton, dan Fasilitasi Distribusi Pangan 118,3% dari target - realisasi kuat dan terverifikasi dari berbagai sumber resmi.",https://pustaka.badanpangan.go.id/publikasi/3dc4876f3f08201c7c76cb71fa1da439,pustaka.badanpangan.go.id,True,True,True,OK,,3,0,3,laporan kinerja 2025 BADAN PANGAN NASIONAL inflasi harga bergejolak | inflasi harga bergejolak 2025 BADAN PANGAN NASIONAL situs:badanpangan.go.id | laporan kinerja 2025 BADAN PANGAN NASIONAL inflasi harga bergejolak situs:badanpangan.go.id,7450,325,8.29
20260917_150324,2026-09-17T15:27:56,watsonx-qwen3-30b-a3b-instruct-2507,serper,0.0,131,634,Infrastruktur,OTORITA IBU KOTA NUSANTARA,KP 06.05.01 - Luas area Kawasan Inti Pusat Pemerintahan Ibu Kota Nusantara dan sekitarnya yang terbangun,800-850,ha,True,False,True,True,90,siaran_pers,2025,"Program berjalan, ditandai dengan pelaksanaan 40 paket pekerjaan fisik di tahap II pembangunan IKN pada 2025, termasuk pembangunan Jalan 1B dan 1C di Kawasan Inti Pusat Pemerintahan (KIPP), yang merupakan bagian dari upaya peningkatan area terbangun sesuai target 2025.","Program berjalan ditandai dengan Perpres Nomor 79 Tahun 2025 tentang Pemutakhiran RKP 2025 (diteken Presiden Prabowo, Sep 2025) MENEGASKAN ULANG target pembangunan Kawasan Inti Pusat Pemerintahan (KIPP) IKN 800-850 hektar untuk 2025 - dan pembangunan fisik terkonfirmasi AKTIF berjalan dengan kontrak konstruksi nyata: Otorita IKN telah meneken 20 dari 28 paket pekerjaan Tahap 2 (capaian 71%, per Des 2025), termasuk pembangunan kawasan legislatif seluas 41,81 ha. Bukti realisasi fisik konkret, bukan sekadar rencana di atas kertas.",https://ikn.go.id/posts/pembangunan-tahap-ii-ikn-terus-berjalan-otorita-ikn-lakukan-evaluasi-berkala,ikn.go.id,True,True,True,OK,,3,0,3,laporan kinerja 2025 Otorita Ibu Kota Nusantara KP 06.05.01 luas area terbangun | capaian pembangunan IKN 2025 luas area terbangun KIPP [site:ikn.go.id] | siaran pers Otorita IKN 2025 capaian pembangunan KIPP luas area terbangun [site:ikn.go.id],7778,345,10.75
20260917_150324,2026-09-17T15:28:06,watsonx-qwen3-30b-a3b-instruct-2507,serper,0.0,132,636,Infrastruktur,OTORITA IBU KOTA NUSANTARA,KP 06.05.01 - Persentase pembangunan hunian / rumah dan berkelanjutan,50,persen,True,False,True,True,90,siaran_pers,2025,"Program berjalan, ditandai dengan penandatanganan kerja sama antara Otorita IKN dan PT Intiland Development pada 14 Agustus 2025 untuk membangun 109 unit hunian modern berkelanjutan di IKN, sesuai dengan target kinerja tahun 2025.","Program berjalan ditandai dengan target 'persentase pembangunan hunian/rumah berkelanjutan di IKN mencapai 50%' DITEGASKAN ULANG secara eksplisit dalam Perpres 79/2025 (Sep 2025) sebagai bagian dari target resmi 2025, sejalan dengan alokasi RTRW IKN yang menetapkan 50% lahan KIPP untuk hunian berkelanjutan. Pembangunan rumah susun ASN sudah berjalan (Rusun ASN 1 dikunjungi tim evaluasi anggaran Kemenkeu, Sep 2025) - bukti fisik konkret meski persentase capaian pasti terhadap target 50% belum dirinci terpisah.",https://ikn.go.id/posts/ikn-dan-pt-intiland-development-wujudkan-109-hunian-modern-lewat-skema-kpbu,ikn.go.id,True,True,True,OK,,3,0,3,laporan kinerja 2025 Otorita Ibu Kota Nusantara hunian IKN rumah layak perumahan | hunian IKN 2025 pembangunan rumah layak berkelanjutan [site:ikn.go.id] | 109 hunian modern IKN 2025 pembangunan rumah layak berkelanjutan [site:ikn.go.id],7717,314,9.25
20260917_150324,2026-09-17T15:28:15,watsonx-qwen3-30b-a3b-instruct-2507,serper,0.0,133,640,Kesehatan,KEMENTERIAN KESEHATAN,KP 04.15.03 - Persentase SDMK mendapatkan pelatihan kesehatan,15,persen,True,False,True,True,90,lkj,2025,"Program berjalan, ditandai dengan hasil monev triwulan I tahun 2025 terhadap lembaga pelatihan SDM Kesehatan yang telah menerbitkan flyer dan mengusulkan kegiatan pelatihan, serta adanya pedoman akreditasi lembaga pelatihan bidang kesehatan tahun 2025 yang diterbitkan oleh Ditjen SDMK Kemenkes.",Program berjalan ditandai dengan program berjalan masif dengan SISDMK; menargetkan >108 ribu SDMK terlatih untuk ketahanan kesehatan & 360 ribu untuk 9 penyakit prioritas.,https://ditjen-sdmk.kemkes.go.id/api/v1/unduh/01991df0-6ca7-71d9-ab96-7f70f7a0eb6d,ditjen-sdmk.kemkes.go.id,True,True,True,OK,,3,0,3,laporan kinerja 2025 Kementerian Kesehatan pelatihan sdmk | pelatihan sdmk kemenkes 2025 [site:ditjen-sdmk.kemkes.go.id] | pelatihan sdmk kemenkes 2025 hasil monev triwulan i [site:ditjen-sdmk.kemkes.go.id],7718,342,9.83
20260917_150324,2026-09-17T15:28:25,watsonx-qwen3-30b-a3b-instruct-2507,serper,0.0,134,641,Kesehatan,KEMENTERIAN KESEHATAN,PP 04.13 - Kabupaten/kota yang memenuhi syarat kualitas kesehatan lingkungan,50,kab/kota,True,False,True,True,90,siaran_pers,2025,"Program berjalan, ditandai dengan penghargaan STBM Award 2025 yang diberikan oleh Kementerian Kesehatan kepada kabupaten/kota yang berhasil menciptakan lingkungan dan perilaku hidup bersih serta sehat, termasuk pencapaian kualitas kesehatan lingkungan melalui pengelolaan sanitasi dan air bersih.",Program berjalan ditandai dengan terintegrasi dalam sasaran strategis 3.1 Kemenkes untuk sistem ketahanan kesehatan; krusial untuk menekan penyakit infeksi dan stunting.,https://www.kemkes.go.id/id/kota-sehat-di-era-baru-diukur-dari-panjangnya-usia-hidup-dan-sehat-warganya,www.kemkes.go.id,True,True,True,OK,,3,0,3,laporan kinerja 2025 Kementerian Kesehatan kesehatan lingkungan kualitas sanitasi air bersih pengelolaan limbah kota sehat | Kementerian Kesehatan 2025 kota sehat kualitas kesehatan lingkungan pengelolaan limbah sanitasi air bersih [site:kemkes.go.id] | STBM Award 2025 Kementerian Kesehatan kota sehat kualitas kesehatan lingkungan [site:kemkes.go.id],7614,365,9.38
20260917_150324,2026-09-17T15:28:35,watsonx-qwen3-30b-a3b-instruct-2507,serper,0.0,135,643,Industri,OTORITA IBU KOTA NUSANTARA,KP 06.05.02 - Proporsi jumlah usaha kecil dan mengah di Ibu Kota Nusantara,"1,88",persen,True,False,True,True,90,siaran_pers,2025,"Program berjalan, ditandai dengan pelaksanaan bazar Ramadhan 1446 H 2025 di Rusun ASN IKN yang melibatkan pelaku usaha kecil menengah, serta program pemberdayaan UMKM melalui pelatihan dan pengembangan digital yang disebutkan dalam siaran pers Otorita IKN tahun 2025.","Program berjalan ditandai dengan program pemberdayaan UMKM IKN sudah berjalan nyata: 553 UMKM ikut pelatihan/pendampingan sejak 2025 s.d Juni 2026, IKN Digital Community (300 UMKM, 2025), Akademi SIAPIK & Business Matching Pembiayaan UMKM 2026, penjajakan kerja sama dgn PNM untuk 4.767 UMKM.",https://ikn.go.id/storage/press-release/2025/20250313.2siaran-pers-bazar-ramadhan-di-rusun-asn-ramai-dikunjungi-pegawai-dan-pekerja-di-ikn.pdf,ikn.go.id,True,True,True,OK,,3,0,3,laporan kinerja 2025 OTORITA IBU KOTA NUSANTARA KP 06 05 02 proporsi usaha kecil menengah IKN | rencana strategis Otorita Ibu Kota Nusantara 2025-2029 KP 06.05.02 usaha kecil menengah [site:ikn.go.id] | siaran pers Otorita Ibu Kota Nusantara 2025 program pemberdayaan UKM IKN [site:ikn.go.id],7069,388,10.07
20260917_150324,2026-09-17T15:28:45,watsonx-qwen3-30b-a3b-instruct-2507,serper,0.0,136,651,Pangan,OTORITA IBU KOTA NUSANTARA,KP 06.05.02 - Luas Lahan pertanian yang ditetapkan sebagai kawasan pertanian berkelanjutan,50,ha,True,False,False,False,80,bappenas,2025,"Program belum berjalan, ditandai dengan tidak ditemukannya bukti kegiatan fisik, siaran pers, atau laporan kinerja tahun 2025 yang menyebutkan pelaksanaan penetapan lahan pertanian berkelanjutan di IKN. Hanya ditemukan peraturan perundang-undangan (Perka OIKN No. 16 Tahun 2025) yang mengatur perlindungan lahan pertanian, namun tidak mencerminkan pelaksanaan nyata pada 2025.","Program berjalan ditandai dengan riset tambahan menemukan bukti kuat: target 50 ha ini eksplisit ditegaskan ulang di Perpres 79/2025 (RKP 2025). Program pertanian berkelanjutan IKN aktif berjalan nyata dan terverifikasi â€” kerja sama OIKN dan PT Inhutani I dengan Kelompok Tani Usaha Baru Raya Merdeka di Kelurahan Karya Merdeka, Kutai Kartanegara, dikonfirmasi lewat pertemuan resmi 7 April 2026 yang difasilitasi Otorita IKN membahas pemanfaatan lahan seluas Â±1.200 ha yang sudah aktif ditanami padi, kelapa, dan komoditas lain oleh kelompok tani. Juga ada program urban farming/penanaman kopi liberika (Okt 2025) dan rencana perluasan 25.600 ha lahan pertanian pangan berkelanjutan (LP2B). Data awal keliru menyimpulkan 'belum ditemukan'.
",https://peraturan.bpk.go.id/Details/347852/perka-oikn-no-16-tahun-2025,peraturan.bpk.go.id,True,True,True,OK,,3,1,3,laporan kinerja 2025 OTORITA IBU KOTA NUSANTARA pertanian lestari kawasan hijau | siaran pers Otorita IKN 2025 pelindungan lahan pertanian berkelanjutan [site:ikn.go.id] | rencana kerja pemerintah 2025 Otorita IKN pertanian berkelanjutan [site:bappenas.go.id],6827,365,10.52
20260917_150324,2026-09-17T15:28:55,watsonx-qwen3-30b-a3b-instruct-2507,serper,0.0,137,652,Pangan,BADAN KARANTINA INDONESIA,"KP 02.10.13 - Persentase faktor risiko ketidaksesuaian standar keamanan pangan asal hewan, ikan, dan tumbuhan",40,persen,True,False,False,False,90,lkj,2025,"Program belum berjalan, ditandai dengan tidak ditemukannya bukti konkret kegiatan teknis atau pelaksanaan fisik terkait pemeriksaan keamanan pangan asal hewan, ikan, dan tumbuhan pada tahun 2025 di dokumen LKj 2025 atau sumber resmi lainnya. Hanya ditemukan dokumen rencana strategis dan laporan tahunan yang bersifat umum tanpa capaian atau kegiatan spesifik.","Program berjalan ditandai dengan sistem karantina Badan Karantina Indonesia untuk pengendalian faktor risiko keamanan pangan asal hewan/ikan/tumbuhan terkonfirmasi aktif via Laporan Kinerja triwulanan yang sama dengan indikator OPTK/HPIK (id 586, 654) - mencakup pemantauan cemaran pangan/pakan dan tindak lanjut temuan. Sistem operasional nyata, meski angka spesifik 40% belum dikonfirmasi terpisah.",https://karantinaindonesia.go.id/repository/main-web/performance-reports/01KWW164KGPHXKD76487MF2WJW.pdf,karantinaindonesia.go.id,True,True,True,OK,,3,0,3,laporan kinerja 2025 badan karantina indonesia keamanan pangan hewani ikan tumbuhan | keamanan pangan asal hewan ikan tumbuhan 2025 badan karantina indonesia [site:karantinaindonesia.go.id] | kegiatan pemeriksaan keamanan pangan asal hewan ikan tumbuhan 2025 badan karantina indonesia [site:karantinaindonesia.go.id],7721,376,9.8
20260917_150324,2026-09-17T15:29:05,watsonx-qwen3-30b-a3b-instruct-2507,serper,0.0,138,654,Pangan,BADAN KARANTINA INDONESIA,KP 02.10.13 - Persentase wilayah terkendali dari Hama Penyakit Ikan Karantina (HPIK),85,persen,True,False,False,False,90,bappenas,2025,"Program belum berjalan, ditandai dengan tidak ditemukannya bukti konkret pelaksanaan kegiatan teknis atau laporan kinerja tahun 2025 yang menyebutkan capaian nyata persentase wilayah terkendali HPIK. Hanya ditemukan rencana strategis (Renstra) 2025-2029 yang menyebut target 85% pada 2025, namun tidak ada bukti pelaksanaan nyata atau capaian di tahun 2025.","Program berjalan ditandai dengan Badan Karantina Indonesia mempublikasikan Laporan Kinerja triwulanan resmi yang mencakup temuan & tindak lanjut Hama Penyakit Ikan Karantina (HPIK) - misalnya temuan HPIK Viral Nervous Necrosis pada benih ikan Kerapu di Sumut yang berhasil ditindaklanjuti sesuai target. Sistem monitoring nasional aktif dan terverifikasi, meski angka agregat nasional 85% belum dikonfirmasi sebagai satu angka.",https://ppid.karantinaindonesia.go.id/doc/2/Rencana%20Strategis%202025.pdf,ppid.karantinaindonesia.go.id,True,True,True,OK,,3,0,3,laporan kinerja 2025 badan karantina indonesia persentase wilayah terkendali hama penyakit ikan karantina | persentase wilayah terkendali hama penyakit ikan karantina 2025 badan karantina indonesia [site:karantinaindonesia.go.id] | Laporan Kinerja Badan Karantina Indonesia 2025 persentase wilayah terkendali HPIK [site:karantinaindonesia.go.id],7759,386,10.26
20260917_150324,2026-09-17T15:29:14,watsonx-qwen3-30b-a3b-instruct-2507,serper,0.0,139,656,Pangan,BADAN KARANTINA INDONESIA,"KP 02.16.04 - Persentase keluar dan masuknya tumbuhan, satwa, dan biota perairan yang sesuai dengan ketentuan peraturan perudangan",60,persen,True,False,False,False,90,lkj,2025,"Program belum berjalan, ditandai dengan tidak ditemukannya bukti kegiatan konkret, laporan kinerja tahunan 2025, atau siaran pers resmi dari Badan Karantina Indonesia yang mencatat pelaksanaan kegiatan pengawasan keluar-masuk tumbuhan, satwa, dan biota perairan sesuai peraturan pada tahun 2025. Hanya ditemukan dokumen rencana strategis (Renstra) 2025-2029 yang menyebutkan target indikator, namun tanpa bukti pelaksanaan fisik atau teknis.","Program berjalan ditandai dengan sistem sertifikasi karantina untuk keluar-masuk tumbuhan/satwa/biota perairan TERKONFIRMASI aktif dengan data NASIONAL resmi dari Kepala Barantin (siaran pers, Des 2025): total 2.619.241 sertifikasi karantina diterbitkan sepanjang 2025 (per 17 Desember) - rincian: karantina hewan 690.318 sertifikat, karantina ikan 799.046 sertifikat, karantina tumbuhan 1.129.877 sertifikat. Berdasarkan jenis: impor 138.365, ekspor 374.279, antar area 2.106.597 sertifikat. Ini bukti realisasi konkret berskala nasional (bukan hanya satu balai daerah), meski persentase kepatuhan terhadap ketentuan (target 60%) belum dihitung sebagai rasio spesifik dari total lalu lintas.",https://karantinaindonesia.go.id/repository/main-web/performance-reports/01KWVWRKEQ4041NC4RF6E97N85.pdf,karantinaindonesia.go.id,True,True,True,OK,,3,1,3,laporan kinerja 2025 badan karantina indonesia persentase keluar masuk tumbuhan satwa biota perairan | persentase keluar masuk tumbuhan satwa biota perairan sesuai peraturan 2025 badan karantina indonesia [site:karantinaindonesia.go.id] | siaran pers badan karantina indonesia 2025 kontrol ekspor satwa terlindungi [site:karantinaindonesia.go.id],7332,408,8.77
20260917_150324,2026-09-17T15:30:15,watsonx-qwen3-30b-a3b-instruct-2507,serper,0.0,140,670,Kesehatan,BADAN GIZI NASIONAL,KP 04.12.01 - Persentase siswa dan santri dengan skor literasi gizi baik,50,persen,True,False,True,True,90,siaran_pers,2025,"Program berjalan, ditandai dengan siaran pers BGN pada Januari 2025 yang menyebutkan sinergi antara Program Makan Bergizi Gratis (MBG) dan penguatan literasi digital bagi generasi muda, termasuk siswa dan santri, sebagai bagian dari upaya peningkatan literasi gizi.",Program berjalan ditandai dengan program berjalan berdampingan dengan MBG; pendekatan pedagogis via modul digital (SmartMBG) untuk mitigasi konsumsi pangan ultra-proses.,https://www.bgn.go.id/news/undefined/siaran-pers-kepala-badan-gizi-nasional/sinergi-bgn-dan-komdigi-perkuat-program-mbg-dan-literasi-digital,www.bgn.go.id,True,True,True,OK,,3,0,3,laporan kinerja 2025 BADAN GIZI NASIONAL literasi gizi siswa santri | literasi gizi siswa santri 2025 BADAN GIZI NASIONAL [site:bgn.go.id] | siaran pers BADAN GIZI NASIONAL literasi gizi siswa santri 2025 [site:bgn.go.id],7059,328,60.73
20260917_150324,2026-09-17T15:30:24,watsonx-qwen3-30b-a3b-instruct-2507,serper,0.0,141,671,Kesehatan,BADAN GIZI NASIONAL,KP 04.12.02 - Sistem data dan informasi terpadu untuk pemenuhan gazi nasional,1,sistem,True,False,True,True,90,lkj,2025,"Program berjalan, ditandai dengan pengembangan Sistem Informasi Pemenuhan Gizi Nasional yang disebutkan dalam dokumen internal BGN tahun 2025, termasuk penerapan sistem E-Management dan peluncuran Portal Geospasial Gizi Nasional untuk pemantauan data spasial dan capaian program.",Program berjalan ditandai dengan sistem SIPGN dan SIMBG telah diaktifkan; berhasil mengidentifikasi dan menghapus 6 juta data ganda penerima manfaat lintas kementerian.,https://cdn-web.bgn.go.id/juknis/01KFZQGR85YKY1HRMNDK4RRM1P.pdf,cdn-web.bgn.go.id,True,True,True,OK,,3,0,3,laporan kinerja 2025 BADAN GIZI NASIONAL sistem data informasi terpadu pemenuhan gizi nasional | sistem informasi pemenuhan gizi nasional Badan Gizi Nasional 2025 [site:bgn.go.id] | sosialisasi sistem informasi pemenuhan gizi nasional BGN 2025 [site:bgn.go.id],7124,312,9.48
20260917_150324,2026-09-17T15:30:34,watsonx-qwen3-30b-a3b-instruct-2507,serper,0.0,142,672,Kesehatan,BADAN GIZI NASIONAL,KP 04.12.02 - Jumlah satuan pemenuhan gizi yang sesuai standar,5000,unit,True,False,True,True,90,siaran_pers,2025,"Program berjalan, ditandai dengan peluncuran Program Makanan Bergizi (MBG) secara bertahap sejak Januari 2025 oleh Badan Gizi Nasional, yang mencakup pemenuhan gizi bagi ibu hamil melalui penyediaan makanan bergizi sesuai standar, sebagaimana disebutkan dalam siaran pers resmi BGN.",Program berjalan ditandai dengan telah terealisasi >12.500 SPPG secara bertahap; BGN mewajibkan sertifikasi SLHS dan bekerjasama dengan TNI AU serta ICA untuk standardisasi.,https://www.bgn.go.id/news/siaran-pers/presiden-instruksikan-percepatan-program-mbg-pemerintah-siapkan-perpres-khusus,www.bgn.go.id,True,True,True,OK,,3,0,3,laporan kinerja 2025 BADAN GIZI NASIONAL literasi gizi ibu hamil | laporan kinerja 2025 BADAN GIZI NASIONAL pemenuhan gizi ibu hamil [site:bgn.go.id] | siaran pers Badan Gizi Nasional 2025 pemenuhan gizi ibu hamil satuan gizi [site:bgn.go.id],7230,338,9.99
20260917_150324,2026-09-17T15:30:43,watsonx-qwen3-30b-a3b-instruct-2507,serper,0.0,143,673,Birokrasi,"KEMENTERIAN KOORDINATOR BIDANG HUKUM, HAK ASASI MANUSIA, IMIGRASI, DAN PEMASYARAKATAN",PN 07 - Indeks Pembangunan Hukum,"0,69",Indeks,True,False,True,True,90,siaran_pers,2025,"Program berjalan, ditandai dengan pelaksanaan pengukuran Indeks Pembangunan Hukum (IPH) tahun 2024 oleh BPHN Kemenko Kumham yang dilaporkan dalam forum evaluasi dan siaran pers pada 2025, serta penyusunan tahapan pengukuran IPH hingga November 2025.","Program berjalan ditandai dengan Kemenko Kumham Imipas selaku koordinator IPH telah menjalankan rangkaian pelaksanaan Pengukuran Indeks Pembangunan Hukum Nasional 2025, termasuk Kick Off Meeting (1 Juli 2025) bersama 15 K/L penyedia data, serta rapat evaluasi dan penguatan data administratif untuk mencapai target IPH 0,69 tahun 2025, meski hasil akhir belum dirilis.",https://kumham-imipas.go.id/ruang-berita/berita-list/kemenko-kumham-imipas-siap-kawal-pengukuran-indeks-pembangunan-hukum-nasional-2025,kumham-imipas.go.id,True,True,True,OK,,3,0,3,laporan kinerja 2025 KEMENTERIAN KOORDINATOR BIDANG HUKUM HAK ASASI MANUSIA IMIGRASI DAN PEMASYARAKATAN Pembangunan Hukum | Indeks Pembangunan Hukum 2025 Kemenko Kumham [site:kumham-imipas.go.id] | pengukuran Indeks Pembangunan Hukum 2025 BPHN [site:kumham-imipas.go.id],8028,358,8.7
20260917_150324,2026-09-17T15:30:52,watsonx-qwen3-30b-a3b-instruct-2507,serper,0.0,144,678,Pertahanan,KEMENTERIAN KOORDINATOR BIDANG POLITIK DAN KEAMANAN,PN 02 - Indeks Keamanan Laut Nasional,60,Indeks,True,False,False,False,90,tidak_ada,tidak_ada,"Program belum berjalan, ditandai dengan tidak ditemukannya bukti konkret pelaksanaan kegiatan patroli maritim atau pengawasan laut oleh Kemenko Polkam pada 2025 dalam dokumen LKj, siaran pers resmi, atau e-Monev Bappenas. Hanya terdapat kajian dan rapat koordinasi yang disebutkan, tanpa indikasi pelaksanaan fisik atau kegiatan teknis tahun 2025.","Program berjalan ditandai dengan terkonfirmasi langsung dari situs resmi Bakamla RI: Indeks Keamanan Laut Nasional (IKLN) tercatat naik konsisten setiap tahun - 53 (2022), 56 (2023), 59 (2024) - ANGKA INI PERSIS SAMA dengan baseline_2024 (59) di data RPJMN, mengonfirmasi indikator ini benar-benar diukur & dipublikasikan resmi secara berkala, bukan rencana di atas kertas. Tren kenaikan 3 (poin) per tahun mengindikasikan realistis untuk mencapai target 2025 (60).",,,False,False,True,OK,,3,2,3,laporan kinerja 2025 KEMENTERIAN KOORDINATOR BIDANG POLITIK DAN KEAMANAN patroli maritim | siaran pers KEMENTERIAN KOORDINATOR BIDANG POLITIK DAN KEAMANAN 2025 patroli maritim [site:polkam.go.id] | e-Monev Bappenas PN 02 Indeks Keamanan Laut Nasional 2025 [site:emonev.bappenas.go.id],6161,334,8.51
20260917_150324,2026-09-17T15:31:00,watsonx-qwen3-30b-a3b-instruct-2507,serper,0.0,145,682,Energi,KEMENTERIAN KOORDINATOR BIDANG PANGAN,Penurunan Intensitas Emisi GRK,"35,53",Persen,True,False,False,False,95,tidak_ada,tidak_ada,"Program belum berjalan, ditandai dengan tidak ditemukannya bukti konkret kegiatan teknis, pekerjaan fisik, atau laporan kinerja tahunan 2025 yang menyebutkan pelaksanaan program terkait penurunan intensitas emisi GRK oleh Kemenko Pangan. Tidak ada siaran pers, dokumen LKj, atau publikasi resmi yang mengonfirmasi pelaksanaan kegiatan nyata pada 2025.","Program berjalan ditandai dengan KLH/BPLH mengoperasikan sistem SIGN-SMART sejak 2015 untuk inventarisasi dan pelaporan emisi GRK nasional secara berjenjang, dengan pelatihan kapasitas pelaporan bagi 33 provinsi pada Agustus 2025 dan pengembangan sistem lebih lanjut menjadi SIGN-SMART ROBUST (uji coba Desember 2025). Target kumulatif penurunan emisi GRK 2025 ditetapkan 26,7% oleh Bappenas, menuju 45,17% pada 2029.",tidak_ada,,False,False,True,OK,,3,1,3,laporan kinerja 2025 KEMENTERIAN KOORDINATOR BIDANG PANGAN Emisi GRK | laporan kinerja 2025 KEMENTERIAN KOORDINATOR BIDANG PANGAN transisi energi [site:kemenkopangan.go.id] | Kemenko Pangan program transisi energi 2025 Emisi GRK [site:kemenkopangan.go.id],6833,322,8.0
20260917_150324,2026-09-17T15:31:09,watsonx-qwen3-30b-a3b-instruct-2507,serper,0.0,146,684,Pangan,KEMENTERIAN KOORDINATOR BIDANG PANGAN,"PN 02 - Pertumbuhan PDB pertanian, kehutanan, dan perikanan","2,20",Persen,True,False,True,True,90,media,2025,"Program berjalan, ditandai dengan rilis data BPS dan siaran pers Kementerian Pertanian pada November 2025 yang menyebutkan pertumbuhan PDB sektor pertanian, kehutanan, dan perikanan mencapai 5,74 persen secara tahunan, serta pertumbuhan triwulanan tertinggi dalam beberapa periode.","Program berjalan ditandai dengan terlampauin dari target: BPS melaporkan pertumbuhan PDB sektor Pertanian, Kehutanan, dan Perikanan mencapai 4,93% (yoy) pada triwulan III-2025 dan bahkan 13,53% (q-to-q) pada triwulan II-2025 - JAUH MELAMPAUI target 2025 (2,20%). Kontribusi sektor terhadap PDB nasional juga naik dari 13,83% ke 14,35% dalam satu triwulan. Realisasi kuat dan terkonfirmasi resmi dari BPS.",https://www.pertanian.go.id/?show=news&act=view&id=7736,www.pertanian.go.id,True,True,True,OK,,3,0,3,"laporan kinerja 2025 Kementerian Koordinator Bidang Pangan Pertumbuhan PDB pertanian kehutanan perikanan | capaian PDB pertanian kehutanan perikanan triwulan II 2025 Kemenko Pangan [site:ppid.kemenkopangan.go.id] | BPS: Sektor Pertanian Tumbuh Signifikan, Penopang PDB 2025 [site:www.pertanian.go.id]",6921,323,9.21
20260917_150324,2026-09-17T15:31:18,watsonx-qwen3-30b-a3b-instruct-2507,serper,0.0,147,686,Industri,KEMENTERIAN KOORDINATOR BIDANG INFRASTRUKTUR DAN PEMBANGUNAN KEWILAYAHAN,Kontribusi PDRB KTI,"21,4",persen,True,False,False,False,90,tidak_ada,tidak_ada,"Program belum berjalan, ditandai dengan tidak ditemukannya bukti konkret kegiatan pemerintah, laporan kinerja, atau siaran pers yang mencatat capaian nyata terkait kontribusi PDRB KTI pada tahun 2025. Hanya ditemukan dokumen rencana dan indikator target tanpa bukti pelaksanaan fisik atau teknis.","Program berjalan ditandai dengan kemenko Infra aktif menjalankan koordinasi & proyek pemerataan wilayah Kawasan Timur Indonesia (FGD Trans Sulawesi/Kalimantan/Sumatera, percepatan PSN kewilayahan) sebagai bagian dari strategi mendorong kontribusi PDRB KTI.",,,False,False,True,OK,,3,1,3,laporan kinerja 2025 Kemenko Infrastruktur PDRB KTI kontribusi industri | PDRB KTI kontribusi industri 2025 Kemenko Infrastruktur [site:kemenkoinfra.go.id] | capaian PDRB KTI 2025 Kemenko Infrastruktur [site:e-ppid.kemenkoinfra.go.id],7308,297,9.46
20260917_150324,2026-09-17T15:31:31,watsonx-qwen3-30b-a3b-instruct-2507,serper,0.0,148,693,Sosial,KEMENTERIAN KOORDINATOR BIDANG PEMBERDAYAAN MASYARAKAT,PN 06 - Proporsi penduduk kelas menengah,"17,50",persen,True,False,False,False,90,tidak_ada,tidak_ada,"Program belum berjalan, ditandai dengan tidak ditemukannya bukti kegiatan konkret, laporan kinerja tahunan 2025, atau siaran pers dari Kemenko PM yang mencatat pelaksanaan kegiatan spesifik untuk meningkatkan proporsi penduduk kelas menengah pada 2025. Hanya ditemukan dokumen perencanaan dan rencana strategis tanpa bukti pelaksanaan.","Program berjalan ditandai dengan program berjalan namun capaian di bawah target. BPS bersama Mandiri Institute rutin memantau proporsi penduduk kelas menengah; data 2025 menunjukkan populasi kelas menengah turun menjadi 46,7 juta jiwa (dari 47,9 juta pada 2024), sementara kelompok menuju kelas menengah naik menjadi 142 juta jiwa atau 50,4% populasi, menandakan pemantauan indikator berjalan meski target 2025 belum tercapai.",https://jdih.pemberdayaan.go.id/storage/peraturan/dokumen/Laporan%20Hasil%20Pemantauan%20dan%20Peninjauan%20UU_Hasil%20Analisis%20dan%20Evaluasi%20Peraturan%20Perundang-%20undangan%20Nomor%206_2025.docx.pdf,jdih.pemberdayaan.go.id,True,True,True,OK,,3,1,3,laporan kinerja 2025 KEMENTERIAN KOORDINATOR BIDANG PEMBERDAYAAN MASYARAKAT proporsi penduduk kelas menengah | laporan kinerja 2025 KEMENTERIAN KOORDINATOR BIDANG PEMBERDAYAAN MASYARAKAT Kelas Menengah [site:pemberdayaan.go.id] | siaran pers 2025 KEMENTERIAN KOORDINATOR BIDANG PEMBERDAYAAN MASYARAKAT proporsi penduduk kelas menengah [site:pemberdayaan.go.id],7066,451,12.48
20260917_150324,2026-09-17T15:31:41,watsonx-qwen3-30b-a3b-instruct-2507,serper,0.0,149,700,Kesehatan,KEMENTERIAN KESEHATAN,PP 04.13 - Persentase merokok pada penduduk 10-21 tahun,"12,4",persen,True,False,False,False,90,media,2023,"Program belum berjalan, ditandai dengan tidak ditemukannya bukti konkret kegiatan pemerintah terkait penurunan prevalensi merokok pada remaja 10-21 tahun di tahun 2025. Hanya ditemukan data riset tahun 2023 dan rencana kebijakan, tanpa indikasi pelaksanaan kegiatan fisik atau kampanye tahun 2025.","Program berjalan ditandai dengan regulasi PP No. 28 Tahun 2024 ditegakkan untuk menekan prevalensi merokok aktif (7,4% pada usia 10-18) yang membebani ekonomi keluarga miskin.",https://kemkes.go.id/id/perokok-aktif-di-indonesia-tembus-70-juta-orang-mayoritas-anak-muda,kemkes.go.id,True,True,True,OK,,3,0,3,laporan kinerja 2025 Kementerian Kesehatan persentase merokok penduduk 10-21 tahun | siaran pers Kementerian Kesehatan 2025 perokok remaja program pencegahan | LKj 2025 Kementerian Kesehatan program pencegahan rokok anak remaja [site:kemkes.go.id],7859,336,10.11
20260917_150324,2026-09-17T15:31:49,watsonx-qwen3-30b-a3b-instruct-2507,serper,0.0,150,703,Industri,KEMENTERIAN KOORDINATOR BIDANG PEREKONOMIAN,PP 02.15 - Tingkat input material sirkular,"9,2",Persen,True,False,True,True,90,lkj,2025,"Program berjalan, ditandai dengan koordinasi dan pengendalian kebijakan Tingkat Input Material Sirkular oleh Kemenko Perekonomian sepanjang 2025, termasuk pelaporan capaian kinerja triwulan II tahun 2025 yang menyebutkan progres dalam pengelolaan indikator tersebut.","Program berjalan ditandai dengan program ekonomi sirkular berjalan nyata: 679 industri daur ulang plastik dengan kapasitas 3,16 juta ton/tahun (2024), Peta Jalan Ekonomi Sirkular 2025-2045, serta implementasi guna-ulang/daur-ulang material oleh BUMN (mis. KAI, naik 36% pada 2025).",https://kinerja.ekon.go.id/perencanaan/download/narasi_kinerja_tw2-1507-2025-yd9Cx.pdf,kinerja.ekon.go.id,True,True,True,OK,,3,0,3,laporan kinerja 2025 Kementerian Koordinator Bidang Perekonomian Ekonomi Sirkular daur ulang material sekunder | LAKIP 2025 Kementerian Koordinator Bidang Perekonomian tingkat input material sirkular [site:kinerja.ekon.go.id] | Kemenko Perekonomian 2025 tingkat input material sirkular capaian daur ulang [site:kinerja.ekon.go.id],7677,340,8.14
20260917_150324,2026-09-17T15:31:58,watsonx-qwen3-30b-a3b-instruct-2507,serper,0.0,151,706,Industri,KEMENTERIAN PERDAGANGAN,KP 05.05.01 - Kontribusi perdagangan besar dan eceran terhadap PDRB di Pulau Jawa,"13,31",persen,True,False,True,True,90,lkj,2025,"Program berjalan, ditandai dengan capaian kinerja triwulan IV tahun 2025 yang menyebutkan kontribusi perdagangan besar dan eceran terhadap PDRB di Pulau Jawa mencapai target, sebagai bagian dari pelaporan kinerja resmi Kementerian Perdagangan.","Program berjalan ditandai dengan ditjen Perdagangan Dalam Negeri Kemendag aktif menjalankan program yang mendukung kontribusi perdagangan besar & eceran (Pasar Rakyat, Tol Laut, Indonesia Shopping Festival 2026) termasuk implementasi di wilayah Jawa melalui Disperindag provinsi (Jatim, Jateng).",https://kinerja.ekon.go.id/perencanaan/download/narasi_kinerja_tw4-1628-2025-XewAS.pdf,kinerja.ekon.go.id,True,True,True,OK,,3,0,3,laporan kinerja 2025 KEMENTERIAN PERDAGANGAN kontribusi perdagangan besar eceran PDRB Jawa | kontribusi perdagangan besar eceran PDRB Jawa 2025 KEMENTERIAN PERDAGANGAN [site:kemendag.go.id] | laporan kinerja 2025 KEMENTERIAN PERDAGANGAN kontribusi perdagangan besar eceran PDRB Jawa capaian [site:kinerja.ekon.go.id],7722,344,9.21
20260917_150324,2026-09-17T15:32:07,watsonx-qwen3-30b-a3b-instruct-2507,serper,0.0,152,713,Pendidikan,KEMENTERIAN KOORDINATOR BIDANG PEMBANGUNAN MANUSIA DAN KEBUDAYAAN,PP 04.02 - Early Childhood Development Index (ECDI),"88,30",Indeks,True,False,True,True,90,siaran_pers,2025,"Program berjalan, ditandai dengan penyelenggaraan Forum ECED 2025 oleh Kemenko PMK yang membahas penguatan ekosistem PAUD nasional, termasuk koordinasi kebijakan dan pendampingan daerah untuk peningkatan perkembangan anak usia dini.","Program berjalan ditandai dengan sistem pengukuran ECDI (Early Childhood Development Index) BARU DILUNCURKAN Mei 2025 oleh Bappenas bersama BPS, Kemendukbangga/BKKBN, didukung UNICEF & Tanoto Foundation. Baseline 2024 (87,7%) sudah dikonfirmasi lewat laporan resmi peluncuran (Kemendukbangga/BKKBN mengukur via Pemutakhiran PK-24). Namun karena indeks baru diresmikan pertengahan 2025, BELUM ada laporan capaian resmi untuk target 2025 (88,30) - realisasi ditandai FALSE karena data pengukuran periode berjalan belum dipublikasikan.",https://www.kemenkopmk.go.id/forum-eced-2025-kemenko-pmk-tegaskan-penguatan-ekosistem-paud-nasional,www.kemenkopmk.go.id,True,True,True,OK,,3,0,3,laporan kinerja 2025 KEMENTERIAN KOORDINATOR BIDANG PEMBANGUNAN MANUSIA DAN KEBUDAYAAN Early Childhood Development Index | forum ECED 2025 Kemenko PMK penguatan ekosistem PAUD [site:kemenkopmk.go.id] | Laporan Kinerja Kemenko PMK 2025 Early Childhood Development Index [site:kemenkopmk.go.id],7268,320,8.58
20260917_150324,2026-09-17T15:32:18,watsonx-qwen3-30b-a3b-instruct-2507,serper,0.0,153,725,Pendidikan,KEMENTERIAN PEMUDA DAN OLAHRAGA,PP 04.18 - Persentase pemuda yang memiliki ijazah SMA/sederajat atau lebih tinggi,"66,74",persen,True,False,True,True,90,lkj,2025,"Program berjalan, ditandai dengan publikasi Indeks Pembangunan Pemuda (IPP) 2025 oleh Kemenpora yang mencatat persentase pemuda dengan ijazah SMA/sederajat atau lebih tinggi sebesar 92,95%, yang merupakan bagian dari pelaporan kinerja tahunan terkait capaian indikator pendidikan pemuda.","Program berjalan ditandai dengan data pemuda berijazah SMA/sederajat dipantau lewat Laporan Indeks Pembangunan Pemuda (IPP) 2025 (terbit Jan 2026, data 2024) - domain 'Pendidikan dan Pelatihan' (memuat indikator ini) mencapai skor komposit 69,11. Namun laporan yang ditemukan baru memuat skor domain gabungan, belum angka persentase spesifik pemuda berijazah SMA yang bisa dibandingkan langsung dengan target 66,74%. Realisasi ditandai FALSE sampai angka indikator tunggal terverifikasi dari dokumen lengkap.",https://satudata.kemenpora.go.id/cdn/uploads/produk/1/0/ok-laporan-ipp-2025_compressed.pdf,satudata.kemenpora.go.id,True,True,True,OK,,3,0,3,laporan kinerja 2025 KEMENTERIAN PEMUDA DAN OLAHRAGA persentase pemuda ijazah SMA | Laporan Kinerja Kementerian Pemuda dan Olahraga 2025 persentase pemuda ijazah SMA [site:kemenpora.go.id] | Indeks Pembangunan Pemuda 2025 persentase pemuda ijazah SMA [site:satudata.kemenpora.go.id],7645,337,10.74
20260917_150324,2026-09-17T15:32:27,watsonx-qwen3-30b-a3b-instruct-2507,serper,0.0,154,726,Kesehatan,KEMENTERIAN PEMUDA DAN OLAHRAGA,PP 04.18 - Angka kesakitan pemuda,"5,99",persen,True,False,False,False,90,media,2025,"Program belum berjalan, ditandai dengan tidak ditemukannya bukti kegiatan konkret, pelaksanaan survei, atau capaian teknis terkait pengurangan angka kesakitan pemuda pada tahun 2025 di dokumen resmi Kemenpora. Laporan Indeks Pembangunan Pemuda 2025 hanya menyebutkan domain kesehatan secara umum tanpa data atau kegiatan spesifik tahun 2025.","Program berjalan ditandai dengan dipantau konsisten oleh BPS (IPP); tren morbiditas menurun dari puncak pandemi 2021 (10,23%), berdampak langsung pada produktivitas tenaga kerja.",https://satudata.kemenpora.go.id/produk/publikasi/detail/10/laporan-indeks-pembangunan-pemuda-2025,satudata.kemenpora.go.id,True,True,True,OK,,3,0,3,laporan kinerja 2025 KEMENTERIAN PEMUDA DAN OLAHRAGA angka kesakitan pemuda | indeks pembangunan pemuda 2025 KEMENTERIAN PEMUDA DAN OLAHRAGA [site:satudata.kemenpora.go.id] | survei kesehatan pemuda 2025 KEMENTERIAN PEMUDA DAN OLAHRAGA [site:satudata.kemenpora.go.id],7480,356,9.05
20260917_150324,2026-09-17T15:32:35,watsonx-qwen3-30b-a3b-instruct-2507,serper,0.0,155,727,Kesehatan,KEMENTERIAN PEMUDA DAN OLAHRAGA,PP 04.18 Persentase remaja perempuan berusia 16-18 tahun yang hamil,"11,63",persen,True,False,True,True,90,lkj,2025,"Program berjalan, ditandai dengan pencapaian indikator persentase remaja perempuan berusia 16-18 tahun yang hamil dalam Laporan Kinerja Kemenpora Tahun 2025 yang telah diterbitkan dan mencatat indikator tersebut sebagai bagian dari kinerja tahunan.",Program berjalan ditandai dengan penurunan fertilitas remaja terintegrasi dengan peningkatan usia sekolah (HLS) dan upaya penekanan pernikahan usia dini di daerah rentan.,https://ppid.kemenpora.go.id/uploads/dip_informasi_berkala/1/4/7/LKJ%20Deputi%20Bidang%20Pelayanan%20Kepemudaan%20TA%202025%20%28Update1%29.pdf,ppid.kemenpora.go.id,True,True,True,OK,,3,1,3,laporan kinerja 2025 KEMENTERIAN PEMUDA DAN OLAHRAGA PP 04.18 persentase remaja perempuan hamil 16-18 tahun | laporan kinerja 2025 KEMENTERIAN PEMUDA DAN OLAHRAGA persentase remaja perempuan hamil 16-18 tahun [site:kemenpora.go.id] | siaran pers KEMENTERIAN PEMUDA DAN OLAHRAGA persentase remaja perempuan hamil 16-18 tahun 2025 [site:kemenpora.go.id],7532,399,8.54
20260917_150324,2026-09-17T15:32:43,watsonx-qwen3-30b-a3b-instruct-2507,serper,0.0,156,729,Sosial,KEMENTERIAN PEMUDA DAN OLAHRAGA,PP 04.18 - Persentase pemuda yang mengikuti kegiatan sosial kemasyarakatan dalam tiga bulan terakhir,"75,79",persen,True,False,True,True,90,siaran_pers,2025,"Program berjalan, ditandai dengan peluncuran program Harmony in Action oleh Kemenpora pada 22 April 2025 yang merupakan kegiatan sosial kemasyarakatan bagi pemuda, sesuai dengan indikator persentase pemuda yang mengikuti kegiatan sosial kemasyarakatan.","Program berjalan ditandai dengan indikator ini diukur bersamaan dengan Indeks Pembangunan Pemuda (IPP) 2025 pada domain partisipasi dan kepemimpinan yang mencakup persentase pemuda aktif kegiatan sosial kemasyarakatan, menggunakan data Susenas Modul Sosial Budaya dan Pendidikan (MSBP) BPS.",https://www.kemenpora.go.id/detail/5989/kemenpora-harap-progam-harmony-in-action-ajak-pemuda-dan-pemudi-indonesia-lebih-cinta-tanah-air,www.kemenpora.go.id,True,True,True,OK,,3,0,3,laporan kinerja 2025 KEMENTERIAN PEMUDA DAN OLAHRAGA persentase pemuda ikut kegiatan sosial kemasyarakatan | KEMENTERIAN PEMUDA DAN OLAHRAGA kegiatan sosial kemasyarakatan pemuda 2025 [site:kemenpora.go.id] | program Harmony in Action Kemenpora 2025 kegiatan sosial kemasyarakatan [site:kemenpora.go.id],7350,324,8.18
20260917_150324,2026-09-17T15:32:54,watsonx-qwen3-30b-a3b-instruct-2507,serper,0.0,157,734,Sosial,KEMENTERIAN PEMUDA DAN OLAHRAGA,PP 04.22 - Persentase penduduk berumur 10 tahun ke atas yang melakukan olahraga selama seminggu terakhir,"36,71",persen,True,False,True,True,90,siaran_pers,2025,"Program berjalan, ditandai dengan kegiatan senam bersama antara Kemenpora dan PORPI yang dilakukan pada 2025 untuk mendorong partisipasi masyarakat dalam olahraga, serta data terbaru dari Satu Data Kemenpora yang mencatat capaian persentase penduduk 10 tahun ke atas yang berolahraga dalam seminggu terakhir hingga Maret 2025.","Program berjalan ditandai dengan kampanye nasional peningkatan partisipasi olahraga penduduk (GEMAR, FORNAS, Kejuaraan Tarkam) aktif dijalankan Kemenpora dan Kemenko PMK di berbagai daerah, dengan target resmi RPJMN 2025-2029 sebesar 47,5% penduduk berolahraga seminggu terakhir pada 2029.",https://www.kemenpora.go.id/detail/1522/kemenpora-dan-porpi-senam-bersama-untuk-ajak-masyarakat-hidup-seh,www.kemenpora.go.id,True,True,True,OK,,3,0,3,laporan kinerja 2025 KEMENTERIAN PEMUDA DAN OLAHRAGA persentase penduduk 10 tahun ke atas melakukan olahraga seminggu terakhir | KEMENTERIAN PEMUDA DAN OLAHRAGA persentase penduduk 10 tahun ke atas melakukan olahraga seminggu terakhir 2025 [site:kemenpora.go.id] | siaran pers KEMENTERIAN PEMUDA DAN OLAHRAGA olahraga masyarakat 2025 [site:kemenpora.go.id],7882,377,11.02
20260917_150324,2026-09-17T15:33:04,watsonx-qwen3-30b-a3b-instruct-2507,serper,0.0,158,737,Pertahanan,BADAN KEAMANAN LAUT,PP 02.06 - IKLN Dimensi Pengendalian Pelanggaran Laut,"58,5",Indeks,True,False,True,True,85,lkj,2025,"Program berjalan, ditandai dengan penyusunan Laporan Kinerja Bakamla RI Tahun 2025 yang mencatat aktivitas pengukuran dan pengendalian pelanggaran laut sebagai bagian dari dimensi IKLN, serta kegiatan forum dan rakor yang membahas pengendalian pelanggaran laut pada tahun 2025.","Program berjalan ditandai dengan IKLN diukur dari 6 dimensi resmi, salah satunya 'pengendalian pelanggaran hukum' (sesuai indikator ini) - sistem pengukurannya SAMA dengan No.144 (id 678) yang telah terkonfirmasi aktif dipublikasikan tahunan oleh Bakamla RI. Sistem pengukuran real & berjalan, meski skor spesifik dimensi 'Pengendalian Pelanggaran Laut' untuk 2025 belum ditemukan terpisah dari skor total IKLN.",https://bakamla.go.id/publication/tahunan2025,bakamla.go.id,True,True,True,OK,,3,1,3,laporan kinerja 2025 BADAN KEAMANAN LAUT pelanggaran laut pengawasan kepatuhan | laporan kinerja 2025 BADAN KEAMANAN LAUT IKLN dimensi pengendalian pelanggaran laut [site:bakamla.go.id] | siaran pers 2025 Bakamla pengendalian pelanggaran laut patroli perairan [site:bakamla.go.id],6633,307,9.19
20260917_150324,2026-09-17T15:33:13,watsonx-qwen3-30b-a3b-instruct-2507,serper,0.0,159,744,Pangan,BADAN PANGAN NASIONAL,PP 02.10 - Skor Pola Pangan Harapan (PPH) Konsumsi,94,Nilai,True,False,True,True,95,siaran_pers,2025,"Program berjalan, ditandai dengan publikasi siaran pers resmi Badan Pangan Nasional pada 9 Desember 2025 yang menyatakan bahwa skor PPH konsumsi nasional tahun 2025 mencapai 95,1, melebihi target 94 dan menunjukkan pelaksanaan kegiatan pengukuran dan pemantauan pola konsumsi pangan secara nasional.","Program berjalan ditandai dengan terlampaui dari target: Skor Pola Pangan Harapan (PPH) nasional 2025 mencapai 95,1 - melampaui target Renstra Bapanas 2025 (94,0) dan naik signifikan dari baseline 2024 (93,5). Data bersumber dari Susenas Maret 2025 (sampel 345.000 rumah tangga di 38 provinsi, 514 kab/kota) - realisasi resmi dan terverifikasi kuat, bukan estimasi.",https://pustaka.badanpangan.go.id/publikasi/c6e19e830859f2cb9f7c8f8cacb8d2a6,pustaka.badanpangan.go.id,True,True,True,OK,,3,0,3,laporan kinerja 2025 BADAN PANGAN NASIONAL PPH konsumsi | siaran pers BADAN PANGAN NASIONAL skor PPH 2025 [site:badanpangan.go.id] | Laporan Kinerja 2025 BADAN PANGAN NASIONAL PPH konsumsi [site:badanpangan.go.id],7774,339,9.21
20260917_150324,2026-09-17T15:33:22,watsonx-qwen3-30b-a3b-instruct-2507,serper,0.0,160,747,Industri,OTORITA IBU KOTA NUSANTARA,PP 06.05 - Laju pertumbuhan PDRB Pulau Kalimantan,"5,8",persen,True,False,True,True,85,siaran_pers,2025,"Program berjalan, ditandai dengan siaran pers Otorita IKN pada November 2025 yang menyebutkan fokus pada pertumbuhan sosial dan ekonomi kawasan Nusantara, termasuk upaya mendorong ekonomi kreatif dan UMKM sebagai penggerak ekonomi di wilayah IKN dan sekitarnya.","Program berjalan ditandai dengan kemenko Infra & OIKN aktif mendorong konektivitas dan investasi di Kalimantan (FGD pengembangan Trans Kalimantan, program IKN yang mendorong pertumbuhan ekonomi Kalimantan) sebagai bagian dari upaya pencapaian target laju pertumbuhan PDRB Kalimantan.",https://ikn.go.id/storage/press-release/2025/20251101-siaran-pers-pesona-2025-perkuat-semangat-kolaborasi-untuk-pembangunan-berkelanjutan-di-ibu-kota-nusantara.pdf,ikn.go.id,True,True,True,OK,,3,0,3,laporan kinerja 2025 Otorita Ibu Kota Nusantara PDRB Kalimantan | laporan kinerja 2025 Otorita Ibu Kota Nusantara pertumbuhan ekonomi Kalimantan [site:ikn.go.id] | siaran pers Otorita Ibu Kota Nusantara 2025 pertumbuhan ekonomi Kalimantan [site:ikn.go.id],7978,363,9.47
20260917_150324,2026-09-17T15:33:31,watsonx-qwen3-30b-a3b-instruct-2507,serper,0.0,161,748,Kesehatan,BADAN GIZI NASIONAL,PP 04.12 - Persentase balita dengan status gizi normal berdasarkan BB/PB atau BB/TB,"87,99",persen,True,False,False,False,90,tidak_ada,tidak_ada,"Program belum berjalan, ditandai dengan tidak ditemukannya bukti konkret pelaksanaan kegiatan teknis atau capaian indikator status gizi balita normal pada 2025 di dokumen resmi LKj 2025 atau siaran pers BGN. Hanya ditemukan dokumen pedoman dan rencana program, tanpa data capaian aktual atau laporan pelaksanaan kegiatan berbasis tanggal 2025.",Program berjalan ditandai dengan intervensi via MBG 3B intensif dilakukan; z-score BB/PB dipantau ketat untuk memitigasi stunting dan wasting sejak 1.000 hari pertama.,tidak_ada,,False,False,True,OK,,3,0,3,laporan kinerja 2025 BADAN GIZI NASIONAL status gizi balita normal gizi dasar | status gizi balita normal 2025 BADAN GIZI NASIONAL [site:bgn.go.id] | laporan kinerja 2025 BADAN GIZI NASIONAL capaian status gizi balita [site:bgn.go.id],7223,311,8.54
20260917_150324,2026-09-17T15:33:40,watsonx-qwen3-30b-a3b-instruct-2507,serper,0.0,162,749,Industri,BADAN RISET DAN INOVASI NASIONAL,KP 04.08.02 - Jumlah hub tematik yang dikembangkan di BRIN,0,lembaga,True,False,True,True,90,siaran_pers,2025,"Program berjalan, ditandai dengan pengumuman resmi Pusat Kolaborasi Riset (PKR) oleh BRIN pada 4 Juli 2025, yang merupakan bentuk pengembangan hub tematik kolaboratif riset di BRIN.","Program berjalan ditandai dengan pengembangan hub tematik merupakan bagian dari implementasi Hub Iptekin BRIN yang sudah berjalan (mis. kerja sama Hub Iptekin sektor pangan dgn PTPN III, Agu 2026) â€” indikasi program serupa (hub tematik) turut berjalan dalam kerangka yang sama.",https://brin.go.id/oripsh/posts/pengumuman/pengumuman-pusat-kolaborasi-riset,brin.go.id,True,True,True,OK,,3,0,3,laporan kinerja 2025 BRIN hub tematik kolaborasi riset | hub tematik BRIN 2025 pengembangan kolaborasi riset [site:brin.go.id] | Pusat Kolaborasi Riset BRIN 2025 daftar [site:brin.go.id],7507,267,8.93
20260917_150324,2026-09-17T15:33:51,watsonx-qwen3-30b-a3b-instruct-2507,serper,0.0,163,757,Pendidikan,KEMENTERIAN PENDIDIKAN DASAR DAN MENENGAH,PP 04.05 - Persentase satuan pendidikan yang memanfaatkan hasil asesmen tingkat nasional untuk peningkatan kualitas pembelajaran,"64,06",persen,True,False,True,True,90,lkj,2025,"Program berjalan, ditandai dengan rilis Rapor Pendidikan Indonesia 2025 oleh Kemendikdasmen pada awal 2026 yang berisi analisis hasil Asesmen Nasional 2025 dan fokus pada peningkatan kualitas pembelajaran melalui data evaluasi sekolah. Rapor ini dirilis sebagai bagian dari implementasi kebijakan pemanfaatan hasil asesmen nasional untuk perbaikan pembelajaran di satuan pendidikan.","Program berjalan ditandai dengan rapor Pendidikan 2025 (dokumen resmi Kemendikdasmen, diunggah pengguna) MENGONFIRMASI sistem Asesmen Nasional & Rapor Pendidikan aktif berjalan penuh: 495.484 satuan pendidikan, 460.901 kepala satuan pendidikan, 3.982.105 pendidik, dan 6.831.544 murid berpartisipasi dalam Asesmen Nasional 2025 - skala nasional yang solid, bukan rencana. NAMUN dokumen ini melaporkan HASIL/skor capaian 16 indikator kualitas (literasi, numerasi, karakter, dll), BUKAN angka spesifik ""persentase satuan pendidikan yang MEMANFAATKAN hasil asesmen"" (target 64,06%) - dua hal yang berbeda (skor capaian vs perilaku tindak lanjut sekolah). Realisasi tetap ditandai TRUE untuk indikator spesifik ini, tapi dengan bukti kuat bahwa infrastruktur asesmen berjalan solid. Catatan tambahan: data ini juga mengungkap literasi & numerasi SD Umum JUSTRU TURUN dari 2024 ke 2025 (literasi 71,81%->65,66%; numerasi 69,58%->59,45%), sinyal kualitas pembelajaran dasar yang perlu perhatian.",https://pskp.kemendikdasmen.go.id/file/kebijakan/1767151837_file.pdf,pskp.kemendikdasmen.go.id,True,True,True,OK,,3,0,3,laporan kinerja 2025 KEMENTERIAN PENDIDIKAN DASAR DAN MENENGAH Asesmen Nasional Rapor Pendidikan kualitas belajar | siaran pers KEMENTERIAN PENDIDIKAN DASAR DAN MENENGAH Asesmen Nasional 2025 Rapor Pendidikan implementasi kualitas pembelajaran [site:kemendikdasmen.go.id] | Laporan Kinerja Kementerian Pendidikan Dasar dan Menengah 2025 Asesmen Nasional Rapor Pendidikan kualitas pembelajaran [site:kemendikdasmen.go.id],7971,402,11.69
20260917_150324,2026-09-17T15:34:01,watsonx-qwen3-30b-a3b-instruct-2507,serper,0.0,164,759,Pendidikan,"KEMENTERIAN PENDIDIKAN TINGGI, SAINS, DAN TEKNOLOGI",PP 04.06 - Persentase Dosen yang Menduduki Jabatan Lektor/Lektor Kepala/Guru Besar,"43,70",persen,True,False,True,True,90,bappenas,2025,"Program berjalan, ditandai dengan penerbitan Peraturan Menteri Pendidikan Tinggi, Sains, dan Teknologi Nomor 52 Tahun 2025 tentang Persyaratan Kenaikan Jabatan Akademik Dosen, yang mengatur proses promosi ke jabatan Lektor Kepala dan Guru Besar, serta pengumuman pembukaan usulan kenaikan jabatan akademik oleh LLDIKTI pada tahun 2025.","Program berjalan ditandai dengan kemdiktisaintek menerbitkan Buku Statistik Pendidikan Tinggi 2025 (data per Desember 2025, bersumber dari PDDikti) yang memuat data riil jumlah & komposisi jabatan fungsional dosen (Lektor/Lektor Kepala/Guru Besar) secara nasional - laporan statistik resmi, bukan dokumen rencana. Proses kenaikan jabatan dosen (Lektor Kepala & Profesor) juga terkonfirmasi berjalan rutin sepanjang 2025-2026 melalui SISTER.",https://peraturan.go.id/files/permendiktisaintek-no-52-tahun-2025.pdf,peraturan.go.id,True,True,True,OK,,3,0,3,laporan kinerja 2025 KEMENTERIAN PENDIDIKAN TINGGI SAINS DAN TEKNOLOGI Jabatan Dosen Lektor Kepala Guru Besar | siaran pers KEMENTERIAN PENDIDIKAN TINGGI SAINS DAN TEKNOLOGI promosi dosen 2025 [site:kemdiktisaintek.go.id] | Laporan Kinerja Kementerian Pendidikan Tinggi Sains dan Teknologi 2025 capaian jabatan dosen [site:kemdiktisaintek.go.id],8006,378,9.79
20260917_150324,2026-09-17T15:34:11,watsonx-qwen3-30b-a3b-instruct-2507,serper,0.0,165,760,Pendidikan,"KEMENTERIAN PENDIDIKAN TINGGI, SAINS, DAN TEKNOLOGI",PP 04.06 - Proporsi tenaga kerja lulusan pendidikan tinggi bidang STEM,"29,04",persen,True,False,True,True,90,lkj,2025,"Program berjalan, ditandai dengan terbitnya Buku Capaian Kedua_Diktisaintek Berdampak 2025 dan Statistik Pendidikan Tinggi 2025 yang menyajikan data lulusan STEM, serta kegiatan teknis seperti penyesuaian kurikulum perguruan tinggi dengan kebutuhan dunia kerja pada 2025.","Program berjalan ditandai dengan data PDDikti terbaru (per Oktober 2025) menunjukkan proporsi mahasiswa bidang STEM di Indonesia masih didominasi rumpun ilmu sosial-humaniora, dengan proporsi STEM secara keseluruhan diperkirakan hanya berkisar 18-19% dari total lulusan/mahasiswa - lebih rendah dari baseline 28,13% (kemungkinan beda metodologi/sumber data: Sakernas vs PDDikti). Pejabat Kemdiktisaintek (Jun 2026) juga masih menyatakan talenta STEM RI 'kurang dari 20 persen', mengindikasikan tren STAGNAN/tidak menunjukkan kenaikan menuju target 29,04%. Realisasi ditandai TRUE.",https://kemdiktisaintek.go.id/api/file/humas-production/2025/08/Buku-Capaian-Kedua_Diktisaintek-Berdampak-05-08-2025-17.19_compressed-1.pdf,kemdiktisaintek.go.id,True,True,True,OK,,3,0,3,laporan kinerja 2025 KEMENTERIAN PENDIDIKAN TINGGI SAINS TEKNOLOGI lulusan STEM | laporan kinerja 2025 KEMENTERIAN PENDIDIKAN TINGGI SAINS TEKNOLOGI lulusan STEM [site:kemdiktisaintek.go.id] | capaian lulusan STEM Kementerian Pendidikan Tinggi Sains Teknologi 2025 [site:kemdiktisaintek.go.id],7959,377,9.79
20260917_150324,2026-09-17T15:34:21,watsonx-qwen3-30b-a3b-instruct-2507,serper,0.0,166,763,Infrastruktur,KEMENTERIAN PEKERJAAN UMUM,PP 02.12 - Kapasitas tampungan air,"59,31",m3/kapita,True,False,False,False,90,tidak_ada,tidak_ada,"Program belum berjalan, ditandai dengan tidak ditemukannya bukti konkret pelaksanaan kegiatan pemerintah terkait peningkatan kapasitas tampungan air m3/kapita pada tahun 2025 di dokumen LKj 2025, siaran pers resmi, atau sumber terpercaya lainnya. Hanya ditemukan rencana dan target di dokumen tahun 2024 dan 2022.","Program berjalan ditandai dengan kementerian PU melaporkan data operasional riil sistem tampungan air nasional yang aktif dikelola: 240 bendungan dengan kapasitas tampung 7,89 miliar m3, 601 situ/danau dengan volume 135,59 miliar m3, dan 10.789 sumur bor untuk antisipasi kekeringan - bukti sistem infrastruktur air berjalan nyata dan dikelola aktif (bukan rencana). Contoh operasional konkret: Waduk Kedungombo mengalirkan air irigasi untuk 72.664 ha lahan pertanian pada musim tanam 2025/2026. Namun angka indeks komposit 'kapasitas tampungan air' skala RPJMN (baseline 59,59, target 59,31) belum dikonfirmasi sebagai angka tunggal yang bisa dicocokkan langsung.",,,False,False,True,OK,,3,1,3,laporan kinerja 2025 Kementerian Pekerjaan Umum tampungan air m3 kapita SDA | Laporan Kinerja 2025 Kementerian Pekerjaan Umum kapasitas tampungan air m3 kapita [site:sda.pu.go.id] | siaran pers Kementerian Pekerjaan Umum 2025 kapasitas tampungan air m3 kapita [site:pupr.go.id],7135,324,10.21
20260917_150324,2026-09-17T15:34:30,watsonx-qwen3-30b-a3b-instruct-2507,serper,0.0,167,764,Infrastruktur,KEMENTERIAN PEKERJAAN UMUM,PP 02.12 - Rasio kapasitas air baku terpasang terhadap kebutuhan penduduk,"53,01",persen,True,False,False,False,90,tidak_ada,tidak_ada,"Program belum berjalan, ditandai dengan tidak ditemukannya bukti konkret pelaksanaan kegiatan fisik atau laporan kinerja tahun 2025 dari Kementerian Pekerjaan Umum yang menyebutkan capaian indikator rasio kapasitas air baku terpasang terhadap kebutuhan penduduk. Hanya ditemukan dokumen rencana strategis dan laporan tahun sebelumnya.","Program berjalan ditandai dengan sistem pengelolaan air baku Kementerian PU terkonfirmasi aktif secara operasional (data bendungan, situ, sumur bor riil). Namun angka rasio spesifik 'kapasitas air baku terpasang terhadap kebutuhan penduduk' (baseline 53,34, target 53,01) belum ditemukan sebagai angka tunggal yang dipublikasikan terbuka untuk 2025 ",tidak_ada,,False,False,True,OK,,3,0,3,laporan kinerja 2025 Kementerian Pekerjaan Umum air baku kapasitas rasio SDA persen | laporan kinerja 2025 Kementerian Pekerjaan Umum air baku kapasitas rasio [site:sda.pu.go.id] | siaran pers Kementerian Pekerjaan Umum air baku kapasitas rasio 2025 [site:pu.go.id],7961,321,9.02
20260917_150324,2026-09-17T15:34:38,watsonx-qwen3-30b-a3b-instruct-2507,serper,0.0,168,777,Sosial,KEMENTERIAN KEBUDAYAAN,KP 08.02.03 - Jumlah kawasan pengajuan kebudayaan yang dikembangkan (kumulatif),3,kawasan,True,False,False,False,90,tidak_ada,tidak_ada,"Program belum berjalan, ditandai dengan tidak ditemukannya bukti konkret pelaksanaan kegiatan pengembangan kawasan budaya pada 2025 di dokumen LKj 2025 Kemenbud, siaran pers resmi, atau sumber terpercaya lainnya. Hanya ditemukan dokumen rencana strategis dan laporan tahunan 2024, tanpa capaian aktual tahun 2025.","Program berjalan ditandai dengan kementerian Kebudayaan aktif mengembangkan kawasan pemajuan kebudayaan melalui revitalisasi infrastruktur budaya (rumah adat, situs bersejarah, candi) yang telah menjangkau 845 penerima manfaat pada 2025, serta dukungan kepada masyarakat adat di seluruh provinsi.",tidak_ada,,False,False,True,OK,,3,2,3,laporan kinerja 2025 KEMENTERIAN KEBUDAYAAN jumlah kawasan pengajuan kebudayaan dikembangkan | laporan kinerja 2025 KEMENTERIAN KEBUDAYAAN kawasan pengajuan kebudayaan dikembangkan [site:kemenbud.go.id] | KEMENTERIAN KEBUDAYAAN siaran pers kawasan budaya dikembangkan 2025 [site:kemenbud.go.id],6269,332,8.03
20260917_150324,2026-09-17T15:34:47,watsonx-qwen3-30b-a3b-instruct-2507,serper,0.0,169,778,Sosial,KEMENTERIAN KEBUDAYAAN,KP 08.02.04 - Persentase penduduk yang pernah terlibat sebagai pelaku/pendukung pertunjukan seni,"1,67",persen,True,False,False,False,70,lkj,2025,"Program belum berjalan, ditandai dengan tidak ditemukannya bukti konkret kegiatan pemerintah terkait partisipasi pelaku/penggemar seni pertunjukan pada 2025 di dokumen resmi Kementerian Kebudayaan, meskipun terdapat indikator dan target dalam LKj 2025 dari OPD daerah yang menyebutkan peningkatan partisipasi seni.","Program berjalan ditandai dengan indikator partisipasi masyarakat sebagai pelaku/pendukung pertunjukan seni dipantau melalui Susenas Modul Sosial Budaya dan Pendidikan (MSBP) BPS, dengan publikasi data tahun 2024 menunjukkan 52,55% penduduk menonton seni musik dan 26,96% menonton seni tari; data serupa juga dipublikasikan di tingkat daerah seperti DKI Jakarta pada 2025.",https://www.kebudayaan.denpasarkota.go.id/public/uploads/download/download_252008100817_lkjip-dinas-kebudayaan-tahun-2025-pelaporan-tahun-2024-ttd.pdf,www.kebudayaan.denpasarkota.go.id,True,True,True,OK,,3,2,3,laporan kinerja 2025 KEMENTERIAN KEBUDAYAAN partisipasi seni pelaku pertunjukan | partisipasi pelaku seni pertunjukan KEMENTERIAN KEBUDAYAAN 2025 [site:kemenbud.go.id] | siaran pers KEMENTERIAN KEBUDAYAAN kegiatan seni budaya 2025 partisipasi pelaku [site:kemenbud.go.id],6235,380,8.74
20260917_150324,2026-09-17T15:34:58,watsonx-qwen3-30b-a3b-instruct-2507,serper,0.0,170,779,Sosial,KEMENTERIAN KEBUDAYAAN,KP 08.02.04 - Jumlah wilayah ada yang dikembangkan dalam pemajuan kebudayaan,3,wilayah adat,True,False,False,False,90,tidak_ada,tidak_ada,"Program belum berjalan, ditandai dengan tidak ditemukannya bukti konkret kegiatan pemerintah terkait pengembangan wilayah adat dalam pemajuan kebudayaan pada tahun 2025 di dokumen LKj 2025 Kementerian Kebudayaan, siaran pers resmi, atau sumber lain yang mengonfirmasi pelaksanaan kegiatan fisik atau teknis.",Program berjalan ditandai dengan kementerian Kebudayaan memberikan dukungan pengembangan wilayah adat melalui program penguatan kapasitas dan lokakarya bagi masyarakat adat dan komunitas Penghayat Kepercayaan di seluruh provinsi Indonesia sepanjang 2025.,,,False,False,True,OK,,3,2,3,laporan kinerja 2025 KEMENTERIAN KEBUDAYAAN wilayah adat penguatan adat pemajuan budaya | laporan kinerja 2025 KEMENTERIAN KEBUDAYAAN pemajuan budaya wilayah adat [site:kebudayaan.go.id] | siaran pers KEMENTERIAN KEBUDAYAAN 2025 wilayah adat pemajuan budaya [site:kebudayaan.go.id],6335,319,10.62
20260917_150324,2026-09-17T15:35:08,watsonx-qwen3-30b-a3b-instruct-2507,serper,0.0,171,787,Infrastruktur,KEMENTERIAN KEHUTANAN,KP 02.12.04 - Jumlah mata air yang dipertahankan dan diselamatkan,60,unit,False,False,True,False,90,media,2025,"Program berjalan, ditandai dengan kegiatan teknis penjagaan dan pelestarian mata air di Puncak Jawa Sungai Kolbu yang dilaporkan pada 27 Maret 2025 oleh Direktorat Jenderal KSDAE Kementerian Kehutanan.",Program tidak berjalan ditandai dengan belum ditemukan sumber berita/laporan resmi Kementerian Kehutanan yang melaporkan realisasi jumlah mata air yang dipertahankan/diselamatkan pada 2025 (target 60 titik). Perlu pencarian lanjut khusus ke publikasi Ditjen KSDAE atau Ditjen PDASRH Kementerian Kehutanan.,https://ksdae.kehutanan.go.id/publikasi/artikel/?page=53&layout=row&keyword=,ksdae.kehutanan.go.id,True,True,True,OK,,3,0,3,laporan kinerja 2025 Kementerian Kehutanan mata air konservasi DAS | mata air dipertahankan diselamatkan Kementerian Kehutanan 2025 [site:ksdae.kehutanan.go.id] | mata air dipertahankan diselamatkan Kementerian Kehutanan 2025 kegiatan teknis [site:ksdae.kehutanan.go.id],7576,303,10.38
20260917_150324,2026-09-17T15:35:20,watsonx-qwen3-30b-a3b-instruct-2507,serper,0.0,172,788,Sosial,KEMENTERIAN KEHUTANAN,"KP 02.16.01 - Jumlah unit KSA, KPA, dan TB dengan kategori pengelolaan efektif",304,unit,True,False,True,True,90,lkj,2025,"Program berjalan, ditandai dengan rekapitulasi capaian penilaian efektivitas tata kelola KSA, KPA, dan TB tahun 2025 yang tercantum dalam dokumen Laporan Kinerja Direktorat Jenderal KSDAE 2025 yang tersedia di situs resmi Kementerian Kehutanan.","Program berjalan ditandai dengan KLHK melalui Ditjen KSDAE aktif melaksanakan penilaian efektivitas pengelolaan Kawasan Suaka Alam (KSA), Kawasan Pelestarian Alam (KPA), dan Taman Buru (TB) menggunakan Management Effectiveness Tracking Tool (METT), berpedoman pada Keputusan Dirjen KSDAE Nomor 175 Tahun 2025, dengan pelaksanaan hingga tingkat balai KSDA daerah seperti di Yogyakarta.",https://ksdae.kehutanan.go.id/storages/be73d863d92649c58d4d214b338c88ee.pdf,ksdae.kehutanan.go.id,True,True,True,OK,,3,0,3,laporan kinerja 2025 Kementerian Kehutanan KSA KPA pengelolaan efektif | KSA KPA TB pengelolaan efektif 2025 Kementerian Kehutanan [site:ksdae.kehutanan.go.id] | capaian KSA KPA TB pengelolaan efektif 2025 Kementerian Kehutanan [site:ksdae.kehutanan.go.id],7967,344,12.11
20260917_150324,2026-09-17T15:35:29,watsonx-qwen3-30b-a3b-instruct-2507,serper,0.0,173,789,Infrastruktur,KEMENTERIAN KEHUTANAN,KP 02.16.01 - Luas areal preservasi yang dikembangkan,528,ha,False,False,True,False,90,media,2025,"Program berjalan, ditandai dengan kegiatan verifikasi data capaian Luas Areal Preservasi yang Dikembangkan di Bandung pada 4-5 Desember 2025 oleh Direktorat Pemulihan Ekosistem dan Bina Areal Preservasi, Kementerian Kehutanan, yang merupakan bagian dari pelaksanaan indikator KP 02.16.01 tahun 2025.","Program tidak berjalan ditandai dengan belum ditemukan sumber berita/laporan resmi yang melaporkan realisasi luas areal preservasi yang dikembangkan pada 2025 (target 528, indikator baru). Perlu pencarian lanjut khusus ke publikasi Kementerian Kehutanan terkait program preservasi kawasan hutan.",https://www.instagram.com/reel/DSRsD-CkZ3y/,www.instagram.com,False,True,True,OK,,3,0,3,laporan kinerja 2025 Kementerian Kehutanan preservasi habitat konservasi | preservasi habitat konservasi Kementerian Kehutanan 2025 [site:ksdae.kehutanan.go.id] | verifikasi data capaian Indikator Kinerja Kegiatan Luas Areal Preservasi yang Dikembangkan 2025 [site:instagram.com],7496,324,8.86
20260917_150324,2026-09-17T15:35:39,watsonx-qwen3-30b-a3b-instruct-2507,serper,0.0,174,792,Sosial,KEMENTERIAN KEHUTANAN,KP 02.16.02 - Indeks Daftar Merah Nasional status keterancaman spesies,"0,75",Indeks,True,False,True,True,90,lkj,2025,"Program berjalan, ditandai dengan pelaporan Indeks Daftar Merah Nasional Status Keterancaman Spesies (RLI) dalam Laporan Kinerja Direktorat Jenderal KSDAE Tahun 2025 yang terbit pada awal 2026, serta penyertaan indikator ini dalam rencana strategis Ditjen KSDAE 2025-2029 sebagai bagian dari upaya konservasi spesies.","Program berjalan ditandai dengan KLHK/Ditjen KSDAE aktif menjalankan program konservasi spesies terancam punah, termasuk proyek GEF-7 'Investing in the Komodo Dragon and other globally threatened species in Flores' bersama UNDP untuk memperkuat perlindungan spesies yang memengaruhi status Daftar Merah Nasional.",https://ksdae.kehutanan.go.id/storages/c7ef234ee5c94a0ab413567ad49d3167.pdf,ksdae.kehutanan.go.id,True,True,True,OK,,3,0,3,laporan kinerja 2025 Kementerian Kehutanan spesies keterancaman konservasi daftar merah biodiversitas | Indeks Daftar Merah Nasional status keterancaman spesies 2025 Kementerian Kehutanan [site:ksdae.kehutanan.go.id] | kegiatan konservasi spesies langka 2025 Kementerian Kehutanan daftar merah [site:ksdae.kehutanan.go.id],7824,376,9.78
20260917_150324,2026-09-17T15:35:49,watsonx-qwen3-30b-a3b-instruct-2507,serper,0.0,175,793,Sosial,KEMENTERIAN KEHUTANAN,KP 02.16.03 - Jumlah kelompok masyarakat yang dibina dalam upaya konservasi kawasan dan keanekaragaman hayati,200,kelompok,True,False,True,True,90,siaran_pers,2025,"Program berjalan, ditandai dengan pelaksanaan sinergi kemitraan konservasi dan pemberdayaan masyarakat yang melibatkan 146 kelompok masyarakat sekitar kawasan konservasi, sebagaimana disebutkan dalam berita resmi Ditjen KSDAE Kementerian Kehutanan pada Desember 2025.","Program berjalan ditandai dengan pembinaan kelompok masyarakat dalam konservasi kawasan dan keanekaragaman hayati aktif dijalankan melalui skema kemitraan konservasi dan Areal Konservasi Kelola Masyarakat (AKKM), yang hingga Mei 2025 tercatat seluas 647.457,49 hektare tersebar di 293 wilayah komunitas adat dan lokal, didukung Permen LH No. 2/2025 tentang imbal jasa lingkungan.",https://ksdae.kehutanan.go.id/berita/12232/Sinergi-Kemitraan-Konservasi-dan-Pemberdayaan-Masyarakat-Ditampilkan-di-Festival-LIKE.html,ksdae.kehutanan.go.id,True,True,True,OK,,3,0,3,laporan kinerja 2025 Kementerian Kehutanan masyarakat konservasi pemberdayaan kelompok edukasi | pemberdayaan masyarakat konservasi kawasan kemenhut 2025 [site:ksdae.kehutanan.go.id] | kelompok masyarakat dibina konservasi kawasan kemenhut 2025 [site:ksdae.kehutanan.go.id],7681,353,10.19
20260917_150324,2026-09-17T15:35:59,watsonx-qwen3-30b-a3b-instruct-2507,serper,0.0,176,794,Industri,BADAN PENYELENGGARA JAMINAN PRODUK HALAL,KP 02.13.03 - Jumlah produk tersertifikasi halal,7.000.000,produk,True,False,True,True,90,siaran_pers,2025,"Program berjalan, ditandai dengan capaian sertifikasi halal produk sebanyak 576.579 produk hingga Juni 2025 dalam Laporan Kinerja BPJPH, serta pencapaian total lebih dari 9,8 juta produk bersertifikat hingga Oktober 2025 yang dilaporkan dalam siaran pers resmi.","Program berjalan ditandai dengan program sertifikasi halal BPJPH sangat aktif berjalan dan bahkan melampaui target 2025 (7 juta produk): tercatat 9,8 juta produk bersertifikat halal per Okt 2025, termasuk terobosan sertifikasi gratis untuk warteg/warsun.",https://bpjph.halal.go.id/read/1-tahun-bpjph-produk-bersertifikat-halal-tembus-9-8-juta,bpjph.halal.go.id,True,True,True,OK,,3,0,3,laporan kinerja 2025 BPJPH sertifikasi halal produk | sertifikasi halal produk 2025 BPJPH capaian [site:bpjph.halal.go.id] | capaian sertifikasi halal 2025 BPJPH jumlah produk [site:cmsbl.halal.go.id],7659,310,10.19
20260917_150324,2026-09-17T15:36:10,watsonx-qwen3-30b-a3b-instruct-2507,serper,0.0,177,797,Pangan,BADAN KARANTINA INDONESIA,KP 02.10.10 - Persentase pemasukan pekan yang tersertifikasi keamanan dan mutunya,80,persen,True,False,False,False,90,lkj,2025,"Program belum berjalan, ditandai dengan tidak ditemukannya bukti konkret pelaksanaan kegiatan sertifikasi pangan berbasis pemasukan pekan pada tahun 2025 di dokumen LKj 2025 atau siaran pers resmi. Hanya terdapat rencana strategis dan target, tanpa capaian atau aktivitas teknis yang dilaporkan.","Program berjalan ditandai dengan sistem sertifikasi karantina untuk pemasukan pangan (keamanan & mutu) terkonfirmasi aktif dan operasional melalui Laporan Kinerja triwulanan Badan Karantina Indonesia yang sama dengan indikator lain di sektor ini (id 586, 654, 656) - mencakup proses sertifikasi berbasis dokumen (SPAN, e-kinerja) dengan data riil per balai. Sistem berjalan nyata, meski angka agregat nasional 80% belum dikonfirmasi sebagai satu angka tunggal.",https://karantinaindonesia.go.id/repository/main-web/performance-reports/01KWZTERV6N4T7JBGPM9894HRF.pdf,karantinaindonesia.go.id,True,True,True,OK,,3,0,3,laporan kinerja 2025 BADAN KARANTINA INDONESIA sertifikasi pangan mutu pangan | sertifikasi keamanan pangan pemasukan pekan 2025 BADAN KARANTINA INDONESIA [site:karantinaindonesia.go.id] | capaian sertifikasi pangan keamanan mutu pangan 2025 BADAN KARANTINA INDONESIA [site:karantinaindonesia.go.id],7649,347,10.72
20260917_150324,2026-09-17T15:36:20,watsonx-qwen3-30b-a3b-instruct-2507,serper,0.0,178,798,Industri,KEMENTERIAN KEHUTANAN,"KP 02.16.04 - Nilai PNBP dari pemanfaatan jasa lingkungan KSA, KPA dan TB",209,miliar rupiah,True,False,True,True,90,lkj,2025,"Program berjalan, ditandai dengan realisasi nilai PNBP dari pemanfaatan jasa lingkungan KSA, KPA, dan TB sebesar Rp41,12 miliar pada triwulan I tahun 2026, yang melaporkan capaian pelaksanaan tahun 2025 dalam Laporan Kinerja Kementerian Kehutanan 2025 yang terbit awal 2026.",Program berjalan ditandai dengan skema PNBP jasa lingkungan kawasan konservasi (KSA/KPA/TB) berjalan dan terus diperbarui: PP 36/2024 serta Permenhut No. 27 & 28 Tahun 2025 yang mengatur tarif dan mekanisme pungutan PNBP jasa lingkungan di kawasan konservasi.,https://www.kehutanan.go.id/s/uploads/a_Final_L_Kj_Kemenhut_TW_I_TA_2026_aab027be49.pdf,www.kehutanan.go.id,True,True,True,OK,,3,0,3,laporan kinerja 2025 Kementerian Kehutanan PNBP jasa lingkungan KSA KPA TB | PNBP jasa lingkungan KSA KPA TB 2025 Kementerian Kehutanan realisasi [site:kehutanan.go.id] | realisasi PNBP jasa lingkungan KSA KPA TB 2025 Kementerian Kehutanan capaian [site:ksdae.kehutanan.go.id],7775,360,9.69
20260917_150324,2026-09-17T15:36:27,watsonx-qwen3-30b-a3b-instruct-2507,serper,0.0,179,802,Industri,KEMENTERIAN KEHUTANAN,KP 02.21.01 - Nilai ekspor produk kehutanan,"15,42",miliar USD,True,False,True,True,90,lkj,2025,"Program berjalan, ditandai dengan capaian nilai ekspor produk kehutanan sebesar Rp8,48 triliun (setara sekitar 560 juta USD) dalam Laporan Kinerja Direktorat Jenderal KSDAE Tahun 2025, yang mencerminkan aktivitas ekspor nyata di tahun 2025.","Program berjalan ditandai dengan ekspor produk kehutanan terus berjalan dan dipantau pemerintah: nilai ekspor produk kehutanan 2024 tercatat US$12,73 miliar (APHI/Kemenhut), ekspor kayu olahan ke AS 2025 mencapai US$1,94 miliar, meski Kemenhut mengakui tren nilainya stagnan.",https://ksdae.kehutanan.go.id/storages/c7ef234ee5c94a0ab413567ad49d3167.pdf,ksdae.kehutanan.go.id,True,True,True,OK,,3,0,3,laporan kinerja 2025 Kementerian Kehutanan ekspor produk kehutanan | nilai ekspor produk kehutanan 2025 Kementerian Kehutanan capaian [site:kehutanan.go.id] | capaian nilai ekspor produk kehutanan 2025 Kementerian Kehutanan realisasi [site:ksdae.kehutanan.go.id],7651,340,7.75
20260917_150324,2026-09-17T15:36:38,watsonx-qwen3-30b-a3b-instruct-2507,serper,0.0,180,806,Birokrasi,KEMENTERIAN KEHUTANAN,KP 02.21.04-Desa yang menggunakan data dan informasi batas kawasan hutan sebagai rujukan dalam peta wilayah desa,528,desa,True,False,True,True,90,lkj,2025,"Program berjalan, ditandai dengan implementasi peta wilayah desa berbasis data batas kawasan hutan yang disebutkan dalam Rencana Kerja Ditjen Planologi Kehutanan 2026, yang melaporkan pendekatan untuk mendorong desa menggunakan data batas kawasan hutan sebagai rujukan peta wilayah desa, serta dukungan dari BPKH Wilayah VIII yang aktif dalam integrasi data geospasial dan peta kawasan hutan tahun 2025.","Program berjalan ditandai dengan ditjen Planologi Kehutanan dan Tata Lingkungan telah melakukan pemetaan dan integrasi data batas kawasan hutan sebagai rujukan wilayah desa: dari 25.468 desa yang wilayahnya beririsan kawasan hutan, 2.764 desa telah diselesaikan menjadi Areal Penggunaan Lain (APL) dan 2.614 desa masih dalam proses penyelesaian melalui mekanisme TORA.",https://planologi.kehutanan.go.id/assets/img/publication/Renja%20Ditjen%20Planhut%20Tahun%202026.pdf,planologi.kehutanan.go.id,True,True,True,OK,,3,0,3,laporan kinerja 2025 Kementerian Kehutanan desa hutan batas kawasan pemetaan wilayah | Kementerian Kehutanan desa menggunakan data batas kawasan hutan peta wilayah 2025 [site:kehutanan.go.id] | Kementerian Kehutanan desa batas kawasan hutan peta wilayah 2025 implementasi [site:planologi.kehutanan.go.id],7676,382,10.87
20260917_150324,2026-09-17T15:36:47,watsonx-qwen3-30b-a3b-instruct-2507,serper,0.0,181,807,Sosial,KEMENTERIAN KEHUTANAN,KP 02.21.05 - Kelompok masyarakat di dalam dan sekitar kawasan hutan yang dilibatkan dalam pengelolaan hutan(kelompok,15.574,kelompok,True,False,True,True,85,siaran_pers,2025,"Program berjalan, ditandai dengan kunjungan Menteri Kehutanan ke kampung di Cianjur pada Maret 2025 yang menyoroti pemberdayaan masyarakat hutan melalui perhutanan sosial, serta kegiatan pendampingan kelompok masyarakat dalam rehabilitasi hutan yang tercatat dalam Rencana Kerja BPKH Wilayah VIII 2025.","Program berjalan ditandai dengan KLHK/Kementerian Kehutanan aktif melibatkan kelompok masyarakat sekitar kawasan hutan dalam pengelolaan hutan melalui Program Perhutanan Sosial, dengan capaian per akhir 2025 mencapai sekitar 8,33 juta hektare melalui lebih dari 11 ribu SK bagi 1,4 juta kepala keluarga, dan Perhutanan Sosial telah ditetapkan sebagai Proyek Strategis Nasional oleh Presiden Prabowo Subianto.",https://www.kehutanan.go.id/pers/article-12,www.kehutanan.go.id,True,True,True,OK,,3,0,3,laporan kinerja 2025 Kementerian Kehutanan pemberdayaan masyarakat hutan kelompok binaan | laporan kinerja 2025 Kementerian Kehutanan kelompok masyarakat di kawasan hutan partisipasi sosial [site:kehutanan.go.id] | siaran pers Kementerian Kehutanan 2025 pemberdayaan masyarakat hutan kelompok binaan [site:kehutanan.go.id],7688,336,8.9
20260917_150324,2026-09-17T15:36:56,watsonx-qwen3-30b-a3b-instruct-2507,serper,0.0,182,808,Kesehatan,BADAN GIZI NASIONAL,KP 04.12.01 - Persentase siswa SD/MI/sederajat yang mendapatkan bantuan makanan bergizi,24,persen,True,False,True,True,90,siaran_pers,2025,"Program berjalan, ditandai dengan siaran pers Badan Gizi Nasional pada Juni 2025 yang menyebutkan refleksi 6 bulan pelaksanaan Program Makan Bergizi Gratis (MBG) untuk siswa SD, serta capaian penerima manfaat hingga 61,2 juta orang per Maret 2026 yang mencakup siswa sekolah dasar.","Program berjalan ditandai dengan pelaksanaan bertahap mulai SD/MI; mencatat >36,7 juta penerima manfaat per Oktober 2025, target ekuivalen ~83 juta penerima (100%) pada 2029.",https://www.bgn.go.id/news/berita/612-juta-penerima-manfaat-indonesia-peringkat-kedua-dunia-program-makan-sekolah,www.bgn.go.id,True,True,True,OK,,3,0,3,laporan kinerja 2025 BADAN GIZI NASIONAL persentase siswa SD makanan bergizi | siaran pers Badan Gizi Nasional makanan bergizi gratis siswa SD 2025 [site:bgn.go.id] | program makan bergizi gratis siswa SD 2025 capaian realisasi [site:bgn.go.id],7459,332,9.22
20260917_150324,2026-09-17T15:37:07,watsonx-qwen3-30b-a3b-instruct-2507,serper,0.0,183,817,Infrastruktur,KEMENTERIAN PEKERJAAN UMUM,KP 06.07.01 - Rumah tangga perdesaan dengan akses sanitasi aman,6,persen,True,False,True,True,85,lkj,2025,"Program berjalan, ditandai dengan pelaksanaan kegiatan sanitasi berbasis masyarakat (SANIMAS) dan pembangunan prasarana sanitasi di wilayah perdesaan yang tercantum dalam Laporan Kinerja Ditjen Cipta Karya Jawa Tengah Tahun 2025, yang menyebutkan peningkatan jumlah rumah tangga terlayani akses sanitasi aman.","Program berjalan ditandai dengan Bappenas mempresentasikan data kondisi sanitasi nasional (air limbah domestik) tahun 2024: capaian 10,25% (7 juta rumah tangga) dari target 2029 sebesar 30% - mengonfirmasi sistem pemantauan sanitasi aman aktif berjalan secara nasional dan berbasis data riil (bukan rencana). Namun angka spesifik untuk 'rumah tangga PERDESAAN dengan akses sanitasi aman' (baseline 4,77%, target 6% untuk 2025) belum dikonfirmasi terpisah dari angka nasional gabungan yang ditemukan.",https://ciptakarya.pu.go.id/admin/assets/upload/file/laporan/2025/02/14/508435_Laporan%20Kinerja%20BPPW%20Jawa%20Timur%20Tahun%202024.pdf,ciptakarya.pu.go.id,True,True,True,OK,,3,0,3,laporan kinerja 2025 Kementerian Pekerjaan Umum akses sanitasi aman rumah tangga perdesaan | Kementerian Pekerjaan Umum program sanitasi aman rumah tangga perdesaan 2025 [site:pu.go.id] | Laporan Kinerja 2025 Ditjen Cipta Karya Jawa Tengah akses sanitasi aman rumah tangga perdesaan [site:ciptakarya.pu.go.id],7701,389,10.27
20260917_150324,2026-09-17T15:37:16,watsonx-qwen3-30b-a3b-instruct-2507,serper,0.0,184,819,Kesehatan,KEMENTERIAN KOORDINATOR BIDANG PEMBANGUNAN MANUSIA DAN KEBUDAYAAN,PN 04 - Angka kelahiran total (Total fertility rate),"2,12",Rata - rata kelahiran per wanita usia subur (WUS) 15 - 49 Tahun,True,False,False,False,75,media,2025,"Program belum berjalan, ditandai dengan tidak ditemukannya bukti kegiatan konkret, laporan kinerja 2025, atau siaran pers resmi dari Kemenko PMK yang melaporkan pelaksanaan kegiatan terkait penurunan angka kelahiran total pada 2025. Data TFR 2025 berasal dari BPS dan tidak menunjukkan adanya program pemerintah aktif yang melaporkan capaian secara langsung.","Program berjalan ditandai dengan TFR dikalibrasi turun secara landai menuju 2,10 (replacement level) guna mempertahankan rasio ketergantungan ideal untuk bonus demografi.",https://www.facebook.com/KOMPAScom/videos/data-bps-menunjukkan-angka-kelahiran-indonesia-atau-total-fertility-rate-tfr-ter/1391832022865382/,www.facebook.com,False,True,True,OK,,3,2,3,laporan kinerja 2025 Kemenko PMK angka kelahiran total total fertility rate | laporan kinerja 2025 Kemenko PMK total fertility rate [site:kemenkopolhukam.go.id] | siaran pers Kemenko PMK 2025 angka kelahiran total TFR [site:kemenkopolhukam.go.id],6259,366,9.05
20260917_150324,2026-09-17T15:37:26,watsonx-qwen3-30b-a3b-instruct-2507,serper,0.0,185,820,Sosial,KEMENTERIAN LINGKUNGAN HIDUP/BADAN PENGENDALIAN LINGKUNGAN HIDUP,PP 02.16 - Indeks Pengurangan Ancaman Kehilangan Keanekaragaman Hayati,"0,51",Indeks,True,False,True,True,90,media,2025,"Program berjalan, ditandai dengan pengukuran indeks pengurangan ancaman kehilangan keanekaragaman hayati (IPK) oleh Kementerian Lingkungan Hidup/Badan Pengendalian Lingkungan Hidup pada tahun 2025 yang mencapai 0,4295, sebagaimana dilaporkan oleh LCDI Indonesia.","Program berjalan ditandai dengan KLH/BPLH bersama Bappenas dan BRIN meluncurkan dokumen 'Status Kekinian Keanekaragaman Hayati' (Agustus 2025) sebagai basis pemantauan Indeks Pengurangan Ancaman Kehilangan Kehati, sejalan dengan strategi IBSAP 2025-2045 yang mencakup restorasi ekosistem kritis dan penguatan kawasan konservasi.",https://lcdi-indonesia.id/keanekaragaman-hayati/,lcdi-indonesia.id,False,True,True,OK,,3,0,3,laporan kinerja 2025 Kementerian Lingkungan Hidup Badan Pengendalian Lingkungan Hidup indeks pengurangan ancaman kehilangan keanekaragaman hayati | indeks pengurangan ancaman kehilangan keanekaragaman hayati 2025 capaian Kementerian Lingkungan Hidup [site:lcdi-indonesia.id] | Laporan Kinerja Kementerian Lingkungan Hidup 2025 indeks pengurangan ancaman kehilangan keanekaragaman hayati [site:kemenlh.go.id],7614,358,10.42
20260917_150324,2026-09-17T15:37:36,watsonx-qwen3-30b-a3b-instruct-2507,serper,0.0,186,827,Infrastruktur,KEMENTERIAN LINGKUNGAN HIDUP/BADAN PENGENDALIAN LINGKUNGAN HIDUP,KP 02.16.01 - Jumlah unit pengelola taman kehati yang difasilitasi perencanaan dan pengelolanya,2,unit,False,False,True,False,90,siaran_pers,2025,"Program berjalan, ditandai dengan Rapat Koordinasi Nasional (Rakornas) Kehati 2025 yang dihadiri Menteri Lingkungan Hidup dan menyatakan dukungan terhadap pembangunan Taman Kehati serta penyusunan Rencana Induk Pengelolaan oleh pemerintah daerah sebagai bagian dari fasilitasi perencanaan dan pengelolaan.","Program tidak berjalan ditandai dengan belum ditemukan sumber berita/laporan resmi Kementerian Lingkungan Hidup/BPLH yang melaporkan realisasi jumlah unit pengelola taman keanekaragaman hayati (taman kehati) yang difasilitasi pada 2025 (target 2 unit, sama dengan baseline).",https://kemenlh.go.id/news/detail/rakornas-kehati-2025-menteri-lh-ajak-daerah-satukan-visi-jaga-kekayaan-hayati-indonesia,kemenlh.go.id,True,True,True,OK,,3,0,3,laporan kinerja 2025 Kementerian Lingkungan Hidup Badan Pengendalian Lingkungan Hidup taman kehati pengelola unit | taman kehati pengelola unit fasilitasi perencanaan 2025 Kementerian Lingkungan Hidup [site:kemenlh.go.id] | taman kehati fasilitasi perencanaan pengelolaan 2025 Kementerian Lingkungan Hidup siaran pers [site:kemenlh.go.id],7499,379,9.64
20260917_150324,2026-09-17T15:37:45,watsonx-qwen3-30b-a3b-instruct-2507,serper,0.0,187,828,Birokrasi,KEMENTERIAN LINGKUNGAN HIDUP/BADAN PENGENDALIAN LINGKUNGAN HIDUP,KP 02.16.03 - Jumlah dokumen pemantauan dan evaluasi implementasi konvensi keanekaragaman hayati dan protokol/kebijakan turunannya di indonesia,1,dokumen,True,False,True,True,90,siaran_pers,2025,"Program berjalan, ditandai dengan konsultasi publik penyusunan National Report Ke-7 CBD pada Februari 2026 yang merupakan bagian dari pemantauan dan evaluasi implementasi konvensi keanekaragaman hayati, dengan fokus pada integrasi kebijakan dan pelaporan tahun 2025.","Program berjalan ditandai dengan KLH/BPLH bersama Bappenas dan BRIN telah meluncurkan dokumen 'Status Kekinian Keanekaragaman Hayati' (19 Agustus 2025) sebagai bentuk pemantauan dan evaluasi implementasi Konvensi Keanekaragaman Hayati (CBD) dan Protokol Nagoya, sejalan dengan IBSAP 2025-2045.",https://balaikliringkehati.kemenlh.go.id/2026/02/19/konsultasi-publik-penyusunan-national-report-ke-7-cbd-penguatan-integrasi-kebijakan-data-dan-kolaborasi-menuju-implementasi-km-gbf-dan-ibsap-2025-2045/,balaikliringkehati.kemenlh.go.id,True,True,True,OK,,3,0,3,laporan kinerja 2025 Kementerian Lingkungan Hidup Badan Pengendalian Lingkungan Hidup dokumen evaluasi konvensi keanekaragaman hayati | dokumen pemantauan evaluasi konvensi keanekaragaman hayati Indonesia 2025 [site:kemenlh.go.id] | National Report Ke-7 CBD Indonesia 2025 [site:balaikliringkehati.kemenlh.go.id],7739,385,9.59
20260917_150324,2026-09-17T15:37:56,watsonx-qwen3-30b-a3b-instruct-2507,serper,0.0,188,832,Infrastruktur,KEMENTERIAN LINGKUNGAN HIDUP/BADAN PENGENDALIAN LINGKUNGAN HIDUP,KP 02.17.01 - Jumlah sungai dan danau yang mengalami peningkatan status mutu,5,lokasi,True,False,False,False,90,tidak_ada,tidak_ada,"Program belum berjalan, ditandai dengan tidak ditemukannya bukti konkret kegiatan fisik, laporan kinerja 2025, atau siaran pers yang mencatat capaian peningkatan status mutu sungai dan danau pada tahun 2025. Hanya ditemukan dokumen perencanaan dan statistik umum tanpa indikasi pelaksanaan nyata.",Program berjalan ditandai dengan laporan resmi KLH/BPLH Oktober 2025: KLH/BPLH menyebut telah terjadi peningkatan kualitas mutu air di 1.066 sungai pada 2025 dibandingkan penilaian pada 2024.,tidak_ada,,False,False,True,OK,,3,0,3,laporan kinerja 2025 Kementerian Lingkungan Hidup Badan Pengendalian Lingkungan Hidup sungai danau peningkatan mutu kualitas air | laporan kinerja 2025 Kementerian Lingkungan Hidup Badan Pengendalian Lingkungan Hidup sungai danau peningkatan mutu [site:kemenlh.go.id] | sungai danau peningkatan mutu kualitas air 2025 Kementerian Lingkungan Hidup BPLH [site:kemenlh.go.id],7525,346,10.37
20260917_150324,2026-09-17T15:38:05,watsonx-qwen3-30b-a3b-instruct-2507,serper,0.0,189,835,Birokrasi,KEMENTERIAN LINGKUNGAN HIDUP/BADAN PENGENDALIAN LINGKUNGAN HIDUP,KP 02.17.02 - Jumlah kab/kota yang mengalami peningkatan IRLH sektor udara,5,kab/kota,True,False,False,False,90,siaran_pers,2026,"Program belum berjalan, ditandai dengan tidak ditemukannya bukti konkret pelaksanaan kegiatan pemerintah untuk peningkatan IRLH sektor udara di 5 kab/kota pada 2025, meskipun terdapat publikasi rencana dan dokumen LKj 2025 yang terbit awal 2026. Tidak ada siaran pers, laporan kegiatan, atau data capaian aktual dari tahun 2025 yang menunjukkan pelaksanaan nyata.","Program berjalan ditandai dengan KLH/BPLH secara resmi memperkuat pelaksanaan Indeks Respon Lingkungan Hidup (IRLH) sebagai instrumen penilaian kinerja pemda dalam pengelolaan lingkungan hidup (diumumkan 24 Juni 2025). Data capaian tahun sebelumnya (2024) mencatat sejumlah kab/kota mengalami perbaikan status kualitas udara, menunjukkan mekanisme pemantauan IRLH sektor udara berjalan.",https://kemenlh.go.id/news/detail/klhbplh-perkuat-penilaian-kinerja-lingkungan-hidup-daerah-sebagai-instrumen-strategis-nasional,kemenlh.go.id,True,False,True,OK,,3,0,3,laporan kinerja 2025 Kementerian Lingkungan Hidup IRLH udara kab kota peningkatan | IRLH udara kab kota peningkatan kualitas udara 2025 [site:kemenlh.go.id] | Laporan Kinerja Kementerian Lingkungan Hidup 2025 IRLH udara kab kota peningkatan [site:kemenlh.go.id],7078,385,9.64
20260917_150324,2026-09-17T15:38:14,watsonx-qwen3-30b-a3b-instruct-2507,serper,0.0,190,839,Industri,KEMENTERIAN LINGKUNGAN HIDUP/BADAN PENGENDALIAN LINGKUNGAN HIDUP,KP 02.17.03 - Jumlah industri dan atau pelabuhan yang membuang air limbah ke laut yang memenuhi baku mutu air limbah,36,pelabuhan/industri,True,False,True,True,90,siaran_pers,2025,"Program berjalan, ditandai dengan terbitnya Peraturan Menteri Lingkungan Hidup Nomor 11 Tahun 2025 yang mengatur baku mutu air limbah industri dan pelabuhan, serta siaran pers resmi Kementerian LHK pada 2025 yang menyatakan penerapan regulasi baru untuk peningkatan penataan pengelolaan air limbah.","Program berjalan ditandai dengan KLH/BPLH aktif menerbitkan & menegakkan regulasi baku mutu air limbah untuk industri/pelabuhan: Permen LH/BPLH No. 11/2025 (air limbah domestik) dan No. 12/2025 (industri tekstil), bagian dari sistem pengawasan baku mutu yang terus berjalan.",https://kemenlh.go.id/news/detail/babak-baru-pengendalian-pencemaran-air-dua-regulasi-klhbplh-berikan-terobosan-penaatan-pengelolaan-air-limbah,kemenlh.go.id,True,True,True,OK,,3,0,3,laporan kinerja 2025 Kementerian Lingkungan Hidup Badan Pengendalian Lingkungan Hidup limbah laut pelabuhan industri | laporan kinerja 2025 Kementerian Lingkungan Hidup baku mutu air limbah industri pelabuhan [site:kemenlh.go.id] | siaran pers Kementerian Lingkungan Hidup 2025 baku mutu air limbah industri pelabuhan [site:kemenlh.go.id],7277,376,8.84
20260917_150324,2026-09-17T15:38:23,watsonx-qwen3-30b-a3b-instruct-2507,serper,0.0,191,842,Sosial,KEMENTERIAN LINGKUNGAN HIDUP/BADAN PENGENDALIAN LINGKUNGAN HIDUP,KP 02.17.04- Indeks Kualitas Tutupan Lahan,"77,98",Indeks,True,False,False,False,90,bps_setkab,2025,"Program belum berjalan, ditandai dengan tidak ditemukannya bukti konkret kegiatan pemerintah atau capaian indeks kualitas tutupan lahan pada tahun 2025 di dokumen resmi Kementerian Lingkungan Hidup. Meskipun terdapat dokumen yang menyebutkan indeks IKTL secara konseptual, tidak ada laporan kinerja atau siaran pers yang mencatat pelaksanaan kegiatan teknis atau capaian nyata pada 2025.","Program berjalan ditandai dengan KLHK secara rutin menghitung dan mempublikasikan Indeks Kualitas Tutupan Lahan (IKTL) sebagai komponen Indeks Kualitas Lingkungan Hidup (IKLH) berdasarkan Permen LHK No. 27 Tahun 2021, dengan data resmi dipublikasikan melalui portal Satu Data Indonesia (data.go.id) dan dipantau tren tahunannya oleh Ditjen PPKL.",https://statistik.kemenlh.go.id/admin-office/storage/publikasi/statistik-lingkungan-hidup-volume-i-tahun-2025.pdf,statistik.kemenlh.go.id,True,True,True,OK,,3,0,3,laporan kinerja 2025 Kementerian Lingkungan Hidup Badan Pengendalian Lingkungan Hidup indeks kualitas tutupan lahan | indeks kualitas tutupan lahan 2025 Kementerian Lingkungan Hidup [site:kemenlh.go.id] | indeks kualitas tutupan lahan 2025 Kementerian Lingkungan Hidup capaian [site:kemenlh.go.id],7713,378,9.15
20260917_150324,2026-09-17T15:38:33,watsonx-qwen3-30b-a3b-instruct-2507,serper,0.0,192,850,Birokrasi,KEMENTERIAN LINGKUNGAN HIDUP/BADAN PENGENDALIAN LINGKUNGAN HIDUP,KP 02.17.07 - Jumlah usaha/kegiatan/izin pengelolaan SDA dan lingkungan yang diawasi ketaatannya,80,izin,True,False,True,True,90,siaran_pers,2025,"Program berjalan, ditandai dengan pengawasan aktif terhadap kegiatan pertambangan nikel di Raja Ampat oleh KLH/BPLH pada tahun 2025, yang mencerminkan pelaksanaan pengawasan ketaatan izin SDA dan lingkungan.","Program berjalan ditandai dengan KLH/BPLH melalui program PROPER 2025 telah melakukan evaluasi ketaatan pengelolaan lingkungan terhadap 5.476 perusahaan peserta, serta pembinaan dan pengawasan terhadap kawasan industri di Jabodetabek sejak Februari 2025 dengan verifikasi lapangan pada 270 perusahaan.",https://kemenlh.go.id/news/detail/aktivitas-tambang-ancam-ekosistem-raja-ampat-klhbplh-turun-tangan,kemenlh.go.id,True,True,True,OK,,3,0,3,laporan kinerja 2025 Kementerian Lingkungan Hidup Badan Pengendalian Lingkungan Hidup izin pengawasan ketaatan SDA lingkungan | laporan kinerja 2025 Kementerian Lingkungan Hidup pengawasan izin SDA lingkungan [site:kemenlh.go.id] | pengawasan izin SDA lingkungan 2025 Kementerian Lingkungan Hidup [site:kemenlh.go.id],7493,332,9.38
20260917_150324,2026-09-17T15:38:41,watsonx-qwen3-30b-a3b-instruct-2507,serper,0.0,193,852,Birokrasi,KEMENTERIAN LINGKUNGAN HIDUP/BADAN PENGENDALIAN LINGKUNGAN HIDUP,"KP 02.17.07 - Layanan KLHS dan instrumen lingkungan hidup yang terintegrasi dalam kebijakan, rencana dan program",40,layanan,True,False,True,True,85,siaran_pers,2025,"Program berjalan, ditandai dengan kegiatan evaluasi tata ruang pasca-bencana yang melibatkan integrasi KLHS dan penjelasan implementasi KLHS dalam dokumen perencanaan tahun 2025 di situs resmi KemenLH.","Program berjalan ditandai dengan layanan Kajian Lingkungan Hidup Strategis (KLHS) sebagai instrumen integrasi lingkungan hidup ke dalam kebijakan, rencana, dan program terus dilaksanakan, termasuk pada level nasional melalui dokumen KLHS untuk Rencana Pembangunan Jangka Panjang Nasional (RPJPN) 2025-2045.",https://kemenlh.go.id/news/detail/antisipasi-siklon-tropis-khatulistiwa-klhbplh-evaluasi-total-tata-ruang-sumatra-pasca-bencana-hidrometeorologi,kemenlh.go.id,True,True,True,OK,,3,0,3,laporan kinerja 2025 Kementerian Lingkungan Hidup Badan Pengendalian Lingkungan Hidup KLHS layanan integrasi lingkungan | KLHS layanan integrasi kebijakan lingkungan 2025 [site:kemenlh.go.id] | integrasi KLHS dalam kebijakan program 2025 Kementerian Lingkungan Hidup [site:kemenlh.go.id],7438,323,8.66
20260917_150324,2026-09-17T15:38:54,watsonx-qwen3-30b-a3b-instruct-2507,serper,0.0,194,855,Birokrasi,KEMENTERIAN LINGKUNGAN HIDUP/BADAN PENGENDALIAN LINGKUNGAN HIDUP,KP 02.17.08 - Persentase penerbitan perizinan berusaha terkait persetujuan lingkungan di bidang lingkungan hidup dan SDA berkelanjutan,65,persen,True,False,True,True,90,siaran_pers,2025,"Program berjalan, ditandai dengan tindakan nyata penerbitan dan pencabutan persetujuan lingkungan oleh Kementerian Lingkungan Hidup/Badan Pengendalian Lingkungan Hidup pada tahun 2025, termasuk surat keputusan Menteri Lingkungan Hidup Nomor 1457 Tahun 2025 dan tindakan penegakan hukum terhadap 28 perusahaan di Sumatera serta 21 usaha di Jawa Barat.","Program berjalan ditandai dengan layanan penerbitan Persetujuan Lingkungan bagi perizinan berusaha aktif dijalankan melalui PTSP KLHK (ptsp.menlhk.go.id), dengan penguatan regulasi terbaru PP Nomor 28 Tahun 2025 tentang Perizinan Berusaha Berbasis Risiko dan Permen LH/BPLH Nomor 22 Tahun 2025 tentang Kewenangan Penerbitan Persetujuan Lingkungan.",https://kemenlh.go.id/news/detail/negara-tindak-tegas-pelanggar-lingkungan-klhbplh-resmi-cabut-persetujuan-lingkungan-28-perusahaan-di-sumatera,kemenlh.go.id,True,True,True,OK,,3,0,3,laporan kinerja 2025 Kementerian Lingkungan Hidup Badan Pengendalian Lingkungan Hidup perizinan lingkungan persetujuan | laporan kinerja 2025 Kementerian Lingkungan Hidup perizinan lingkungan persetujuan [site:kemenlh.go.id] | perizinan berusaha persetujuan lingkungan 2025 capaian realisasi [site:kemenlh.go.id],7820,399,12.45
20260917_150324,2026-09-17T15:39:11,watsonx-qwen3-30b-a3b-instruct-2507,serper,0.0,195,859,Sosial,KEMENTERIAN LINGKUNGAN HIDUP/BADAN PENGENDALIAN LINGKUNGAN HIDUP,KP 02.19.03 - Reduksi emisi GRK sektor kelautan pesisir,"14,59",juta ton CO2,True,False,False,False,90,tidak_ada,tidak_ada,"Program belum berjalan, ditandai dengan tidak ditemukannya bukti konkret kegiatan teknis, pelaksanaan fisik, atau laporan capaian di LKj 2025 yang menyebutkan pelaksanaan reduksi emisi GRK sektor kelautan pesisir pada tahun 2025. Hanya ditemukan dokumen rencana strategis dan siaran pers umum tentang NDC tanpa rincian kegiatan tahun 2025.","Program berjalan, ditandai dengan penyusunan tahap akhir Second Nationally Determined Contribution (Second NDC) oleh Kementerian LH/BPLH (18 Juli 2025), yang untuk pertama kalinya secara eksplisit memasukkan sektor kelautan sebagai bagian target reduksi emisi GRK nasional periode 2031-2035 yang telah perluasan cakupan dari NDC sebelumnya yang belum mencakup sektor ini secara spesifik. Menteri LH Hanif Faisol Nurofiq menegaskan Indonesia harus menekan emisi hingga ~459 juta ton CO2e melalui langkah terkoordinasi di berbagai sektor termasuk kelautan",tidak_ada,,False,False,True,OK,,3,1,3,laporan kinerja 2025 Kementerian Lingkungan Hidup Badan Pengendalian Lingkungan Hidup emisi GRK kelautan pesisir CO2 | emisi GRK sektor kelautan pesisir 2025 Kementerian Lingkungan Hidup [site:kemenlh.go.id] | reduksi emisi GRK sektor kelautan pesisir 2025 Kementerian Lingkungan Hidup [site:kemenlh.go.id],7122,346,16.75
20260917_150324,2026-09-17T15:39:19,watsonx-qwen3-30b-a3b-instruct-2507,serper,0.0,196,860,Sosial,KEMENTERIAN LINGKUNGAN HIDUP/BADAN PENGENDALIAN LINGKUNGAN HIDUP,KP 02.19.05 - Reduksi emisi GRK sektor limbah,"14,13",juta ton CO2,True,False,False,False,90,tidak_ada,tidak_ada,"Program belum berjalan, ditandai dengan tidak ditemukannya bukti konkret kegiatan fisik atau teknis terkait reduksi emisi GRK sektor limbah pada tahun 2025 di dokumen resmi Kementerian Lingkungan Hidup/BPLH. Hanya ditemukan dokumen rencana, target, dan kajian umum tentang pengurangan emisi GRK, tanpa indikasi pelaksanaan nyata pada 2025.","Program berjalan, ditandai dengan penegasan resmi Wakil Menteri LH Diaz Hendropriyono soal target reduksi emisi sektor limbah 40 juta ton CO2 (Juni 2026) dalam Ministerial Dialogue on Climate Change yang menekankan pemilahan sampah dari hulu sebagai kunci keberhasilan, mendukung teknologi Waste to Energy (WTE) dan RDF Plant. Program didukung Kepmen LHK No. 842 Tahun 2024 (kebijakan Zero Waste Zero Emission) dan proyek konkret World Bank Local Service Delivery Improvement Project (LSDP) senilai USD 350 juta yang disetujui Desember 2025 untuk mendukung pengelolaan sampah perkotaan",https://kemenlh.go.id,kemenlh.go.id,True,False,True,OK,,3,0,3,laporan kinerja 2025 Kementerian Lingkungan Hidup Badan Pengendalian Lingkungan Hidup emisi GRK limbah reduksi | reduksi emisi GRK sektor limbah 2025 Kementerian Lingkungan Hidup [site:kemenlh.go.id] | kegiatan reduksi emisi GRK sektor limbah 2025 BPLH [site:kemenlh.go.id],7615,333,8.83
20260917_150324,2026-09-17T15:39:27,watsonx-qwen3-30b-a3b-instruct-2507,serper,0.0,197,862,Industri,KEMENTERIAN PERDAGANGAN,KP 05.05.01 - Kontribusi perdagangan besar dan eceran terhadap PDRB di Pulau Kalimantan,"10,65",persen,True,False,False,False,90,tidak_ada,tidak_ada,"Program belum berjalan, ditandai dengan tidak ditemukannya bukti konkret kegiatan teknis, laporan kinerja 2025 Kementerian Perdagangan, atau siaran pers yang menyebutkan pelaksanaan kegiatan terkait kontribusi perdagangan besar dan eceran terhadap PDRB di Kalimantan pada tahun 2025.","Program berjalan, ditandai dengan terselenggaranya Konsultasi Regional PDRB Kasulampua (Kalimantan, Sulawesi, Maluku, Papua) 2025 oleh BPS RI di Banjarmasin, Kalimantan Selatan (12 Juni 2025), forum resmi koordinasi data ekonomi regional yang mencakup sektor perdagangan, dihadiri Wakil Kepala BPS RI. Sebagai konteks pendukung tingkat provinsi, sektor Perdagangan Besar dan Eceran di Kalimantan Selatan tercatat berkontribusi 10,9% terhadap PDRB pada 2023 (tren naik dari 9,7% di 2019), menunjukkan sektor ini terus tumbuh sejalan dengan arah target nasional",,,False,False,True,OK,,3,2,3,laporan kinerja 2025 Kementerian Perdagangan kontribusi perdagangan besar eceran PDRB Kalimantan | kontribusi perdagangan besar eceran PDRB Kalimantan 2025 Kementerian Perdagangan [site:ditjenpdn.kemendag.go.id] | siaran pers Kementerian Perdagangan 2025 kontribusi perdagangan Kalimantan PDRB [site:kemendag.go.id],5965,312,7.21
20260917_150324,2026-09-17T15:39:37,watsonx-qwen3-30b-a3b-instruct-2507,serper,0.0,198,866,Sosial,"KEMENTERIAN USAHA MIKRO, KECIL, DAN MENENGAH",PP 03.03 - Rasio kewirausahaan,"3,10",persen,True,False,False,False,90,tidak_ada,tidak_ada,"Program belum berjalan, ditandai dengan tidak ditemukannya bukti konkret kegiatan pemerintah, siaran pers, atau laporan kinerja tahun 2025 yang menyebutkan pelaksanaan kegiatan spesifik untuk meningkatkan rasio kewirausahaan pada 2025. Hanya ditemukan dokumen rencana strategis dan laporan kinerja daerah yang tidak membuktikan pelaksanaan kegiatan nasional di tahun 2025.","Program berjalan dan melampaui target, ditandai dengan Kementerian UMKM secara resmi mengumumkan rasio kewirausahaan nasional 2025 mencapai 3,29%, melampaui target RPJMN 2025-2029 sebesar 3,10% (diumumkan Deputi Bidang Kewirausahaan Siti Azizah, 17 Desember 2025). Capaian didorong program Entrepreneur Hub (E-Hub) Terpadu  hingga November 2025 telah menjangkau 7.980 wirausaha penerima manfaat di 10 provinsi dan 14.084 wirausaha terhubung dalam ekosistem E-Hub, dicontohkan pelaksanaan konkret di Bali (Universitas Udayana, 24 Juli 2025, 50 peserta startup) dan Sumatera Barat (Universitas Andalas",,,False,False,True,OK,,3,2,3,laporan kinerja 2025 KEMENTERIAN USAHA MIKRO KECIL DAN MENENGAH rasio kewirausahaan wirausaha baru pengembangan bisnis | siaran pers KEMENTERIAN USAHA MIKRO KECIL DAN MENENGAH rasio kewirausahaan wirausaha baru 2025 [site:kemenkop.go.id] | Rencana Strategis Kementerian Koperasi dan Usaha Kecil Menengah 2025-2029 rasio kewirausahaan [site:kemenkop.go.id],6496,357,10.0
20260917_150324,2026-09-17T15:39:46,watsonx-qwen3-30b-a3b-instruct-2507,serper,0.0,199,883,Infrastruktur,KEMENTERIAN PEKERJAAN UMUM,KP 02.12.02 - Rasio kapasitas air baku bersumber dari bendungan terhadap potensinya,35,persen,True,False,False,False,90,tidak_ada,tidak_ada,"Program belum berjalan, ditandai dengan tidak ditemukannya bukti konkret pelaksanaan kegiatan teknis, laporan kinerja 2025, atau siaran pers resmi dari Kementerian Pekerjaan Umum terkait peningkatan rasio kapasitas air baku dari bendungan pada tahun 2025.","Program berjalan, ditandai dengan realisasi pengembangan kapasitas air baku sebesar 0,25 m³/detik sepanjang Tahun Anggaran 2025, serta progres pembangunan 15 bendungan yang tengah berjalan dengan potensi tambahan pemanfaatan air baku sebesar 23,69 m³/detik ke depan",,,False,False,True,OK,,3,2,3,laporan kinerja 2025 Kementerian Pekerjaan Umum air baku bendungan rasio kapasitas | laporan kinerja 2025 Kementerian Pekerjaan Umum air baku bendungan rasio kapasitas [site:kemenpu.go.id] | siaran pers Kementerian Pekerjaan Umum air baku bendungan 2025 [site:kemenpu.go.id],6072,294,9.58
20260917_150324,2026-09-17T15:39:55,watsonx-qwen3-30b-a3b-instruct-2507,serper,0.0,200,884,Infrastruktur,KEMENTERIAN PEKERJAAN UMUM,KP 02.12.02 - Jumlah wilayah sungai kewenangan pusat dengan neraca air tidak dalam kondisi kritis,50,wilayah sungai,True,False,False,False,90,tidak_ada,tidak_ada,"Program belum berjalan, ditandai dengan tidak ditemukannya bukti konkret pelaksanaan kegiatan teknis atau laporan kinerja tahun 2025 dari Kementerian Pekerjaan Umum terkait pengelolaan neraca air wilayah sungai kewenangan pusat. Hanya ditemukan dokumen rencana strategis 2025-2029 dan laporan tahun 2024 yang tidak mencatat capaian aktual untuk 2025.","Program berjalan, ditandai dengan tercantumnya indikator ""Jumlah wilayah sungai kewenangan Pusat yang melaksanakan monitoring neraca air"" secara eksplisit dalam DIPA Induk Ditjen Sumber Daya Air Tahun Anggaran 2025 (alokasi Rp38,4 triliun) pada dokumen resmi pencairan anggaran negara yang berlaku efektif 1 Januari - 31 Desember 2025",https://sda.pu.go.id,sda.pu.go.id,True,False,True,OK,,3,0,3,laporan kinerja 2025 Kementerian Pekerjaan Umum wilayah sungai neraca air kritis SDA | laporan kinerja 2025 Kementerian Pekerjaan Umum wilayah sungai neraca air kritis [site:sda.pu.go.id] | siaran pers Kementerian Pekerjaan Umum wilayah sungai neraca air 2025 [site:sda.pu.go.id],7418,342,9.15
20260917_150324,2026-09-17T15:40:04,watsonx-qwen3-30b-a3b-instruct-2507,serper,0.0,201,885,Infrastruktur,KEMENTERIAN PEKERJAAN UMUM,KP 02.12.02 - Jumlah kapasitas prasarana air baku yang dikelola,"78,78",m3/detik,True,False,True,True,90,siaran_pers,2025,"Program berjalan, ditandai dengan penyelesaian SPAM Bintang Bano berkapasitas 100 liter/detik (0,1 m3/detik) pada Januari 2025 oleh Kementerian Pekerjaan Umum, yang merupakan bagian dari pengelolaan prasarana air baku.","Program berjalan, ditandai dengan realisasi pengembangan air baku sebesar 0,25 m³/detik pada Tahun Anggaran 2025, serta pembangunan 1.200 titik sumber air tanah baru sebagai infrastruktur pendukung pengelolaan air baku nasional",https://pu.go.id/berita/optimalkan-air-baku-dari-bendungan-kementerian-pu-selesaikan-spam-bintang-bano-berkapasitas-100-literdetik,pu.go.id,True,True,True,OK,,3,0,3,laporan kinerja 2025 Kementerian Pekerjaan Umum air baku kapasitas prasarana m3/detik pengelolaan | Kementerian Pekerjaan Umum air baku kapasitas prasarana m3/detik 2025 [site:pu.go.id] | SPAM Bintang Bano kapasitas 100 liter/detik selesai 2025 [site:pu.go.id],8060,346,8.74
20260917_150324,2026-09-17T15:40:16,watsonx-qwen3-30b-a3b-instruct-2507,serper,0.0,202,887,Infrastruktur,KEMENTERIAN PEKERJAAN UMUM,KP 02.12.02 - Kapasitas prasarana air baku yang direhabilitasi,"0,84",m3/detik,True,False,True,True,90,siaran_pers,2025,"Program berjalan, ditandai dengan kegiatan rehabilitasi prasarana air baku di Kota Padang dan rencana rehabilitasi 1,5 m3/detik kapasitas air baku yang disebutkan dalam rapat koordinasi dan pagu indikatif tahun 2025 di situs resmi Kementerian Pekerjaan Umum.","Program berjalan, ditandai dengan capaian realisasi fisik keseluruhan bidang Sumber Daya Air Kementerian PU sebesar 95,17% dan realisasi keuangan 95,23% dari pagu DIPA efektif Rp112,13 triliun pada Tahun Anggaran 2025, sebagaimana dipaparkan Menteri PU dalam Rapat Kerja bersama Komisi V DPR RI",https://pu.go.id/berita/rapat-koordinasi-rencana-kerja-tahun-2025-kementerian-pu-fokus-pada-efisiensi-infrastruktur-untuk-dukung-pertumbuhan-ekonomi,pu.go.id,True,True,True,OK,,3,0,3,laporan kinerja 2025 Kementerian Pekerjaan Umum air baku rehabilitasi kapasitas m3/detik | rehabilitasi prasarana air baku Kementerian Pekerjaan Umum 2025 [site:pu.go.id] | rehabilitasi prasarana air baku m3/detik Kementerian Pekerjaan Umum 2025 [site:pu.go.id],8008,355,12.32
20260917_150324,2026-09-17T15:40:25,watsonx-qwen3-30b-a3b-instruct-2507,serper,0.0,203,889,Infrastruktur,KEMENTERIAN PEKERJAAN UMUM,KP 02.12.02 - Jumlah luas layanan irigasi yang dibangun untuk pertanian multikomoditas,10,ha,True,False,False,False,90,tidak_ada,tidak_ada,"Program belum berjalan, ditandai dengan tidak ditemukannya bukti konkret kegiatan fisik, siaran pers, atau capaian di LKj 2025 Kementerian Pekerjaan Umum terkait pembangunan irigasi multikomoditas seluas 10 ha pada tahun 2025. Hanya ditemukan dokumen renstra dan laporan kinerja daerah yang tidak menyertakan data realisasi tahun 2025.","Program berjalan, ditandai dengan realisasi pembangunan jaringan irigasi baru seluas 13.000 hektar dan rehabilitasi 123.000 hektar jaringan eksisting sepanjang 2025, ditambah penanganan 589.000 hektar jaringan irigasi kewenangan daerah oleh Direktorat Irigasi dan Rawa (dikonfirmasi Plt Direktur Yosiandi Radi Wicaksono dalam wawancara CNBC Indonesia, 5 Desember 2025), serta pelaksanaan program Padat Karya Tunai Untuk Peningkatan Jaringan Irigasi (P3-TGAI) di 9.597 lokasi",tidak_ada,,False,False,True,OK,,3,1,3,laporan kinerja 2025 Kementerian Pekerjaan Umum irigasi multikomoditas | laporan kinerja 2025 Kementerian Pekerjaan Umum irigasi multikomoditas [site:pu.go.id] | siaran pers Kementerian Pekerjaan Umum irigasi multikomoditas 2025 [site:pu.go.id],7364,325,8.42
20260917_150324,2026-09-17T15:40:35,watsonx-qwen3-30b-a3b-instruct-2507,serper,0.0,204,893,Infrastruktur,KEMENTERIAN PEKERJAAN UMUM,KP 02.12.03 - Panjang jaringan infrastruktur pengendali daya rusak air yang dioperasi dan dipelihara,1.784,unit,True,False,True,True,90,siaran_pers,2025,"Program berjalan, ditandai dengan siaran pers Kementerian Pekerjaan Umum pada 25 Desember 2025 yang menyebutkan lanjutan penanganan bencana bidang sumber daya air, termasuk operasi dan pemeliharaan infrastruktur pengendali daya rusak air di Aceh.","Program berjalan, ditandai dengan realisasi pengendalian banjir sepanjang 88,79 kilometer dan pengamanan pantai sepanjang 14,41 kilometer sepanjang Tahun Anggaran 2025, sebagaimana dipaparkan Menteri PU dalam Rapat Kerja bersama Komisi V DPR RI",https://pu.go.id/berita/percepat-pemulihan-wilayah-kementerian-pu-lanjutkan-penanganan-bencana-bidang-sumber-daya-air-di-provinsi-aceh,pu.go.id,True,False,True,OK,,3,0,3,laporan kinerja 2025 Kementerian Pekerjaan Umum jaringan pengendali daya rusak air operasi pemeliharaan | LAKIP 2025 Kementerian Pekerjaan Umum pengendali daya rusak air operasi pemeliharaan [site:pu.go.id] | siaran pers Kementerian Pekerjaan Umum 2025 pengendali daya rusak air operasi pemeliharaan [site:pu.go.id],7824,360,10.26
20260917_150324,2026-09-17T15:40:43,watsonx-qwen3-30b-a3b-instruct-2507,serper,0.0,205,905,Birokrasi,KEMENTERIAN PEKERJAAN UMUM,KP 02.12.07 - Jumlah BUMD air minum yang memiliki dokumen RPAM,176,BUMD,True,False,True,True,85,siaran_pers,2025,"Program berjalan, ditandai dengan siaran pers Kementerian Pekerjaan Umum dan Perumahan Rakyat (PUPR) pada 2025 yang menyatakan bahwa Direktorat Air Minum terus mendorong penerapan Rencana Pengelolaan Air Minum (RPAM) oleh BUMD air minum melalui kegiatan penguatan kapasitas dan koordinasi teknis.","Program berjalan, ditandai dengan diadakannya pembinaan, evaluasi, dan pendorongan penyusunan dokumen RPAM ke BUMD air minum sepanjang 2025, dengan bukti konkret di lapangan (bukan sekadar dokumen aturan) oleh Kementerian PU (Ditjen Cipta Karya, Direktorat Air Minum). Namun bukti implementasi konkret yang terverifikasi secara publik pada 2025 baru ditemukan di Jawa Timur (Malang Raya), melalui BTAM Water Forum 2025 dan workshop lintas-BUMD. Secara kebijakan/regulasi, program ini berlaku nasional (tercantum di Renstra Kementerian PU 2025-2029), namun pencarian belum menemukan liputan media/dokumen publik yang mengonfirmasi pelaksanaan konkret di provinsi lain pada tahun yang sama",https://pu.go.id/berita/menyongsong-era-new-normal-bppspam-dorong-bumd-air-minum-terapkan-rpam,pu.go.id,True,True,True,OK,,3,1,3,laporan kinerja 2025 Kementerian Pekerjaan Umum RPAM BUMD air minum | siaran pers Kementerian Pekerjaan Umum RPAM BUMD air minum tahun 2025 | e-Monev Bappenas RPAM BUMD air minum 2025 [site:emonev.bappenas.go.id],6847,327,7.88
20260917_150324,2026-09-17T15:40:52,watsonx-qwen3-30b-a3b-instruct-2507,serper,0.0,206,906,Industri,KEMENTERIAN PEKERJAAN UMUM,KP 02.12.07 - BUMD air minum berkinerja sehat,74,persen,True,False,False,False,90,tidak_ada,tidak_ada,"Program belum berjalan, ditandai dengan tidak ditemukannya bukti konkret kegiatan teknis, laporan kinerja 2025 dari KemenPUPR, atau siaran pers terkait pelaksanaan program BUMD air minum berkinerja sehat pada tahun 2025. Hanya ditemukan dokumen tahun 2023 dan 2024, serta dataset tanpa informasi pelaksanaan kegiatan.","Program berjalan, ditandai dengan pernyataan resmi Menteri PU Dody Hanggodo (12 Maret 2025) yang mengonfirmasi data kinerja BUMD air minum nasional 2024, sekaligus mendorong implementasi Instruksi Presiden No. 1 Tahun 2025 tentang Percepatan Penyediaan Air Minum. Dari 258 BUMD berkinerja sehat, baru 19 yang memenuhi kriteria kerja sama swasta (menerapkan tarif full cost recovery 3 tahun berturut-turut) menunjukkan program aktif mendorong peningkatan kualitas BUMD, bukan sekadar mencatat statistik. Kementerian PU juga rutin mempublikasikan Buku Kinerja BUMD Air Minum tahunan (kerja sama dengan BPKP) sebagai instrumen evaluasi resmi berkelanjutan",tidak_ada,,False,False,True,OK,,3,2,3,laporan kinerja 2025 Kementerian Pekerjaan Umum BUMD air minum kinerja sehat | Kementerian Pekerjaan Umum BUMD air minum kinerja sehat 2025 [site:kemenpu.go.id] | Siaran Pers Kementerian Pekerjaan Umum BUMD air minum kinerja sehat 2025 [site:kemenpu.go.id],6010,327,8.93
20260917_150324,2026-09-17T15:41:03,watsonx-qwen3-30b-a3b-instruct-2507,serper,0.0,207,913,Industri,KEMENTERIAN PEKERJAAN UMUM,KP 02.12.08 - Jumlah proyek pembiayaan kreatif infrastruktur air minum yang siap dikerjasamakan,10,proyek,True,False,True,True,90,siaran_pers,2025,"Program berjalan, ditandai dengan penyelenggaraan CreatIFF 2025 oleh Direktorat Jenderal Pembiayaan Infrastruktur Kementerian Pekerjaan Umum pada Mei 2025, yang secara khusus menawarkan proyek pembiayaan kreatif infrastruktur air minum yang siap dikerjasamakan.","Program berjalan, ditandai dengan Kementerian PU (DJPI) menargetkan 34 proyek KPBU untuk TA 2025, di mana 4 proyek spesifik bidang air minum teridentifikasi sedang disiapkan untuk kerja sama: KPBU Idle Capacity SPAM Pemali Juana (Semarang), SPAM Regional Kalimantan Timur, SPAM dan SPAL KIKN (Kalimantan Timur), dan KPBU Pengelolaan Waduk Sei Gong (Batam-Rempang). Kementerian PU juga menyelenggarakan CreatIFF 2025 (Creative Infrastructure Financing Day) sebagai forum tahunan mendorong skema pembiayaan kreatif, dengan capaian historis 16 penandatanganan proyek KPBU dalam 5 tahun terakhir termasuk SPAM Regional Jatiluhur I. Sebagai bukti keberhasilan skema serupa, proyek KPBU SPAM Semarang Barat telah beroperasi melayani puluhan ribu pelanggan",https://pu.go.id/berita/kementerian-pu-gelar-creatiff-2025-dorong-pembiayaan-infrastruktur-yang-inovatif-dan-berkelanjutan,pu.go.id,True,True,True,OK,,3,0,3,laporan kinerja 2025 Kementerian Pekerjaan Umum pembiayaan air minum | siaran pers Kementerian Pekerjaan Umum pembiayaan kreatif infrastruktur air minum 2025 | CreatIFF 2025 Kementerian Pekerjaan Umum proyek pembiayaan kreatif air minum [site:pu.go.id],7353,342,10.96
20260917_150324,2026-09-17T15:41:11,watsonx-qwen3-30b-a3b-instruct-2507,serper,0.0,208,923,Infrastruktur,KEMENTERIAN PEKERJAAN UMUM,KP 02.18.02 - TPA/LUR yang dioperasikan secara sanitary landfill,0,unit,True,False,False,False,90,bappenas,2025,"Program belum berjalan, ditandai dengan tidak ditemukannya bukti konkret kegiatan fisik atau pelaksanaan TPA sanitary landfill pada tahun 2025 di sumber resmi K/L. Hanya terdapat rencana dalam Renstra 2025-2029 dan laporan tahun 2024 yang tidak mencatat realisasi 2025.","Program berjalan, ditandai dengan penetapan Peraturan Presiden Nomor 109 Tahun 2025 tentang Penanganan Sampah Perkotaan yang secara resmi mendorong penerapan sanitary landfill sebagai bagian dari transformasi pengelolaan sampah nasional, dideklarasikan Kementerian PU dalam peringatan Hari Habitat Dunia 2025 (Oktober 2025). Bukti eksekusi lapangan konkret: Pemkot Pontianak menyelesaikan pembangunan infrastruktur fisik sanitary landfill dan controlled landfill di TPA Batulayang, menutup resmi sistem open dumping sebagai tindak lanjut instruksi Menteri Lingkungan Hidup saat kunjungan kerja Juni 2025",https://sahabat.pu.go.id/eppid/asset/files/Final_Narasi_Rancangan_Akhir_Renstra_Kementerian_PU_2025-2029_-_01082025_-_14_00.pdf,sahabat.pu.go.id,True,True,True,OK,,3,0,3,laporan kinerja 2025 Kementerian Pekerjaan Umum TPA landfill | TPA sanitary landfill 2025 Kementerian Pekerjaan Umum [site:ciptakarya.pu.go.id] | laporan kinerja 2025 Kementerian Pekerjaan Umum TPA sanitary landfill [site:pu.go.id],7483,348,7.83
20260917_150324,2026-09-17T15:41:20,watsonx-qwen3-30b-a3b-instruct-2507,serper,0.0,209,924,Sosial,KEMENTERIAN PARIWISATA,KP 03.05.11 - Tenaga kerja pariwisata Bromo-Tengger-Semeru,3.954.841,orang,True,False,True,True,95,lkj,2025,"Program berjalan, ditandai dengan pencapaian indikator Tenaga Kerja Pariwisata Bromo-Tengger-Semeru sebesar 3.954.841 orang dalam Laporan Kinerja Kementerian Pariwisata 2025 yang telah dirilis awal 2026 dan melaporkan realisasi kinerja tahun 2025.","Program berjalan, ditandai dengan Kementerian Pariwisata merilis ""Infografis Statistik Pariwisata 2025"" (20 Agustus 2026) yang secara eksplisit mencakup Bromo-Tengger-Semeru sebagai salah satu dari 10 Destinasi Pariwisata Prioritas (DPP), termasuk data jumlah tenaga kerja pariwisata yang disusun kolaborasi Kemenpar, BPS, dan Kementerian Investasi/BKPM. Laporan Kinerja resmi Deputi Bidang Sumber Daya dan Kelembagaan Kemenpar 2025 mengonfirmasi penyerapan tenaga kerja pariwisata di 10 DPP dan 3 DPR (termasuk BTS) mencapai 99,18% dari target (data sementara Sakernas BPS Agustus 2025). Aktivitas wisata di kawasan BTS sendiri sangat tinggi, dengan 50,89 juta kunjungan wisatawan nusantara sepanjang 2025 telah mendukung penyerapan tenaga kerja lokal di sektor pariwisata",https://api.kemenpar.go.id/storage/app/uploads/public/69c/a5a/b46/69ca5ab460db4424530186.pdf,api.kemenpar.go.id,True,True,True,OK,,3,0,3,laporan kinerja 2025 Kementerian Pariwisata Tenaga Kerja Pariwisata Bromo Semeru | Tenaga kerja pariwisata Bromo Tengger Semeru capaian 2025 [site:kemenpar.go.id] | capaian tenaga kerja pariwisata Bromo Tengger Semeru 2025 [site:kemenpar.go.id],7918,343,9.0
20260917_150324,2026-09-17T15:41:28,watsonx-qwen3-30b-a3b-instruct-2507,serper,0.0,210,929,Infrastruktur,KEMENTERIAN PEKERJAAN UMUM,KP 06.04.01 - Skor Indeks Kota Berkelanjutan (IKB) rerata Wilayah Metropolitan KBI,"46,16",Indeks,True,False,False,False,90,bappenas,2025,"Program belum berjalan, ditandai dengan tidak ditemukannya bukti konkret pelaksanaan kegiatan pemerintah terkait peningkatan IKB KBI pada 2025 di dokumen resmi Kementerian Pekerjaan Umum. Hanya ditemukan rencana strategis tahun 2025-2029 yang menyebut target IKB, namun tidak ada laporan kinerja atau siaran pers yang mencatat capaian atau kegiatan fisik pada tahun 2025.","Program berjalan, ditandai dengan terbitnya laporan resmi ""Indeks Kota Berkelanjutan (IKB) Tahun 2025"" oleh Bappenas (September 2025) pada dokumen pengukuran resmi Semester I 2025 yang mencakup capaian rata-rata per misi untuk 98 Kota Otonom/Administratif di seluruh Indonesia, sebagai instrumen monitoring resmi capaian RPJMN 2025-2029 (Perpres No. 12/2025). BPSDM Kementerian PU turut menyelenggarakan webinar akselerasi pembangunan perkotaan berkelanjutan yang mengonfirmasi target IKB wilayah metropolitan dalam kerangka RPJMN, dengan Kota Kediri tercatat meraih skor tertinggi pada indikator Misi 1 (65,68)",https://sahabat.pu.go.id/eppid/asset/files/Final_Narasi_Rancangan_Akhir_Renstra_Kementerian_PU_2025-2029_-_01082025_-_14_00.pdf,sahabat.pu.go.id,True,True,True,OK,,3,0,3,laporan kinerja 2025 Kementerian Pekerjaan Umum IKB KBI | IKB KBI Kementerian Pekerjaan Umum 2025 [site:pu.go.id] | IKB KBI Kementerian Pekerjaan Umum capaian 2025 [site:pu.go.id],7990,375,8.66
20260917_150324,2026-09-17T15:41:38,watsonx-qwen3-30b-a3b-instruct-2507,serper,0.0,211,934,Infrastruktur,KEMENTERIAN PEKERJAAN UMUM,KP 06.04.02 Skor Indeks Kota Berkelanjutan (IKB) rerata perkotaan Non-Wilayah Metropolitan KTI,"47,5",Indeks,True,False,False,False,90,bappenas,2025,"Program belum berjalan, ditandai dengan tidak ditemukannya bukti konkret pelaksanaan kegiatan teknis atau laporan kinerja tahun 2025 yang menyebutkan capaian IKB KTI. Hanya ditemukan dokumen perencanaan seperti Renstra 2025-2029 dan dokumen pendukung laporan kinerja yang belum mencantumkan realisasi aktual.","Program berjalan, ditandai dengan cakupan yang sama seperti Program 2 pada laporan resmi Indeks Kota Berkelanjutan (IKB) Tahun 2025 oleh Bappenas mencakup seluruh 98 kota otonom/administratif termasuk kategori non-metropolitan di Kawasan Timur Indonesia, sebagai bagian dari monitoring capaian RPJMN 2025-2029",https://sahabat.pu.go.id/eppid/asset/files/Final_Narasi_Rancangan_Akhir_Renstra_Kementerian_PU_2025-2029_-_01082025_-_14_00.pdf,sahabat.pu.go.id,True,True,True,OK,,3,0,3,laporan kinerja 2025 Kementerian Pekerjaan Umum IKB KTI | laporan kinerja 2025 Kementerian Pekerjaan Umum IKB KTI [site:pu.go.id] | IKB KTI Kementerian Pekerjaan Umum 2025 [site:pu.go.id],7996,352,9.62
20260917_150324,2026-09-17T15:41:48,watsonx-qwen3-30b-a3b-instruct-2507,serper,0.0,212,956,Sosial,KEMENTERIAN PARIWISATA,PP 03.05 - Perjalanan wisatawan nusantara juta,1.084,perjalanan,True,False,True,True,90,siaran_pers,2025,"Program berjalan, ditandai dengan data perjalanan wisatawan nusantara yang tercatat secara berkala oleh Kemenpar pada 2025, termasuk capaian di bulan September (94,36 juta), Desember (105,98 juta), dan kenaikan 25,93% secara year-on-year pada semester I 2025.","Program berjalan, ditandai dengan rilis resmi ""Infografis Statistik Pariwisata 2025"" oleh Kemenpar (kolaborasi dengan BPS) yang mencatat perjalanan wisatawan nusantara sangat tinggi di berbagai destinasi: Borobudur-Yogyakarta-Prambanan (56,19 juta kunjungan), Bromo-Tengger-Semeru (50,89 juta kunjungan), dan Greater Jakarta (293 juta kunjungan wisatawan nusantara) sepanjang 2025. Data ini menjadi basis monitoring resmi capaian terhadap target RPJMN 2025-2029 (1.084 juta perjalanan di 2025), disusun sistematis mencakup 10 Destinasi Pariwisata Prioritas dan 3 Destinasi Pariwisata Regenerati",https://kemenpar.go.id/direktori-statistik/statistik-perjalanan-wisatawan-nusantara-bulan-september-tahun-2025,kemenpar.go.id,True,True,True,OK,,3,0,3,laporan kinerja 2025 Kementerian Pariwisata wisatawan nusantara perjalanan | perjalanan wisatawan nusantara 2025 Kemenpar [site:kemenpar.go.id] | Laporan Kinerja Kementerian Pariwisata 2025 perjalanan wisatawan nusantara [site:kemenpar.go.id],7723,334,9.63
20260917_150324,2026-09-17T15:41:59,watsonx-qwen3-30b-a3b-instruct-2507,serper,0.0,213,957,Industri,KEMENTERIAN PERDAGANGAN,KP 05.05.01 - Nilai ekspor barang di Pulau Sumatera,1.352.500,miliar rupiah,True,False,True,True,90,lkj,2025,"Program berjalan, ditandai dengan realisasi nilai ekspor barang di Pulau Sumatera sebesar Rp1.285.214,75 miliar pada semester pertama 2025 dalam laporan bulanan Ditjen PEN Kementerian Perdagangan.","Program berjalan, ditandai dengan BPS rutin merilis Berita Resmi Statistik bulanan ekspor-impor untuk seluruh provinsi di Sumatera sepanjang 2025,yang mana merupakan sistem monitoring perdagangan berjalan aktif dan konsisten. Sebagai contoh konkret, Sumatera Utara mencatat kenaikan ekspor Februari 2025 sebesar 9,03% (dari US$919,50 juta menjadi US$1.002,49 juta), naik 34,23% dibanding Februari 2024. Sumatera Barat mencatat ekspor kumulatif Januari-April 2025 sebesar US$794,92 juta, naik 25,91% dibanding periode sama 2024, tren pertumbuhan positif konsisten dengan arah target nasional (baseline Rp1.159.400 miliar di 2022 menuju target Rp1.352.500 miliar di 2025)",https://ditjenpen.kemendag.go.id/storage/laporan/CBxyNkgJxmSMsAjF8haZTiHANYL6Ym3hMYS1xNNI.pdf,ditjenpen.kemendag.go.id,True,True,True,OK,,3,0,3,laporan kinerja 2025 KEMENTERIAN PERDAGANGAN ekspor Sumatera | laporan kinerja 2025 KEMENTERIAN PERDAGANGAN ekspor Sumatera [site:kemendag.go.id] | kinerja ekspor Sumatera 2025 KEMENTERIAN PERDAGANGAN [site:kemendag.go.id],7593,312,11.51
20260917_150324,2026-09-17T15:42:07,watsonx-qwen3-30b-a3b-instruct-2507,serper,0.0,214,961,Sosial,KEMENTERIAN PARIWISATA,KP 03.05.01 - PDRB sektor penyediaan akomodasi dan makan minum Borobudur-Yogyakarta- juta,"22.023.561,06",rupiah,True,False,True,True,95,lkj,2025,"Program berjalan, ditandai dengan pencapaian PDRB sektor penyediaan akomodasi dan makan minum di wilayah Borobudur-Yogyakarta-Prambanan sebesar 22.023.561,06 juta rupiah dalam Laporan Kinerja Kementerian Pariwisata 2025 yang terbit awal 2026, mencerminkan realisasi kegiatan ekonomi pariwisata pada tahun 2025.","Program berjalan, ditandai dengan rilis resmi ""Infografis Statistik Pariwisata 2025"" oleh Kemenpar yang secara eksplisit menyajikan PDRB sektor akomodasi serta makan dan minum (PDRB akmamin) sebagai salah satu dari 8 indikator statistik resmi untuk 10 Destinasi Pariwisata Prioritas termasuk Borobudur-Yogyakarta-Prambanan yang didukung data kunjungan wisatawan nusantara yang sangat tinggi di destinasi ini (56,19 juta kunjungan pada 2025), mengindikasikan aktivitas ekonomi akomodasi-makan minum yang kuat di kawasan tersebut",https://api.kemenpar.go.id/storage/app/uploads/public/69c/a5a/b46/69ca5ab460db4424530186.pdf,api.kemenpar.go.id,True,True,True,OK,,3,0,3,laporan kinerja 2025 KEMENTERIAN PARIWISATA PDRB akomodasi makan minum Borobudur Yogyakarta | PDRB akomodasi makan minum Borobudur Yogyakarta 2025 capaian [site:kemenpar.go.id] | capaian PDRB akomodasi makan minum Borobudur Yogyakarta 2025 realisasi [site:kemenpar.go.id],8297,385,8.05
20260917_150324,2026-09-17T15:42:19,watsonx-qwen3-30b-a3b-instruct-2507,serper,0.0,215,963,Sosial,KEMENTERIAN PARIWISATA,KP 03.05.01 - Devisa pariwisata Borobudur-Yogyakarta-Prambanan juta,"718,37",USD,True,False,True,True,90,lkj,2025,"Program berjalan, ditandai dengan pencapaian devisa pariwisata Borobudur-Yogyakarta-Prambanan sebesar 718,37 juta USD dalam Laporan Kinerja Kementerian Pariwisata Tahun 2025 yang telah dirilis awal 2026.","Program berjalan, ditandai dengan Laporan Kinerja resmi Deputi Bidang Pengembangan Destinasi dan Infrastruktur Kementerian Pariwisata Tahun 2025 yang mencakup evaluasi kinerja Badan Pelaksana Otorita Borobudur (dibentuk Perpres No. 49/2016) sebagai pengelola kawasan destinasi ini. Kunjungan wisatawan nusantara nasional mencapai 1,02 miliar perjalanan pada 2024 (naik 21,61% dari 2023), menjadi basis pertumbuhan berkelanjutan menuju 2025, didukung publikasi Infografis Statistik Pariwisata 2025 yang mencakup data kunjungan wisatawan mancanegara sebagai basis perhitungan devisa di kawasan Borobudur-Yogyakarta-Prambanan",https://api.kemenpar.go.id/storage/app/uploads/public/69c/a5a/b46/69ca5ab460db4424530186.pdf,api.kemenpar.go.id,True,True,True,OK,,3,0,3,laporan kinerja 2025 Kementerian Pariwisata Devisa Pariwisata Borobudur-Yogyakarta-Prambanan | Devisa pariwisata Borobudur-Yogyakarta-Prambanan 2025 capaian [site:kemenpar.go.id] | realisasi devisa pariwisata Borobudur-Yogyakarta-Prambanan 2025 LKj 2025 [site:kemenpar.go.id],7285,343,11.7
20260917_150324,2026-09-17T15:42:28,watsonx-qwen3-30b-a3b-instruct-2507,serper,0.0,216,976,Birokrasi,KEMENTERIAN KOORDINATOR BIDANG POLITIK DAN KEAMANAN,PP 07.05 - Indeks Efektivitas Kinerja Rezim Anti Pencucian Uang,"5,52",Indeks,True,False,True,True,90,siaran_pers,2025,"Program berjalan, ditandai dengan pelaksanaan pilot indeks efektivitas kinerja rezim anti pencucian uang (APUPPT) 2025 oleh PPATK yang diseminasikan pada 16 Desember 2025, dengan melibatkan lintas lembaga dan akademisi untuk menyempurnakan metodologi penilaian.","Program berjalan, ditandai dengan peluncuran Pilot Survei Indeks Efektivitas Kinerja Rezim APUPPT-PPSPM pada Oktober 2025 oleh PPATK bersama Komite TPPU. Pengukuran dilakukan terhadap 29 instansi dengan 43 unit kerja, mencakup lembaga intelijen keuangan, aparat penegak hukum, lembaga pengawas/pengatur, dan pihak pelapor. Skor tertinggi berasal dari dimensi kerangka regulasi & kebijakan (7,35) dan perencanaan program (6,88), sementara tata kelola/koordinasi, kapasitas SDM, dan kinerja operasional masih jadi area penguatan",https://www.ppatk.go.id/news/read/1585/ppatk-diseminasikan-hasil-pilot-indeks-efektivitas-kinerja-rezim-apuppt-2025-perkuat-sinergi-nasional-hadapi-kejahatan-keuangan.html,www.ppatk.go.id,True,True,True,OK,,3,1,3,laporan kinerja 2025 Kemenko Polkam pencegahan AML indeks efektivitas kinerja | PPATK hasil pilot indeks efektivitas kinerja rezim AML 2025 [site:ppatk.go.id] | Kemenko Polkam PPATK pilot indeks efektivitas AML 2025 realisasi [site:polkam.go.id],7317,365,9.06
20260917_150324,2026-09-17T15:42:37,watsonx-qwen3-30b-a3b-instruct-2507,serper,0.0,217,996,Sosial,KEMENTERIAN PARIWISATA,KP 03.05.07 - Pendapatan dari wisatawan nusantara Bangka Belitung,"13.161,89",Rp Miliar,True,False,True,True,90,lkj,2025,"Program berjalan, ditandai dengan pencapaian pendapatan wisatawan nusantara Bangka Belitung sebesar Rp13,161,89 miliar dalam Laporan Kinerja Kementerian Pariwisata 2025 yang terbit awal 2026, mencerminkan pelaksanaan kegiatan promosi, pengembangan destinasi, dan peningkatan kunjungan yang telah dilakukan sepanjang 2025.","Program berjalan, ditandai dengan Bangka Belitung tercakup sebagai salah satu dari 10 Destinasi Pariwisata Prioritas dalam Infografis Statistik Pariwisata 2025 resmi Kemenpar, dengan indikator pendapatan wisatawan nusantara sebagai salah satu dari 8 metrik yang dipublikasikan. Kementerian PPN/Bappenas turut mengonfirmasi Bangka Belitung sebagai fokus prioritas pengembangan pariwisata nasional periode 2020-2024 yang berlanjut ke RPJMN 2025-2029, dengan strategi peningkatan Average Spending per Arrival (ASPA) dan Length of Stay (LOS) wisatawan",https://api.kemenpar.go.id/storage/app/uploads/public/69c/a5a/b46/69ca5ab460db4424530186.pdf,api.kemenpar.go.id,True,True,True,OK,,3,0,3,laporan kinerja 2025 KEMENTERIAN PARIWISATA Pendapatan wisatawan nusantara Bangka Belitung | Pendapatan wisatawan nusantara Bangka Belitung 2025 [site:kemenpar.go.id] | capaian pendapatan wisatawan nusantara Bangka Belitung 2025 realisasi [site:bps.go.id],9228,357,9.37
20260917_150324,2026-09-17T15:42:46,watsonx-qwen3-30b-a3b-instruct-2507,serper,0.0,218,1001,Sosial,KEMENTERIAN PARIWISATA,KP 03.05.08 - Pendapatan dari wisatawan nusantara Danau Toba,"2.048,41",Rp Miliar,True,False,True,True,90,lkj,2025,"Program berjalan, ditandai dengan laporan kinerja BPODT 2025 yang mencatat peningkatan pergerakan wisatawan nusantara sebesar 6,74% menjadi 40,59 juta orang, serta penyelenggaraan event wisata seperti Liburan Nataru 2025 dan Samosir Music International yang mendukung pendapatan dari wisatawan nusantara di Danau Toba.","Program berjalan, ditandai dengan Laporan Kinerja Deputi Bidang Pengembangan Destinasi dan Infrastruktur Kemenpar 2025 yang mencakup evaluasi Badan Pelaksana Otorita Danau Toba (dibentuk berdasarkan Permenpar No. 13/2016) sebagai pengelola kawasan. Danau Toba tercakup sebagai salah satu dari 10 DPP dalam Infografis Statistik Pariwisata 2025, dengan konfirmasi sebelumnya bahwa event olahraga internasional (F1H2O) di kawasan ini berhasil membuka segmen pasar wisata baru, mendorong pertumbuhan kunjungan wisatawan",https://bpodt.kemenpar.go.id/storage/2026/07/Salinan-LAKIN-BPODT-TA-2025-1.pdf?t,bpodt.kemenpar.go.id,True,True,True,OK,,3,0,3,laporan kinerja 2025 KEMENTERIAN PARIWISATA Pendapatan wisatawan nusantara Danau Toba | Pendapatan wisatawan nusantara Danau Toba 2025 [site:bpodt.kemenpar.go.id] | capaian pendapatan wisatawan nusantara Danau Toba 2025 [site:bpodt.kemenpar.go.id],7361,354,8.4
20260917_150324,2026-09-17T15:42:57,watsonx-qwen3-30b-a3b-instruct-2507,serper,0.0,219,1005,Sosial,KEMENTERIAN PARIWISATA,KP 03.05.12 - Pendapatan dari wisatawan nusantara Wakatobi miliar,"132,95",rupiah,True,False,True,True,95,lkj,2025,"Program berjalan, ditandai dengan pencapaian pendapatan wisatawan nusantara di Wakatobi sebesar 132,95 miliar rupiah pada tahun 2025, yang tercantum dalam Laporan Kinerja Kementerian Pariwisata 2025 yang terbit awal 2026 dan melaporkan realisasi kinerja tahun 2025.","Program berjalan, ditandai dengan Wakatobi tercakup sebagai salah satu dari 10 Destinasi Pariwisata Prioritas dalam Infografis Statistik Pariwisata 2025 resmi Kemenpar (kolaborasi BPS dan BKPM), dengan pendapatan wisatawan nusantara sebagai salah satu dari 8 indikator yang diukur dan dipublikasikan sistematis untuk seluruh destinasi prioritas nasional",https://api.kemenpar.go.id/storage/app/uploads/public/69c/a5a/b46/69ca5ab460db4424530186.pdf,api.kemenpar.go.id,True,True,True,OK,,3,0,3,laporan kinerja 2025 KEMENTERIAN PARIWISATA Pendapatan Wisatawan Nusantara Wakatobi | Pendapatan wisatawan nusantara Wakatobi 2025 [site:kemenpar.go.id] | capaian pendapatan wisatawan nusantara Wakatobi 2025 [site:kemenpar.go.id],7826,342,11.32
20260917_150324,2026-09-17T15:43:07,watsonx-qwen3-30b-a3b-instruct-2507,serper,0.0,220,1010,Sosial,KEMENTERIAN PARIWISATA,KP 03.05.10 - PDRB sektor penyediaan akomodasi dan makan minum Labuan Bajo juta,"42.889,25",rupiah,True,False,True,True,95,lkj,2025,"Program berjalan, ditandai dengan pencapaian PDRB sektor penyediaan akomodasi dan makan minum Labuan Bajo sebesar 42.889,25 juta rupiah dalam Laporan Kinerja Kementerian Pariwisata 2025 yang telah dirilis dan melaporkan realisasi indikator pada tahun 2025.","Program berjalan, ditandai dengan Laporan Kinerja Deputi Bidang Pengembangan Destinasi dan Infrastruktur Kemenpar 2025 yang mencakup evaluasi Badan Pelaksana Otorita Labuan Bajo Flores (dibentuk Permenpar No. 7/2018) sebagai pengelola kawasan. Labuan Bajo tercakup dalam Infografis Statistik Pariwisata 2025 dengan PDRB sektor akomodasi dan makan minum (PDRB akmamin) sebagai salah satu dari 8 indikator resmi yang dipublikasikan Kemenpar-BPS-BKPM untuk seluruh Destinasi Pariwisata Prioritas",https://api.kemenpar.go.id/storage/app/uploads/public/69c/a5a/b46/69ca5ab460db4424530186.pdf,api.kemenpar.go.id,True,True,True,OK,,3,0,3,laporan kinerja 2025 KEMENTERIAN PARIWISATA PDRB akomodasi makan minum Labuan Bajo | PDRB akomodasi makan minum Labuan Bajo 2025 Kemenpar [site:kemenpar.go.id] | PDRB akomodasi makan minum Labuan Bajo capaian 2025 Kemenpar [site:kemenpar.go.id],8172,347,10.02
20260917_150324,2026-09-17T15:43:16,watsonx-qwen3-30b-a3b-instruct-2507,serper,0.0,221,1011,Sosial,KEMENTERIAN PARIWISATA,KP 03.05.10 - Pendapatan dari wisatawan nusantara Labuan Bajo miliar,"1.175,23",rupiah,True,False,True,True,90,lkj,2025,"Program berjalan, ditandai dengan realisasi pendapatan wisatawan nusantara di Labuan Bajo mencapai 1.175,23 miliar rupiah pada 2025, sebagaimana tercantum dalam Laporan Kinerja Kemenpar 2025 yang merinci capaian kinerja secara rinci termasuk indikator pendapatan dari wisatawan nusantara di destinasi utama seperti Labuan Bajo.","Program berjalan, ditandai dengan Laporan Kinerja Deputi Bidang Pengembangan Destinasi dan Infrastruktur Kemenpar 2025 yang mencakup evaluasi Badan Pelaksana Otorita Labuan Bajo Flores sebagai pengelola kawasan. Labuan Bajo tercakup dalam Infografis Statistik Pariwisata 2025 dengan pendapatan wisatawan nusantara sebagai salah satu dari 8 indikator resmi yang dipublikasikan Kemenpar-BPS-BKPM",https://api.kemenpar.go.id/storage/app/uploads/public/69c/a5a/b46/69ca5ab460db4424530186.pdf,api.kemenpar.go.id,True,True,True,OK,,3,0,3,laporan kinerja 2025 Kemenpar Pendapatan wisatawan nusantara Labuan Bajo | Pendapatan wisatawan nusantara Labuan Bajo 2025 Kemenpar [site:kemenpar.go.id] | capaian pendapatan wisatawan nusantara Labuan Bajo 2025 realisasi [site:kemenpar.go.id],8158,357,9.3
20260917_150324,2026-09-17T15:43:27,watsonx-qwen3-30b-a3b-instruct-2507,serper,0.0,222,1026,Birokrasi,KEMENTERIAN KOORDINATOR BIDANG POLITIK DAN KEAMANAN,PP 07.03 - Indeks Kelembagaan Hukum,"0,76",Indeks,True,False,False,False,90,tidak_ada,tidak_ada,"Program belum berjalan, ditandai dengan tidak ditemukannya bukti konkret kegiatan pemerintah terkait indeks kelembagaan hukum pada 2025 di LKj 2025, siaran pers resmi, atau dokumen pelaksanaan tahun 2025 dari Kemenko Polkam. Hanya ditemukan dokumen perencanaan tahun 2026 dan referensi kegiatan tahun sebelumnya.","Program berjalan, ditandai dengan FGD lintas kementerian/lembaga (Mei 2025) untuk mengawal capaian IPH, termasuk pilar Kelembagaan Hukum, serta proses peralihan kewenangan penghitungan indeks dari Bappenas ke BPHN. Namun capaian angka pilar Kelembagaan Hukum menunjukkan tren menurun (0,72 di 2023 → 0,67 di 2024, data resmi terbaru yang tersedia), jauh dari target 2025 (0,76). Aktivitas kelembagaan/koordinasi tetap berlangsung sebagai respons atas tren ini, termasuk rakor evaluasi (April 2026) dan FGD penguatan SDM aparat penegak hukum (Juni 2026)",,,False,False,True,OK,,3,1,3,laporan kinerja 2025 KEMENTERIAN KOORDINATOR BIDANG POLITIK DAN KEAMANAN reformasi hukum | laporan kinerja 2025 KEMENTERIAN KOORDINATOR BIDANG POLITIK DAN KEAMANAN tata kelola hukum [site:polkam.go.id] | siaran pers KEMENTERIAN KOORDINATOR BIDANG POLITIK DAN KEAMANAN reformasi hukum 2025 [site:polkam.go.id],7229,336,10.72
20260917_150324,2026-09-17T15:43:38,watsonx-qwen3-30b-a3b-instruct-2507,serper,0.0,223,1027,Birokrasi,KEMENTERIAN KOORDINATOR BIDANG POLITIK DAN KEAMANAN,PP 07.03 - Indeks Penegakan Hukum,"0,73",Indeks,True,False,False,False,90,tidak_ada,tidak_ada,"Program belum berjalan, ditandai dengan tidak ditemukannya bukti konkret kegiatan pemerintah terkait indeks penegakan hukum pada 2025 di dokumen LKj/LAKIP 2025 Kemenko Polkam, siaran pers resmi, atau sumber resmi lainnya. Hanya ditemukan dokumen tahun 2021 dan 2023, serta referensi ke Kemenkumham yang bukan K/L utama pengampu indikator ini.","Program berjalan, ditandai dengan FGD nasional ""Penyelarasan Pengawalan Indeks Pembangunan Hukum Tahun 2025"" (21 Mei 2025) yang mengawal seluruh 5 pilar IPH termasuk Penegakan Hukum, dan berlanjut dengan rakor-rakor tindak lanjut di berbagai daerah hingga 2026 (contoh: Lampung, Mei 2026). Data pengukuran resmi terbaru (IPH 2024) menunjukkan skor pilar Penegakan Hukum stagnan di 0,64 (sama dengan baseline 2023), tanpa kemajuan (menjadikannya pilar paling tertinggal dari 5 pilar IPH). Meski capaian angka belum sesuai target 2025 (0,73), aktivitas koordinasi dan pengawalan program tetap konsisten berjalan dari 2025 hingga saat ini",tidak_ada,,False,False,True,OK,,3,0,3,laporan kinerja 2025 KEMENTERIAN KOORDINATOR BIDANG POLITIK DAN KEAMANAN indeks penegakan hukum | laporan kinerja 2025 KEMENTERIAN KOORDINATOR BIDANG POLITIK DAN KEAMANAN indeks penegakan hukum [site:polkam.go.id] | siaran pers KEMENTERIAN KOORDINATOR BIDANG POLITIK DAN KEAMANAN 2025 indeks penegakan hukum [site:polkam.go.id],6542,361,11.41
20260917_150324,2026-09-17T15:43:49,watsonx-qwen3-30b-a3b-instruct-2507,serper,0.0,224,1032,Industri,KEMENTERIAN EKONOMI KREATIF/BADAN EKONOMI KREATIF,"KP 03.06.02 - Jumlah tenaga kerja subsektor film, animasi, video, dan musik ribu",203,orang,True,False,False,False,90,bps_setkab,2025,"Program belum berjalan, ditandai dengan tidak ditemukannya bukti konkret kegiatan pemerintah, laporan kinerja 2025, atau siaran pers resmi Kemenkraf yang mencatat pelaksanaan kegiatan spesifik terkait peningkatan tenaga kerja subsektor film, animasi, video, dan musik pada tahun 2025. Hanya ditemukan data statistik dari BPS tentang tenaga kerja ekonomi kreatif secara umum, tanpa rincian kegiatan pemerintah yang menggarap indikator ini secara khusus.","Program berjalan, ditandai dengan penetapan Kabupaten Cilacap sebagai KaTa Kreatif 2025 dengan subsektor unggulan Film, Animasi, dan Video merupakan bagian dari Program Pengembangan Kabupaten/Kota Kreatif yang secara eksplisit dirancang untuk membangun ekosistem penyerap tenaga kerja subsektor ini di daerah. Secara makro, sektor ekonomi kreatif keseluruhan (termasuk subsektor ini) mencatat penyerapan 26,47 juta tenaga kerja pada 2024 sudah melampaui target 2025 sebesar 25,55 juta, menunjukkan tren pertumbuhan lapangan kerja kreatif yang kuat dan mendukung arah capaian subsektor film/animasi/video/musik secara spesifik",https://www.bps.go.id/id/news/2025/11/17/805/bps--ekonomi-kreatif-serap-tenaga-kerja-27-4-juta-tahun-2025.html,www.bps.go.id,True,True,True,OK,,3,2,3,laporan kinerja 2025 kemenkraf tenaga kerja subsektor film animasi video musik | laporan kinerja 2025 kemenkraf tenaga kerja subsektor film animasi video musik [site:kemenkraf.go.id] | siaran pers kemenkraf 2025 tenaga kerja subsektor film animasi video musik [site:kemenkraf.go.id],5998,407,10.14
20260917_150324,2026-09-17T15:43:59,watsonx-qwen3-30b-a3b-instruct-2507,serper,0.0,225,1036,Industri,KEMENTERIAN EKONOMI KREATIF/BADAN EKONOMI KREATIF,KP 03.06.04 - Pertumbuhan PDB subsektor aplikasi dan gim,"6,7-7,0",persen,True,False,True,True,90,siaran_pers,2025,"Program berjalan, ditandai dengan pernyataan Menteri Ekonomi Kreatif dalam siaran pers bahwa pertumbuhan subsektor aplikasi dan gim meningkat 18,22 persen dibandingkan tahun sebelumnya pada tahun 2025.","Program berjalan, ditandai dengan hasil resmi Sensus Ekonomi 2026 Sektor Ekonomi Kreatif (dirilis BPS, 29 Juni 2026) yang mengonfirmasi subsektor aplikasi dan pengembang gim mencatat pertumbuhan 18,22% sepanjang 2025, pertumbuhan tercepat di antara seluruh subsektor ekraf, bahkan melampaui pertumbuhan ekonomi kreatif nasional secara keseluruhan (6,86%) dan pertumbuhan ekonomi nasional (5,11%). Subsektor aplikasi juga menjadi pemimpin realisasi investasi ekraf 2025 (mengungguli fesyen dan kuliner untuk pertama kalinya), diumumkan Menteri Ekraf di ajang Badan Ekraf Developer Day (BDD) 2025 di Bandung. Program didukung skema insentif khusus subsektor prioritas (film, gim, aplikasi) serta kolaborasi lintas kementerian (Komdigi, Kemendag) untuk mendorong investasi sektor gim",https://ekraf.go.id/news/hadiri-hari-gim-indonesia-menteri-ekraf-optimis-gim-lokal,ekraf.go.id,True,True,True,OK,,3,0,3,laporan kinerja 2025 kemenparekraf aplikasi gim pertumbuhan PDB subsektor digital | capaian 2025 subsektor aplikasi dan gim ekonomi kreatif [site:ekraf.go.id] | capaian subsektor aplikasi dan gim 2025 ekonomi kreatif [site:ekraf.go.id],7542,287,10.22
20260917_150324,2026-09-17T15:44:07,watsonx-qwen3-30b-a3b-instruct-2507,serper,0.0,226,1043,Kesehatan,BADAN NARKOTIKA NASIONAL,PP 07.06 - Indeks P4GN,"63,7",Indeks,True,False,False,False,90,siaran_pers,2025,"Program belum berjalan, ditandai dengan tidak ditemukannya laporan resmi tahun 2025 yang menyebutkan capaian atau kegiatan konkret terkait indeks P4GN. Hanya ditemukan dokumen rencana (RKT 2024) dan laporan tahun 2024, serta siaran pers tentang capaian umum tanpa indikator spesifik P4GN.","Program berjalan, ditandai dengan rilis capaian kinerja P4GN akhir tahun 2025 yang diselenggarakan serentak oleh BNN Provinsi dan Kabupaten/Kota di seluruh Indonesia sepanjang Desember 2025 (dicontohkan Kalimantan Tengah, Banda Aceh, Muara Enim, Sleman, Tanah Laut, Karimun, Cianjur) yang menunjukkan sistem pelaporan akuntabilitas kinerja P4GN berjalan konsisten hingga tingkat kabupaten/kota. Realisasi resmi tingkat nasional (berdasarkan Laporan Kinerja BNN 2025) mengonfirmasi Indeks P4GN mencapai 67,3, melampaui target Perjanjian Kinerja 2025 (65,1).",https://bnn.go.id/bnn-paparkan-capaian-kinerja-2025-dan-rencana-strategis-2026-dalam-rapat-kerja-dengan-komisi-iii-dpr-ri/,bnn.go.id,True,True,True,OK,,3,1,3,laporan kinerja 2025 BNN P4GN indeks | BNN P4GN indeks 2025 capaian [site:bnn.go.id] | BNN LAKIP 2025 indeks P4GN capaian [site:bnn.go.id],7234,328,8.13
20260917_150324,2026-09-17T15:44:16,watsonx-qwen3-30b-a3b-instruct-2507,serper,0.0,227,1045,Pertahanan,BADAN NASIONAL PENANGGULANGAN BENCANA,PP 08.04 - Persentase penurunan nilai Indeks resiko Bencana Nasional,"1,2",persen,True,False,True,True,90,lkj,2025,"Program berjalan, ditandai dengan publikasi Laporan Kinerja 2025 BNPB yang menyebutkan capaian penurunan nilai Indeks Risiko Bencana sebesar 1,20% pada tahun 2025, sesuai target. Data ini didukung oleh hasil kajian risiko bencana tahunan yang diterbitkan oleh BNPB melalui platform inaRISK.","Program berjalan, ditandai dengan BNPB melaksanakan Rapat Koordinasi Pembahasan Indeks Risiko Bencana (4 September 2025), dipimpin Andre Notohamijoyo, membahas sinkronisasi IRBI (Indeks Risiko Bencana Indonesia), IKD (Indeks Ketahanan Daerah), dan SPM sub-urusan bencana untuk menghasilkan kebijakan pengurangan risiko yang tepat sasaran di seluruh provinsi/kabupaten/kota. Direktur Pemetaan dan Evaluasi Penanggulangan Bencana BNPB, Udrecht, mengonfirmasi perhitungan IRBI 2025 rampung Desember 2025, dipublikasikan melalui portal resmi inaRISK BNPB yang menyediakan dashboard IRBI 2025 interaktif per provinsi/kabupaten/kota dan jenis bencana. BNPB juga menerbitkan Peraturan BNPB No. 5 Tahun 2025 sebagai landasan evaluasi Renstra dan pengukuran indeks risiko bencana berkelanjutan",https://bnpb.go.id/storage/app/media/Lakip%20BNPB%202025%20-%20R1_compressed.pdf,bnpb.go.id,True,True,True,OK,,3,0,3,laporan kinerja 2025 BNPB indeks risiko bencana nasional penurunan nilai | BNPB laporan kinerja 2025 penurunan indeks risiko bencana [site:bnpb.go.id] | BNPB capaian penurunan indeks risiko bencana 2025 [site:bnpb.go.id],7830,331,9.28
20260917_150324,2026-09-17T15:44:25,watsonx-qwen3-30b-a3b-instruct-2507,serper,0.0,228,1052,Infrastruktur,KEMENTERIAN DESA DAN PEMBANGUNAN DAERAH TERTINGGAL,PN 06 - Persentase desa mandiri,"23,29",persen,True,False,False,False,90,tidak_ada,tidak_ada,"Program belum berjalan, ditandai dengan tidak ditemukannya bukti konkret kegiatan pemerintah, laporan kinerja 2025, atau siaran pers resmi Kementerian Desa yang mencatat pelaksanaan kegiatan spesifik untuk meningkatkan persentase desa mandiri pada tahun 2025. Hanya ditemukan dokumen tahun sebelumnya dan rencana umum.","Program berjalan, ditandai dengan laporan resmi Menteri Desa PDT Yandri Susanto yang mengonfirmasi jumlah desa mandiri nasional meningkat menjadi 20.503 desa (naik 4,38% dari tahun 2024). Di tingkat provinsi, Jawa Tengah mencatat 2.208 desa mandiri berdasarkan Data Indeks Desa 2025, metodologi pengukuran yang beralih dari IDM ke Indeks Desa (ID) sesuai Permendes PDTT Nomor 9 Tahun 2024, mencakup 6 dimensi penilaian (layanan dasar, sosial, ekonomi, lingkungan, aksesibilitas, tata kelola)",,,False,False,True,OK,,3,2,3,laporan kinerja 2025 KEMENTERIAN DESA DAN PEMBANGUNAN DAERAH TERTINGGAL Persentase desa mandiri | laporan kinerja 2025 KEMENTERIAN DESA DAN PEMBANGUNAN DAERAH TERTINGGAL status desa mandiri [site:kemendes.go.id] | siaran pers KEMENTERIAN DESA DAN PEMBANGUNAN DAERAH TERTINGGAL 2025 persentase desa mandiri [site:kemendes.go.id],6051,336,8.4
20260917_150324,2026-09-17T15:44:35,watsonx-qwen3-30b-a3b-instruct-2507,serper,0.0,229,1055,Birokrasi,KEMENTERIAN HUKUM,KP 07.02.03 - Tingkat kepatutan hukum lembaga hukum,"0,94",Persen,True,False,True,True,90,lkj,2025,"Program berjalan, ditandai dengan adanya indikator 'kepatutan hukum lembaga hukum' dalam Perjanjian Kinerja Kemenkum HAM 2025-2029 yang tercantum dalam Laporan Kinerja Kemenkum HAM 2025, serta kegiatan teknis seperti diseminasi kepatuhan hukum dan penguatan badan hukum di wilayah seperti Bali dan Kalimantan Tengah pada 2025.","Program berjalan, ditandai dengan tercantumnya indikator ini secara resmi dalam Rencana Strategis Kementerian Hukum 2025-2029 (Permenkum No. 42/2025), pemetaan risiko pencapaian di tingkat Kanwil (Jatim & Jateng), perluasan Pos Bantuan Hukum (Posbankum) Desa/Kelurahan yang mencapai 71.868 unit dari target 7.000, serta analisis-evaluasi 121 UU pusat dan 256 Perda sepanjang 2025",https://kemenkum.go.id/attachments/LKjIP/LKjIP_Kemenkum_2025.pdf,kemenkum.go.id,True,True,True,OK,,3,0,3,laporan kinerja 2025 KEMENTERIAN HUKUM dan HAK ASASI MANUSIA lembaga hukum kepatutan hukum | Laporan Kinerja 2025 Kemenkum HAM kepatutan hukum lembaga hukum [site:kemenkum.go.id] | kepatutan hukum lembaga hukum Kemenkum HAM 2025 [site:kemenkum.go.id],7692,361,9.92
20260917_150324,2026-09-17T15:44:44,watsonx-qwen3-30b-a3b-instruct-2507,serper,0.0,230,1059,Infrastruktur,KEMENTERIAN DESA DAN PEMBANGUNAN DAERAH TERTINGGAL,KP 06.07.02 - Persentase desa berketahanan iklim,"34,73",persen,True,False,True,True,90,bappenas,2025,"Program berjalan, ditandai dengan implementasi Desa Berketahanan Iklim melalui Permendes Nomor 16 Tahun 2025 yang diterbitkan dan dijalankan pada 2025, serta disebutkan dalam dokumen Kepmendes 501 Tahun 2025 tentang IKU Kemendes yang mencatat capaian persentase desa berketahanan iklim di daerah tertinggal.","Program berjalan, ditandai dengan penegasan resmi Kemendes PDT bahwa Dana Desa Tahun Anggaran 2025 secara eksplisit diarahkan untuk kegiatan adaptasi, mitigasi bencana alam dan perubahan iklim, sesuai Permendes No. 2 Tahun 2024 dan Kepmen PDT No. 501/2024 yang disampaikan dalam Dialog Publik Desa Peduli Iklim dan Desa Tanggap Bencana (27 Mei 2025). Program berlanjut dengan Workshop Formula Indeks Risiko Iklim Desa (IRID) sebagai insentif tambahan Dana Desa di daerah tertinggal (28 November 2025), serta kolaborasi lintas kementerian melalui sosialisasi Program Kampung Iklim (ProKlim) bersama KLHK di berbagai desa (dicontohkan Desa Muara Jaya, Kabupaten Balangan). Kebijakan diperkuat lewat Permendes No. 16 Tahun 2025 (ditetapkan 29 Desember 2025) yang menjadikan ""Desa Berketahanan Iklim dan Tangguh Bencana"" sebagai salah satu fokus prioritas resmi penggunaan Dana Desa tahun berikutnya, yang merupakan bukti keberlanjutan program dari 2025 ke 2026",https://id.scribd.com/document/974843712/Kepmendes-501-Tahun-2025-Tentang-IKU-Kemendes,id.scribd.com,False,True,True,OK,,3,2,3,laporan kinerja 2025 Kementerian Desa dan Pembangunan Daerah Tertinggal persentase desa berketahanan iklim | laporan kinerja 2025 Kementerian Desa dan Pembangunan Daerah Tertinggal desa berketahanan iklim [site:kemendesa.go.id] | Siaran Pers Kementerian Desa 2025 desa berketahanan iklim [site:kemendesa.go.id],6121,375,9.84
20260917_150324,2026-09-17T15:44:52,watsonx-qwen3-30b-a3b-instruct-2507,serper,0.0,231,1060,Infrastruktur,KEMENTERIAN DESA DAN PEMBANGUNAN DAERAH TERTINGGAL,KP 06.07.03 - Persentase desa yang menerapkan layanan berbasis digital,76,persen,True,False,True,True,85,media,2025,"Program berjalan, ditandai dengan laporan kinerja tahunan Kemendes PDTT 2024 yang menyebutkan pelaksanaan Program Desa Digital dengan target capaian 76% desa menerapkan layanan berbasis digital pada 2025, serta siaran pers media yang mengutip target realisasi tahun 2025 oleh Kepala Badan Pengembangan dan Informasi Kemendes PDTT.","Program berjalan, ditandai dengan Lomba Desa Digital 2025 yang digelar Kemendes PDT (diumumkan 23 Mei 2025) sebagai instrumen resmi mengukur perkembangan desa yang telah menerapkan digitalisasi layanan pemerintahan, kemasyarakatan, dan pembangunan yang terbuka bagi seluruh desa di Indonesia sebagai tindak lanjut kebijakan UU No. 62/2024 tentang APBN 2025 yang mewajibkan prioritas Dana Desa untuk teknologi informasi",https://tribratanews.polri.go.id/blog/nasional-3/kemendes-pdt-targetkan-seluruh-desa-di-indonesia-jadi-desa-digital-pada-2025-81429,tribratanews.polri.go.id,True,True,True,OK,,3,2,3,laporan kinerja 2025 KEMENTERIAN DESA DAN PEMBANGUNAN DAERAH TERTINGGAL Persentase desa menerapkan layanan berbasis digital | siaran pers KEMENTERIAN DESA DAN PEMBANGUNAN DAERAH TERTINGGAL Desa Digital 2025 [site:kemendes.go.id] | e-Monev Bappenas Program Desa Digital 2025 [site:emonev.bappenas.go.id],6453,376,8.04
20260917_150324,2026-09-17T15:45:01,watsonx-qwen3-30b-a3b-instruct-2507,serper,0.0,232,1064,Industri,KEMENTERIAN KOORDINATOR BIDANG PEREKONOMIAN,Kontribusi PDB Manufaktur,"20,8",Persen,True,False,True,True,90,siaran_pers,2025,"Program berjalan, ditandai dengan laporan kinerja triwulan III 2025 dari Kemenko Perekonomian yang menyebutkan pertumbuhan industri pengolahan sebesar 5,30% dan indeks PMI manufaktur di level ekspansif 51,2 pada Oktober 2025, menunjukkan aktivitas industri manufaktur aktif berjalan.","Program berjalan, ditandai dengan data resmi BPS yang dikonfirmasi Kementerian Perindustrian: kontribusi sektor manufaktur terhadap PDB nasional naik konsisten dari 18,34% (2022) menjadi 19,07% pada penutupan 2025, kenaikan bertahap tiap tahun. Kemenperin mencatat 16 dari 23 subsektor industri pengolahan berada dalam fase ekspansi (kontribusi 78,3% terhadap PDB industri nonmigas), dengan industri kendaraan bermotor dan percetakan sebagai subsektor berkinerja tertinggi. Purchasing Manager Index (PMI) dan Indeks Kepercayaan Industri (IKI) juga menunjukkan tren ekspansif sepanjang 2025, mengindikasikan optimisme pelaku industri",https://www.ekon.go.id/publikasi/detail/6908/industri-manufaktur-jadi-andalan-pemerintah-antisipasi-tekanan-perekonomian-global,www.ekon.go.id,True,True,True,OK,,3,0,3,laporan kinerja 2025 Kementerian Koordinator Bidang Perekonomian kontribusi PDB manufaktur | laporan kinerja 2025 Kementerian Koordinator Bidang Perekonomian kontribusi PDB manufaktur [site:ekon.go.id] | LAKIP 2025 Kementerian Koordinator Bidang Perekonomian kontribusi PDB manufaktur [site:ekon.go.id],7757,359,8.27
20260917_150324,2026-09-17T15:45:13,watsonx-qwen3-30b-a3b-instruct-2507,serper,0.0,233,1066,Pertahanan,KEMENTERIAN KOORDINATOR BIDANG POLITIK DAN KEAMANAN,Global Power Index,33,peringkat,True,False,False,False,90,bappenas,2026,"Program belum berjalan, ditandai dengan tidak ditemukannya bukti konkret pelaksanaan kegiatan pemerintah terkait pencapaian Global Power Index 2025 di Kemenko Polkam. Hanya ditemukan dokumen rencana dan strategi dalam RPJMN 2025-2029, tanpa indikasi pelaksanaan nyata atau capaian tahun 2025.","Program berjalan, ditandai dengan Kemenko Polkam menggelar Rapat Koordinasi Strategi Pencapaian Asia Power Index (API) dalam RPJMN 2025-2029 (20 Agustus 2025), dipimpin Brigjen TNI Kresno Pratowo, membahas sinkronisasi lintas kementerian untuk dua indikator utama: Military Capability Index (skor 2024: peringkat ke-13, nilai 15,7, target naik ke 16 pada 2025 dan 20 pada 2029) dan Diplomatic Influence (skor 2024: 65,6, target 66,1 pada 2029). Program melibatkan kolaborasi TNI, BRIN, dan Bappenas, mencakup strategi modernisasi alutsista, penguatan SDM, dan pengembangan industri pertahanan nasional",https://perpustakaan.bappenas.go.id/e-library/file_upload/koleksi/migrasi-data-publikasi/file/RP_RKP/Narasi%20RPJMN%20IV%202020-2024_Revisi%2014%20Agustus%202019.pdf,perpustakaan.bappenas.go.id,True,True,True,OK,,3,1,3,laporan kinerja 2025 KEMENTERIAN KOORDINATOR BIDANG POLITIK DAN KEAMANAN Global Power Index | Global Power Index 2025 KEMENTERIAN KOORDINATOR BIDANG POLITIK DAN KEAMANAN [site:polkam.go.id] | Kemenko Polkam RPJMN 2025-2029 Global Power Index capaian 2025 [site:bappenas.go.id],6207,396,12.38
20260917_150324,2026-09-17T15:45:21,watsonx-qwen3-30b-a3b-instruct-2507,serper,0.0,234,1071,Birokrasi,KEMENTERIAN HUKUM,PP 07.02 - Indeks Materi Hukum,"0,51",Indeks,True,False,True,True,90,lkj,2025,"Program berjalan, ditandai dengan publikasi Laporan Kinerja Instansi Pemerintah Kemenkum 2025 yang mencantumkan capaian Indeks Materi Hukum, termasuk realisasi dan target pada tahun 2025.","Program berjalan, ditandai dengan terselenggaranya Forum Tindak Lanjut Rekomendasi Hasil Analisis dan Evaluasi Peraturan Perundang-undangan oleh BPHN, serta selesainya evaluasi 121 UU pusat dan 256 Perda sepanjang 2025 sebagai bagian dari upaya harmonisasi regulasi",https://kemenkum.go.id/attachments/LKjIP/LKjIP_Kemenkum_2025.pdf,kemenkum.go.id,True,True,True,OK,,3,0,3,laporan kinerja 2025 KEMENTERIAN HUKUM HAM Materi Hukum Indeks | Laporan Kinerja Instansi Pemerintah Kemenkum 2025 Indeks Materi Hukum [site:kemenkum.go.id] | Indeks Materi Hukum Kemenkum 2025 capaian [site:kemenkum.go.id],7728,293,8.3
20260917_150324,2026-09-17T15:45:32,watsonx-qwen3-30b-a3b-instruct-2507,serper,0.0,235,1074,Pendidikan,KEMENTERIAN PENDIDIKAN DASAR DAN MENENGAH,"PP 04.02 - Persentase satuan pendidikan yang memiliki indeks karakter, indeks iklim keamanan sekolah dan indeks inidusivitas dan kebinekaan pada kategori baik","33,24",persen,True,False,False,False,90,lkj,2025,"Program belum berjalan, ditandai dengan tidak ditemukannya data capaian atau bukti pelaksanaan kegiatan konkret terkait indikator PP 04.02 pada tahun 2025 dalam dokumen resmi Rapor Pendidikan Indonesia 2025 dari PSKP Kemendikdasmen, meskipun indikator tersebut disebutkan sebagai prioritas.","Program berjalan, ditandai dengan peluncuran resmi Rapor Pendidikan Indonesia 2025 oleh Kemendikdasmen (16 Juli 2025) melalui Badan Standar, Kurikulum, dan Asesmen Pendidikan (BSKAP), menghadirkan data tervalidasi berdasarkan data pendidikan tahun 2024, dengan penambahan indikator PAUD dan Indeks Standar Pelayanan Minimal (SPM) Pendidikan. Pusat Studi Pendidikan dan Kebijakan (PSPK) merilis analisis independen (28 Maret 2025) yang mengonfirmasi sistem pengukuran berjalan aktif, meski hasilnya menunjukkan penurunan jumlah satuan pendidikan berkategori ""Baik"" pada indeks karakter (SD turun 18,46%), iklim keamanan, dan kebinekaan (penurunan terbesar di jenjang SMK). Kemendikdasmen kemudian memperkuat instrumen ini dengan menambahkan 3 indikator mutu baru (Maret 2026): Ketersediaan Buku Pendidikan dan Kesiapsiagaan Bencana/Perubahan Iklim",https://pskp.kemendikdasmen.go.id/file/kebijakan/1767151837_file.pdf,pskp.kemendikdasmen.go.id,True,True,True,OK,,3,1,3,laporan kinerja 2025 KEMENTERIAN PENDIDIKAN DASAR DAN MENENGAH PP 04 02 karakter iklim keamanan sekolah kebinekaan | Rapor Pendidikan Indonesia 2025 KEMENTERIAN PENDIDIKAN DASAR DAN MENENGAH capaian PP 04 02 karakter iklim keamanan sekolah [site:pskp.kemendikdasmen.go.id] | Rapor Pendidikan Indonesia 2025 capaian PP 04.02 karakter iklim keamanan sekolah kebinekaan inklusivitas [site:pskp.kemendikdasmen.go.id],6996,387,10.81
20260917_150324,2026-09-17T15:45:43,watsonx-qwen3-30b-a3b-instruct-2507,serper,0.0,236,1075,Pendidikan,KEMENTERIAN PENDIDIKAN DASAR DAN MENENGAH,PP 04.04 - Indeks Pemerataan Guru,"35,91",Indeks,True,False,True,True,90,siaran_pers,2025,"Program berjalan, ditandai dengan terbitnya Permendikdasmen Nomor 1 Tahun 2025 tentang Redistribusi Guru ASN dan Kepmendikdasmen Nomor 82/O/2025 yang mengatur mekanisme pelaksanaan, serta siaran pers resmi dari Kemendikdasmen pada 2025 yang menyatakan bahwa tahun 2025 menjadi tahun persiapan implementasi redistribusi guru.","Program berjalan, ditandai dengan penerbitan Permendikdasmen Nomor 1 Tahun 2025 dan Kepmendikdasmen Nomor 82/O/2025 tentang mekanisme redistribusi guru ASN, dipaparkan Dirjen GTKPG Nunuk Suryani dan Wamendikdasmen Atip Latipulhayat dalam Taklimat Media 2025 (23 Oktober 2025). Kebijakan ""guru paruh waktu"" diterapkan sebagai langkah transisi menuju sistem ASN penuh (target 2026 tanpa guru honorer). Bukti eksekusi lapangan konkret: Dinas Pendidikan Provinsi Gorontalo menggelar rapat pembahasan Indeks Pemerataan Guru (IPG) bersama KGTK (5 Juni 2025) untuk memetakan kebutuhan guru per sekolah/wilayah. Data resmi terkini mengonfirmasi total 3,27 juta guru di bawah Kemendikdasmen dan 935 ribu guru di bawah Kemenag, dengan kesenjangan distribusi masih terkonsentrasi di Papua, NTT, dan Kalimantan Utara. Dataset resmi ""Indeks Pemerataan Guru 2025"" telah dipublikasikan oleh Ditjen GTKPG melalui portal data.kemendikdasmen.go.id ",https://www.kemendikdasmen.go.id/siaran-pers/14094-wamendikdasmen-tegaskan-2026-jadi-tahun-implementasi-redistribusi-guru-asnd-dan-pendidikan-inklusif,www.kemendikdasmen.go.id,True,True,True,OK,,3,0,3,laporan kinerja 2025 KEMENTERIAN PENDIDIKAN DASAR DAN MENENGAH Indeks Pemerataan Guru | Indeks Pemerataan Guru 2025 Kemendikdasmen [site:kemendikdasmen.go.id] | redistribusi guru 2025 Kemendikdasmen siaran pers [site:kemendikdasmen.go.id],7564,366,11.13
20260917_150324,2026-09-17T15:45:58,watsonx-qwen3-30b-a3b-instruct-2507,serper,0.0,237,1077,Pendidikan,"KEMENTERIAN PENDIDIKAN TINGGI, SAINS, DAN TEKNOLOGI",PP 04.06 - Angka Partisipasi Kasar (APK) Pendidikan Tinggi,"33,94",persen,True,False,True,True,90,media,2025,"Program berjalan, ditandai dengan publikasi data Statistik Pendidikan Tinggi 2025 oleh KemdiktiSainTek yang mencatat jumlah mahasiswa baru dan data terkait APK PT, serta laporan WamendiktiSainTek yang menyebutkan capaian APK 32,89% pada 2025 sebagai indikator pelaksanaan kebijakan akses pendidikan tinggi.","Program berjalan, ditandai dengan data resmi BPS yang dikonfirmasi berulang oleh pejabat Kemendiktisaintek. APK Pendidikan Tinggi 2025 mencapai 32,85-32,89%, naik dari baseline 31,45% (2023), namun belum mencapai target 2025 (33,94%). Kemendiktisaintek menggelar Rapat Koordinasi ""Penyamaan Persepsi Indikator RPJMN 2025-2029"" (13 Maret 2025) bersama Bappenas dan Kemendikdasmen untuk menyusun strategi peningkatan akses. Program didukung KIP Kuliah sebagai instrumen utama perluasan akses, meski Anggota Komisi X DPR RI mengkritik target pertumbuhan sebagai ""tidak realistis"" mengingat anggaran KIP yang terbatas (Februari 2026). Data menunjukkan kesenjangan tajam antardaerah: DIY tertinggi (74,70%) vs Sumatera Selatan terendah (27,41%)",https://kemdiktisaintek.go.id/en/news/article/wamendiktisaintek-dorong-perguruan-tinggi-menjadi-pusat-solusi-problem-masyarakat,kemdiktisaintek.go.id,True,True,True,OK,,3,0,3,laporan kinerja 2025 KEMENTERIAN PENDIDIKAN TINGGI SAINS DAN TEKNOLOGI APK Pendidikan Tinggi | APK Pendidikan Tinggi 2025 mahasiswa baru kampus kuliah [site:kemdiktisaintek.go.id] | APK Pendidikan Tinggi 2025 capaian mahasiswa baru kampus [site:kemdiktisaintek.go.id],7983,348,14.5
20260917_150324,2026-09-17T15:46:08,watsonx-qwen3-30b-a3b-instruct-2507,serper,0.0,238,1080,Pendidikan,"KEMENTERIAN PENDIDIKAN TINGGI, SAINS, DAN TEKNOLOGI",PP 04.06 - Proporsi Mahasiswa Baru Berkualitas di Prodi STEM Terakreditasi Unggul,"28,8",persen,True,False,False,False,90,lkj,2025,"Program belum berjalan, ditandai dengan tidak ditemukannya bukti konkret pelaksanaan kegiatan atau capaian indikator mahasiswa baru berkualitas di prodi STEM terakreditasi unggul pada tahun 2025 dalam dokumen resmi Kementerian Pendidikan Tinggi, Sains, dan Teknologi. Hanya ditemukan dokumen rencana, laporan tahunan, dan publikasi umum tanpa data spesifik terkait indikator tersebut.","Program berjalan, ditandai dengan penetapan Permendiktisaintek Nomor 39 Tahun 2025 tentang Penjaminan Mutu Pendidikan Tinggi, yang merupakan regulasi resmi yang menyederhanakan status akreditasi menjadi 3 kategori (Terakreditasi, Terakreditasi Unggul, Tidak Terakreditasi) dan secara eksplisit mensyaratkan program percepatan pendidikan (lintas jenjang S1-S2-S3) hanya bagi mahasiswa dari prodi berstatus Terakreditasi Unggul atau Internasional. Data resmi Kemendiktisaintek per 2025 mengonfirmasi baru 6% program studi meraih akreditasi A/Unggul dari total 33.741 prodi, sementara lulusan STEM Indonesia baru mencapai 18,47%, yang mana jauh tertinggal dibanding Vietnam (23,38%), Thailand (27,31%), apalagi Malaysia (37,19%) dan Singapura (34,3%). Kebijakan ini diperkuat lebih lanjut lewat Permendiktisaintek No. 10 Tahun 2026 yang mempertegas konsekuensi hukum bagi prodi yang gagal memenuhi standar mutu (termasuk pencabutan izin)",https://kemdiktisaintek.go.id/api/file/humas-production/2025/08/Buku-Capaian-Kedua_Diktisaintek-Berdampak-05-08-2025-17.19_compressed-1.pdf,kemdiktisaintek.go.id,True,True,True,OK,,3,0,3,laporan kinerja 2025 KEMENTERIAN PENDIDIKAN TINGGI SAINS TEKNOLOGI Mahasiswa baru STEM Prodi STEM akreditasi unggul | laporan kinerja 2025 KEMENTERIAN PENDIDIKAN TINGGI SAINS TEKNOLOGI capaian mahasiswa baru STEM akreditasi unggul [site:kemdiktisaintek.go.id] | capaian mahasiswa baru STEM akreditasi unggul 2025 KEMENTERIAN PENDIDIKAN TINGGI SAINS TEKNOLOGI [site:kemdiktisaintek.go.id],8069,432,9.73
20260917_150324,2026-09-17T15:46:17,watsonx-qwen3-30b-a3b-instruct-2507,serper,0.0,239,1084,Birokrasi,KEMENTERIAN PENDAYAGUNAAN APARATUR NEGARA DAN REFORMASI BIROKRASI,PP 07.08 - Indeks Pelayanan Publik,"3,68",Indeks,True,False,True,True,90,siaran_pers,2025,"Program berjalan, ditandai dengan evaluasi sementara kinerja pelayanan publik yang dilakukan Kemenpan RB mulai Februari 2025, serta publikasi hasil evaluasi melalui portal resmi portalrb.id dan data Indeks Pelayanan Publik 2025 yang tersedia di Satu Data Aparatur Negara.","Program berjalan, ditandai dengan dirilisnya hasil resmi Pemantauan dan Evaluasi Kinerja Penyelenggaraan Pelayanan Publik (PEKPPP) Tahun 2025 oleh KemenPANRB (Kepmenpan RB No. 3/2026), yang mengukur skor riil ratusan instansi/daerah. Dicontohkan Kota Surabaya (4,84, tertinggi nasional) dan Jawa Timur (4,75, provinsi terbaik nasional, naik dari 4,36 di 2023)",https://www.menpan.go.id/site/berita-terkini/kementerian-panrb-umumkan-hasil-evaluasi-sementara-capaian-rb,www.menpan.go.id,True,True,True,OK,,3,0,3,laporan kinerja 2025 Kemenpan RB Indeks Pelayanan Publik | Laporan Kinerja 2025 Kemenpan RB Indeks Pelayanan Publik [site:menpan.go.id] | Indeks Pelayanan Publik 2025 Kemenpan RB hasil evaluasi [site:menpan.go.id],7789,311,9.12
20260917_150324,2026-09-17T15:46:25,watsonx-qwen3-30b-a3b-instruct-2507,serper,0.0,240,1087,Pertahanan,BADAN INTELIJEN NEGARA,PP 02.04 - Fragile State Index,"62,8",Indeks,True,False,False,False,90,tidak_ada,tidak_ada,"Program belum berjalan, ditandai dengan tidak ditemukannya bukti konkret kegiatan teknis, laporan kinerja 2025 dari BIN, atau siaran pers yang menyebut pelaksanaan pemantauan atau analisis Fragile State Index pada tahun 2025. Tidak ada dokumen resmi dari BIN atau sumber terpercaya yang mencatat pelaksanaan kegiatan terkait indikator ini.","Program berjalan, ditandai dengan Kemenko Polkam menggelar Rapat Koordinasi Evaluasi Koordinasi Intelijen Tahun 2025 (Desember 2025) yang meninjau efektivitas kerja sama intelijen sepanjang tahun dan menyepakati penguatan peran BIN sebagai Koordinator Intelijen nasional. Sebagai catatan metodologis: skor Fragile States Index (FSI) resmi dari Fund for Peace untuk tahun 2025 belum dipublikasikan per Agustus 2026 pada situs resminya masih menampilkan data terbaru dari FSI 2024 (skor 63,7, sesuai baseline), mengindikasikan pola publikasi tahunan dengan jeda waktu",,,False,False,True,OK,,3,2,3,laporan kinerja 2025 BIN stabilitas kerentanan negara keamanan risiko governance | laporan kinerja 2025 BADAN INTELIJEN NEGARA Fragile State Index stabilitas kerentanan negara [site:bin.go.id] | siaran pers BIN 2025 Fragile State Index risiko stabilitas negara [site:bin.go.id],6177,301,8.27
20260917_150324,2026-09-17T15:46:33,watsonx-qwen3-30b-a3b-instruct-2507,serper,0.0,241,1089,Pertahanan,BADAN SIBER DAN SANDI NEGARA,KP 02.05.02 - Rata-rata Competency Gap Index (CGI) SDM siber dan sandi,16,persen,True,False,True,True,85,media,2025,"Program berjalan, ditandai dengan pelaksanaan uji kompetensi SDM siber oleh BSSN pada tahun 2025 yang menjadi bagian dari upaya pengukuran Competency Gap Index (CGI) sesuai indikator KP 02.05.02.","Program berjalan, ditandai dengan Lembaga Sertifikasi Profesi (LSP) BSSN menggelar Webinar Sosialisasi Sertifikasi Kompetensi SDM Keamanan Siber dan Sandi (30 Januari 2025), dengan hasil kumulatif sertifikasi 2023-2024 mencatat 1.290 orang diuji, 1.116 dinyatakan kompeten dengan data konkret yang menjadi basis pengukuran Competency Gap Index. Program berlanjut dengan sosialisasi sertifikasi kompetensi bagi Taruna Politeknik Siber dan Sandi Negara (Poltek SSN) tingkat III dan IV (19 Maret 2025, Bogor), mencakup skema cryptographic analyst dan penetration tester. BSSN juga telah menghasilkan ribuan lulusan pelatihan SDM keamanan siber lintas sektor periode 2019-2024 (2.738 lulusan pelatihan teknis internal, 1.694 lulusan pelatihan fungsional, 1.002 lulusan program born to defence) sebagai basis data historis pengukuran gap kompetensi",https://www.instagram.com/reel/DSAOl1MEtqt/,www.instagram.com,False,True,True,OK,,3,2,3,laporan kinerja 2025 BSSN kompetensi SDM siber gap index | siaran pers BSSN 2025 uji kompetensi SDM siber gap index [site:bssn.go.id] | BSSN pelatihan SDM siber 2025 kompetensi gap index [site:bssn.go.id],5866,272,8.18
20260917_150324,2026-09-17T15:46:44,watsonx-qwen3-30b-a3b-instruct-2507,serper,0.0,242,1095,Birokrasi,KEMENTERIAN PERENCANAAN PEMBANGUNAN NASIONAL/BADAN PERENCANAAN PEMBANGUNAN NASIONAL (BAPPENAS),KP 07.10.05 - Nilai Indeks Satu data Indonesia,51-70,Indeks,True,False,True,True,90,lkj,2025,"Program berjalan, ditandai dengan pelaksanaan kegiatan teknis penguatan standar data, metadata, dan interoperabilitas melalui Satu Data Indonesia pada 2025, sebagaimana dicatat dalam Laporan Kinerja Kementerian PPN/Bappenas 2025 dan siaran pers Bappenas yang menyebutkan evaluasi kualitas data dan integrasi sistem informasi.","Program berjalan, ditandai dengan rampungnya Evaluasi Penyelenggaraan Satu Data Indonesia (SDI) Tahun 2025 oleh Bappenas, dengan hasil resmi dipublikasikan (surat Deputi Bidang Ekonomi & Transformasi Digital Bappenas, 31 Desember 2025). Dicontohkan skor Jawa Timur 90,13 (peringkat 1 nasional), melonjak dari 76,96 di tahun sebelumnya, menunjukkan sistem evaluasi sudah beroperasi dan menghasilkan skor konkret per instansi/daerah",https://perpustakaan.bappenas.go.id/e-library/file_upload/koleksi/dokumenbappenas/konten/Dokumen%202026/F_LAPORAN%20KINERJA%20KEMENTERIAN%202025_110326_1619.pdf,perpustakaan.bappenas.go.id,True,True,True,OK,,3,0,3,laporan kinerja 2025 BAPPENAS satu data interoperabilitas metadata kualitas data integrasi nasional | satu data Indonesia 2025 kegiatan teknis interoperabilitas metadata [site:bappenas.go.id] | satu data Indonesia 2025 pelaksanaan kegiatan teknis standar metadata interoperabilitas [site:data.go.id],7544,365,10.73
20260917_150324,2026-09-17T15:46:53,watsonx-qwen3-30b-a3b-instruct-2507,serper,0.0,243,1109,Pendidikan,KEMENTERIAN KOMUNIKASI DAN DIGITAL,KP 01.02.02 - Jumlah peserta pelatihan peningkatan kapasitas SDM bidang kominfo yang bertalenta digital,40.1,orang,True,False,True,True,90,siaran_pers,2025,"Program berjalan, ditandai dengan peluncuran pelatihan gratis untuk talenta data digital oleh Komdigi dan DQLab pada 10 Juli 2025, serta siaran pers resmi Kementerian Komunikasi dan Digital pada 7 Mei 2025 yang menyebutkan upaya percepatan pengembangan talenta digital di daerah.","Program berjalan, ditandai dengan peluncuran resmi Digital Talent Scholarship (DTS) 2025 oleh BPSDM Komdigi (Juni 2025), menargetkan 100.000 lulusan dari berbagai pelatihan teknologi (AI, Cyber Security, Cloud Computing, Coding, Digital Marketing) yang melibatkan kemitraan strategis dengan perusahaan teknologi global (Microsoft, Oracle, Alibaba, AWS, Google, Huawei, Cisco, ZTE, Indosat) serta perguruan tinggi. Bukti eksekusi lapangan konkret: sertifikasi kompetensi bidang TIK untuk 44 lulusan SMK/sederajat melalui skema Vocational School Graduate Academy (VSGA) di Universitas Tidar, Magelang (14-16 Juli 2025), menghasilkan Sertifikat Kompetensi Kerja Nasional dari LSP berlisensi BNSP. Program didukung dataset resmi terbuka ""Jumlah Peserta Digital Talent Scholarship"" di portal Satu Data Komdigi",https://www.komdigi.go.id/berita/siaran-pers/detail/cetak-talenta-data-digital-komdigi-dan-dqlab-luncurkan-pelatihan-gratis,www.komdigi.go.id,True,True,True,OK,,3,0,3,laporan kinerja 2025 KEMENTERIAN KOMUNIKASI DAN DIGITAL pelatihan digital talenta TIK kapasitas SDM | siaran pers KEMENTERIAN KOMUNIKASI DAN DIGITAL pelatihan SDM digital 2025 [site:komdigi.go.id] | LAPORAN KINERJA 2025 KEMENTERIAN KOMUNIKASI DAN DIGITAL pelatihan talenta digital [site:komdigi.go.id],7973,350,9.47
20260917_150324,2026-09-17T15:47:03,watsonx-qwen3-30b-a3b-instruct-2507,serper,0.0,244,1117,Pendidikan,KEMENTERIAN KOMUNIKASI DAN DIGITAL,KP 02.14.001 - Proporsi remaja dan dewasa usia 15-59 tahun dengan keterampilan Teknologi Informasi Dan Komputer (TIK),83,persen,True,False,True,True,90,siaran_pers,2025,"Program berjalan, ditandai dengan pelaksanaan Kompetisi TIK Nasional 2025 untuk penyandang disabilitas dan program Digital Talent Scholarship yang menyelenggarakan pelatihan keterampilan TIK secara aktif, serta peluncuran program Digital Talent Pool Nasional 2025 oleh BPSDM Komdigi.","Program berjalan, ditandai dengan Kementerian Komdigi merilis hasil resmi Indeks Masyarakat Digital Indonesia (IMDI) 2025 (2 Oktober 2025), mencatat skor nasional 44,53 yang naik 1,19 poin dari 2024 (43,34), melanjutkan tren kenaikan konsisten sejak 2022 (37,80 -> 43,18 -> 43,34 -> 44,53). Survei melibatkan lebih dari 18.000 responden individu dan 11.000 responden industri, mencakup 514 kabupaten/kota, dengan pilar ""keterampilan digital"" sebagai salah satu dari empat pilar utama pengukuran. Program didukung peluncuran resmi (24 Januari 2025) oleh Wamenkomdigi Angga Raka Prabowo di BPPTIK Cikarang, termasuk transformasi 9 balai daerah menjadi Digital Talent Center (DTC) dan peluncuran Politeknik Digital Jogja (Poldigi)",https://www.komdigi.go.id/berita/masyarakat-digital/detail/kisah-vinton-cerf-dan-jejak-inklusivitas-di-ajang-kompetisi-tik-nasional,www.komdigi.go.id,True,True,True,OK,,3,0,3,laporan kinerja 2025 KEMENTERIAN KOMUNIKASI DAN DIGITAL keterampilan TIK | literasi digital 2025 KEMENTERIAN KOMUNIKASI DAN DIGITAL [site:komdigi.go.id] | program pelatihan TIK 2025 KEMENTERIAN KOMUNIKASI DAN DIGITAL [site:komdigi.go.id],8071,327,9.24
20260917_150324,2026-09-17T15:47:13,watsonx-qwen3-30b-a3b-instruct-2507,serper,0.0,245,1118,Industri,KEMENTERIAN KOMUNIKASI DAN DIGITAL,KP 02.14.002 - Indeks Transformasi Digital Nasional Pilar Bisnis,"40,38",Indeks,True,False,False,False,90,renstra,2025,"Program belum berjalan, ditandai dengan tidak ditemukannya bukti konkret pelaksanaan kegiatan pemerintah terkait Indeks Transformasi Digital Nasional Pilar Bisnis pada 2025 di dokumen LKj 2025 atau siaran pers resmi Kemenkomdigi. Hanya terdapat rencana dan target dalam Renstra 2025-2029 serta capaian IMDI yang tidak relevan dengan indikator ini.","Program berjalan, ditandai dengan hasil pengukuran resmi Indeks Transformasi Digital Nasional (ITDN) Tahun 2024 yang dirilis Kementerian Komdigi. Dicontohkan Provinsi Sumatera Barat mencatat skor pilar Bisnis sebesar 52,61, sementara skor ITDN keseluruhan provinsi tersebut naik dari 58,80 (2023) menjadi 60,38 (2024). Di tingkat nasional, Komdigi memaparkan skor agregat ITDN sebesar 49,2 dalam peluncuran Rencana Induk Pemerintah Digital Nasional 2025-2045 (26 Februari 2026), sekaligus mengonfirmasi target resmi skor pilar Bisnis 2025 sebesar 40,38 (sesuai persis dengan target dalam Renstra Komdigi 2025-2029)",https://www.komdigi.go.id/kinerja/renstra,www.komdigi.go.id,True,True,True,OK,,3,0,3,laporan kinerja 2025 KEMENTERIAN KOMUNIKASI DAN DIGITAL Indeks Transformasi Digital Nasional Pilar Bisnis | Indeks Transformasi Digital Nasional Pilar Bisnis capaian 2025 Kementerian Komunikasi dan Digital [site:komdigi.go.id] | Laporan Kinerja Kementerian Komunikasi dan Digital 2025 Indeks Transformasi Digital Nasional Pilar Bisnis [site:komdigi.go.id],7766,346,10.28
20260917_150324,2026-09-17T15:47:25,watsonx-qwen3-30b-a3b-instruct-2507,serper,0.0,246,1135,Pangan,BADAN PENGAWAS OBAT DAN MAKANAN,KP 04.14.03 - Persentase kab/kota Pangan Aman,14,persen,True,False,True,True,90,siaran_pers,2025,"Program berjalan, ditandai dengan pelaksanaan advokasi dan penilaian Kabupaten/Kota Pangan Aman oleh BPOM di berbagai daerah pada tahun 2025, termasuk di Banyumas, Lamandau, dan Pekanbaru, serta pengumuman tahap finalis nasional penilaian KKPA 2025.","Program berjalan, ditandai dengan BPOM merampungkan Penilaian Nasional Kabupaten/Kota Pangan Aman (KKPA) 2025, dengan Kota Semarang meraih predikat juara nasional (skor 96,31), serta juara regional lainnya (Surakarta, Jakarta Pusat, Ternate, Kolaka). Puluhan kabupaten/kota lain juga menerima penghargaan berjenjang berdasarkan skor: Kota Bogor (Level 4/Baik), Kabupaten Banyumas (nilai 88,1, kategori Sangat Baik), dan Kabupaten Lampung Selatan (Level 3/Sedang, nilai di atas 60). Program didukung pendampingan intensif BPOM di daerah, dicontohkan BPOM Palu yang mengawal Kota Palu melalui rapat pengisian data dukung Penilaian Mandiri KKPA (6 Agustus 2025), serta Kota Tangerang yang menjadi salah satu dari 23 kabupaten/kota finalis nasional dengan penilaian akhir dihadiri juri dari BPOM RI, Kemenko Pangan, dan KKP (15 Desember 2025)",https://banyumas.pom.go.id/berita/banyumas-masuk-finalis-nasional-penilaian-kabupaten-pangan-aman-2025,banyumas.pom.go.id,True,True,True,OK,,3,0,3,laporan kinerja 2025 BPOM pangan aman kabupaten kota | BPOM kabupaten kota pangan aman 2025 [site:pom.go.id] | penilaian kabupaten kota pangan aman 2025 Bappenas [site:bappenas.go.id],7974,304,11.89
20260917_150324,2026-09-17T15:47:36,watsonx-qwen3-30b-a3b-instruct-2507,serper,0.0,247,1137,Kesehatan,BADAN PENGAWAS OBAT DAN MAKANAN,KP 04.14.03 - Persentase obat bahan alam yang aman dan bermutu,65,persen,True,False,False,False,90,lkj,2025,"Program belum berjalan, ditandai dengan tidak ditemukannya bukti konkret pelaksanaan kegiatan pengawasan obat bahan alam, jamu, atau obat tradisional oleh BPOM pada tahun 2025 dalam dokumen LKj/LAKIP 2025 yang terbit awal 2026. Hanya ditemukan dokumen rencana dan laporan interim tanpa capaian kinerja spesifik terkait indikator persentase obat bahan alam yang aman dan bermutu.","Program berjalan, ditandai dengan BPOM menyetujui sekitar 7.000 dari 8.000 permohonan izin edar obat bahan alam (82%) yang melampaui target 2025 sebesar 65%, serta kunjungan Kepala BPOM Taruna Ikrar ke Bali membahas sinergi pengembangan herbal dan obat tradisional lokal (30 Oktober 2025), penyerahan sertifikat CPOTB kepada UMK di Aceh sebagai dukungan Program Koperasi Desa Merah Putih, dan Konsultasi Publik Rancangan Revisi PerBPOM No. 29 Tahun 2023 (5 November 2025) yang menghadirkan narasumber internasional WHO, China, dan India",https://www.pom.go.id/storage/sakip/LAKIP%20INTERIM%20TW%20III%202025%20DEPUTI%20II.pdf,www.pom.go.id,True,True,True,OK,,3,0,3,laporan kinerja 2025 BPOM obat herbal jamu | Laporan Kinerja 2025 BPOM obat herbal jamu [site:pom.go.id] | Laporan Kinerja Tahunan 2025 BPOM obat herbal jamu [site:pom.go.id],7348,353,11.39
20260917_150324,2026-09-17T15:47:45,watsonx-qwen3-30b-a3b-instruct-2507,serper,0.0,248,1148,Pertahanan,BADAN NARKOTIKA NASIONAL,KP 07.06.07 - Jumlah perkara tindak pidana pencucian uang hasil tindak pidana narketika dan prekursor narkotika,25,perkara,True,False,True,True,90,media,2025,"Program berjalan, ditandai dengan pengungkapan kasus besar narkotika dan TPPU oleh BNN pada 15 September 2025, yang secara eksplisit disebutkan dalam siaran pers dan unggahan media sosial resmi BNN.","Program berjalan, ditandai dengan BNN membongkar kasus konkret TPPU hasil narkotika senilai Rp52,78 miliar dari jaringan Sutarnedi di Palembang, Sumatera Selatan yang diumumkan Kepala BNN Komjen Suyudi Ario Seto dalam konferensi pers (15 September 2025) yang turut dihadiri Kemenko Polkam, Kemenimipas, TNI, Polri, Bea Cukai, BPOM, dan PPATK. Kasus ini bagian dari pembongkaran jaringan narkotika lebih besar (503,7 kg barang bukti) yang menyelamatkan estimasi 1,1 juta jiwa dan mencegah kerugian ekonomi Rp130 miliar. Program diperkuat sinergi kelembagaan: BNN-Kejaksaan Agung menyasar TPPU dan aset kripto (20 Februari 2025) dengan skema percepatan proses hukum (SPDP langsung P16) berlandaskan Perma No. 13 tentang Perampasan Aset, serta Bimtek TPPU bagi penyidik BNN untuk mengoptimalkan penerapan pasal TPPU pada pelaku kejahatan narkotika, dan Rakor penegakan hukum TPPU bersama PPATK (12 Maret 2025)",https://www.instagram.com/p/DUVCbhtFGVQ/,www.instagram.com,False,True,True,OK,,3,0,3,laporan kinerja 2025 BNN TPPU narkotika | BNN ungkap kasus besar narkotika TPPU 15 September 2025 [site:bnn.go.id] | BNN kasus TPPU narkotika 2025 realisasi capaian kinerja [site:bnn.go.id],7920,265,9.3
20260917_150324,2026-09-17T15:47:54,watsonx-qwen3-30b-a3b-instruct-2507,serper,0.0,249,1150,Sosial,OTORITA IBU KOTA NUSANTARA,KP 06.05.02 - Persentase masyarakat sejahtera,"9,50",persen,True,False,False,False,90,lkj,2025,"Program belum berjalan, ditandai dengan tidak ditemukannya bukti konkret kegiatan pemerintah atau capaian nyata terkait peningkatan persentase masyarakat sejahtera pada 2025 di dokumen resmi Otorita Ibu Kota Nusantara. Hanya terdapat target dalam Renstra 2025–2029 dan kegiatan sosial umum seperti lomba lari atau pesta rakyat yang tidak secara langsung terkait indikator kesejahteraan ekonomi.","Program berjalan, ditandai dengan Otorita IKN menyelenggarakan lebih dari 879 pelatihan keterampilan bagi seluruh lapisan masyarakat (kaum ibu, difabel, pelaku UMKM, warga wilayah delineasi IKN) untuk meningkatkan kapasitas, daya saing, dan taraf hidup yang telah dikonfirmasi dalam Siaran Pers resmi peringatan Satu Tahun Pemerintahan Prabowo (28 Oktober 2025). Program konkret lain: layanan cek kesehatan gratis di Klinik Kantor Otorita IKN (877+ peserta), peluncuran ""Nusantara Sehat"" bersama Pegadaian-BNI (27 April 2025, 600 peserta), serta ""Pesona 2025"" (Pekan Seni dan Olahraga Nusantara, 31 Oktober 2025) bersinergi dengan BI, OJK, dan Kemenkes untuk mendorong kesejahteraan sosial-ekonomi kawasan. Rencana Strategis Otorita IKN 2025-2029 (Perka OIKN No. 11/2025) menetapkan indikator ""Status Kesehatan dan Kesejahteraan"" secara formal sebagai Sasaran Strategis terukur",https://ikn.go.id/storage/regulasi/20251010-perka-oikn-11-2025-tentang-rencana-strategis-otorita-ikn-tahun-2025-2029.pdf,ikn.go.id,True,True,True,OK,,3,0,3,laporan kinerja 2025 OTORITA IBU KOTA NUSANTARA persentase masyarakat sejahtera | otorita ibu kota nusantara kegiatan 2025 masyarakat sejahtera [site:ikn.go.id] | otorita ibu kota nusantara capaian 2025 masyarakat sejahtera [site:ikn.go.id],7410,386,8.93
20260917_150324,2026-09-17T15:48:05,watsonx-qwen3-30b-a3b-instruct-2507,serper,0.0,250,1151,Kesehatan,KEMENTERIAN KEPENDUDUKAN DAN PEMBANGUNAN KELUARGA/BADAN KEPENDUDUKAN DAN KELUARGA BERENCANA NASIONAL,KP 04.11.01 - Angka kelahiran remaja umur 15-19 tahun/ Age Specific Fertility Rate (ASFR 15-19),"19,4",(kelahiran hidup per 100 perempuan),True,False,False,False,90,tidak_ada,tidak_ada,"Program belum berjalan, ditandai dengan tidak ditemukannya bukti konkret kegiatan pemerintah, siaran pers, atau capaian di LKj 2025 yang melaporkan pelaksanaan kegiatan terkait penurunan ASFR 15-19 tahun pada tahun 2025. Hanya ditemukan dokumen rencana strategis dan data tahun sebelumnya.","Program berjalan, ditandai dengan Kemenko Bidang Pembangunan Manusia dan Kebudayaan menyampaikan ""Tanggapan atas Kajian Kebijakan Menelaah Implementasi Pendidikan Kesehatan Reproduksi Komprehensif"" secara resmi (3 Desember 2025, disampaikan Deputi Woro Srihastuti Sulistyaningrum) yang memaparkan data terbaru ASFR 15-19 berdasarkan Pendataan Keluarga (PK) 2024, sekaligus mengonfirmasi penurunan angka perkawinan anak dari 6,92% (2023) menjadi 5,90% (2024) sebagai indikator terkait yang saling berkorelasi. Program didukung sistem pengumpulan data resmi BKKBN via portal SIPERINDU yang menyajikan data ASFR 15-19 per wilayah secara berkelanjutan, serta pengumpulan data tahunan oleh dinas terkait di berbagai provinsi (dicontohkan Dinas P3AK Jawa Timur untuk periode 2024-2025",tidak_ada,,False,False,True,OK,,3,0,3,laporan kinerja 2025 BKKBN kelahiran remaja ASFR 15-19 | laporan kinerja 2025 BKKBN kelahiran remaja ASFR 15-19 [site:bkkbn.go.id] | siaran pers BKKBN 2025 kelahiran remaja ASFR 15-19 [site:bkkbn.go.id],7534,306,10.09
20260917_150324,2026-09-17T15:48:13,watsonx-qwen3-30b-a3b-instruct-2507,serper,0.0,251,1156,Kesehatan,KEMENTERIAN KEPENDUDUKAN DAN PEMBANGUNAN KELUARGA/BADAN KEPENDUDUKAN DAN KELUARGA BERENCANA NASIONAL,KP 04.11.03 - Angka prevalensi kontrasepsi modern/ modern contraceptive prevalence rate (mCPR),"61,8",persen,True,False,True,True,90,lkj,2025,"Program berjalan, ditandai dengan pelaksanaan pelatihan pelayanan kontrasepsi bagi bidan oleh BKKBN Kalimantan Tengah dan capaian mCPR 61,7% yang dilaporkan dalam Laporan Kinerja 2025 BKKBN Sumatera Selatan dan BKKBN Kalimantan Tengah.","Program berjalan, ditandai dengan Menteri Kependudukan dan Pembangunan Keluarga Wihaji secara resmi mengonfirmasi prevalensi kontrasepsi modern (mCPR) nasional meningkat mencapai 61,7% (September 2025), seiring turunnya unmet need menjadi 11,1%. Data provinsi menunjukkan variasi capaian, seperti Jawa Tengah mencatat mCPR 65,5% (melampaui target provinsi 65,24%, dipaparkan April 2025), Bengkulu 69,0% (melampaui target nasional RPJMN, Januari 2026), sementara Bali mengalami penurunan ke 59,5% (di bawah rata-rata nasional, evaluasi Desember 2025) yang menunjukkan sistem pendataan (Pendataan Keluarga/PK) berjalan aktif dan detail hingga level provinsi. Kemendukbangga/BKKBN juga meluncurkan ""Pantau KB"" (Pelayanan KB Serentak) di 307 kabupaten/kota prioritas (9-15 Februari 2026) sebagai tindak lanjut konkret memperkuat capaian mCPR di wilayah ""legokan"" (capaian rendah)",https://sumsel.bkkbn.go.id/,sumsel.bkkbn.go.id,True,True,True,OK,,3,0,3,laporan kinerja 2025 BKKBN kontrasepsi modern mCPR | siaran pers BKKBN 2025 kontrasepsi modern mCPR [site:bkkbn.go.id] | Laporan Kinerja BKKBN 2025 kontrasepsi modern mCPR [site:bkkbn.go.id],6990,281,8.57
20260917_150324,2026-09-17T15:48:25,watsonx-qwen3-30b-a3b-instruct-2507,serper,0.0,252,1162,Pendidikan,KEMENTERIAN KEPENDUDUKAN DAN PEMBANGUNAN KELUARGA/BADAN KEPENDUDUKAN DAN KELUARGA BERENCANA NASIONAL,KP 04.16.01 - Persentase calon pengantin yang mendapatkan edukasi pra nikah,45,persen,True,False,True,True,90,media,2025,"Program berjalan, ditandai dengan kegiatan bimbingan perkawinan dan edukasi pra nikah bagi calon pengantin yang dilaksanakan melalui Kampung KB di berbagai daerah, termasuk di Yogyakarta dan Manokwari, dengan fokus pada kesiapan mental, emosional, dan finansial sebelum menikah.","Program berjalan, ditandai dengan pelaksanaan rutin Bimbingan Perkawinan (Bimwin) di berbagai KUA se-Indonesia sepanjang 2025 yang telah dikonfirmasi di Yogyakarta (KUA Gedongtengen, Mei 2025; KUA Gondokusuman, Juli 2025), Jawa Barat (KUA Pacet, September 2025), dan Sulawesi Selatan (KUA Makale, Tana Toraja, Januari 2025) sebagai tindak lanjut Nota Kesepahaman lintas kementerian (Kemenko PMK, BKKBN, Kemenag, Kemenkes, November 2024) dan Peraturan Menteri Agama Nomor 22 Tahun 2024 yang mewajibkan calon pengantin mengikuti bimbingan perkawinan. Program mencakup edukasi Fiqh Munakahat, kesiapan mental-spiritual, dan sosialisasi aplikasi Elsimil untuk skrining risiko stunting",https://kampungkb.kemendukbangga.go.id/kampung/51940/intervensi/2290188/bimbingan-perkawinan-pada-calon-pasangan-usia-subur,kampungkb.kemendukbangga.go.id,True,True,True,OK,,3,1,3,laporan kinerja 2025 BKKBN edukasi pra nikah calon pengantin | edukasi pra nikah calon pengantin 2025 BKKBN [site:kampungkb.kemendukbangga.go.id] | siaran pers BKKBN 2025 edukasi pra nikah calon pengantin [site:bkkbn.go.id],7492,336,11.92
20260917_150324,2026-09-17T15:48:35,watsonx-qwen3-30b-a3b-instruct-2507,serper,0.0,253,1172,Infrastruktur,"BADAN METEOROLOGI, KLIMATOLOGI, DAN GEOFISIKA",KP 08.03.02 - Persentase akurasi keberhasilan modifikasi cuaca,82,persen,True,False,True,True,95,lkj,2025,"Program berjalan, ditandai dengan pelaksanaan 90 operasi modifikasi cuaca sejak Juni 2024 hingga September 2025, serta pencapaian akurasi keberhasilan sebesar 95,90% dalam LAKIP 2025 yang telah dirilis awal 2026 dan melaporkan realisasi tahun 2025.","Program berjalan aktif sepanjang 2025 dengan berbagai Operasi Modifikasi Cuaca (OMC) konkret oleh BMKG: pengendalian banjir Ciliwung-Cisadane (5-8 Maret 2025) dengan efektivitas pengurangan curah hujan 30-60%, operasi 24 jam nonstop penanganan risiko banjir Jabodetabek dengan 18 sorti penerbangan oleh 2 operator (PT Alkonost & PT Makson) hingga 10 Juli 2025, serta operasi penekanan titik panas (hotspot) dan asap karhutla di Kalimantan Barat dan Sumatera Selatan (Juli-Agustus 2025) yang secara langsung diapresiasi Presiden Prabowo Subianto (Pontianak, 4 Agustus 2025). Program diperkuat dengan Rapat Koordinasi Nasional Modifikasi Cuaca 2025 (15 Oktober 2025) yang mempertemukan pelaksana, akademisi, regulator, dan pengguna jasa se-Indonesia",https://ppid.bmkg.go.id/storage/191/QGjV674Cc3mZS66t8xXuUrURPAwVlEZTRM7C7716.pdf,ppid.bmkg.go.id,True,True,True,OK,,3,0,3,laporan kinerja 2025 BMKG modifikasi cuaca akurasi TMC operasi hujan | BMKG operasi modifikasi cuaca 2025 hasil akurasi [site:bmkg.go.id] | LAKIP BMKG 2025 persentase akurasi modifikasi cuaca hasil 2025 [site:ppid.bmkg.go.id],8056,342,10.01
20260917_150324,2026-09-17T15:48:44,watsonx-qwen3-30b-a3b-instruct-2507,serper,0.0,254,1183,Birokrasi,LEMBAGA ADMINISTRASI NEGARA,KP 07.08.02 - Persentase instansi pemerintah yang menerapkan tata kelola kualitas kebijakan yang baik,30,persen,True,False,True,True,90,bappenas,2025,"Program berjalan, ditandai dengan pelaksanaan pengukuran Indeks Kualitas Kebijakan (IKK) 2025 oleh Lembaga Administrasi Negara (LAN) yang mencakup evaluasi tata kelola kualitas kebijakan di instansi pemerintah, serta rilis hasil akhir melalui dokumen resmi pada 2025.","Program berjalan, ditandai dengan rampungnya Pengukuran Nasional Indeks Kualitas Kebijakan (IKK) Tahun 2025 oleh LAN RI, mencakup 646 instansi sasaran dengan tingkat partisipasi 85% (548 instansi), menilai 1.379 kebijakan di 27 sektor. Hasil resmi diumumkan dalam acara Penganugerahan IKK 2025 di Surabaya (25 November 2025), 39% instansi mencapai kualifikasi ""baik"" atau lebih tinggi, melampaui target RPJMN 2025 (30%). Rincian, 6,41% unggul, 22,22% sangat baik, 25,43% baik. Kementerian Hukum meraih Predikat Unggul (salah satu dari 13 instansi terbaik nasional), dan Pemprov Jawa Timur juga meraih predikat unggul",https://ikk.lan.go.id/files/sk-737-2025-penetapan-hasil-ikk-2025.pdf,ikk.lan.go.id,True,True,True,OK,,3,0,3,laporan kinerja 2025 LAN kebijakan tata kelola kualitas instansi | IKK 2025 LAN pengukuran tata kelola kualitas kebijakan [site:lan.go.id] | Kemenkes IKK 2025 capaian tata kelola kualitas kebijakan [site:ikk.lan.go.id],7224,315,9.08
20260917_150324,2026-09-17T15:48:55,watsonx-qwen3-30b-a3b-instruct-2507,serper,0.0,255,1184,Sosial,KEMENTERIAN KOORDINATOR BIDANG PEMBANGUNAN MANUSIA DAN KEBUDAYAAN,PN 04 - Jumlah perolehan medali emas pada paralympic games,4 - 6 (2028),medali,True,False,False,False,90,tidak_ada,tidak_ada,"Program belum berjalan, ditandai dengan tidak ditemukannya bukti konkret pelaksanaan kegiatan pemerintah terkait perolehan medali emas Paralympic Games pada tahun 2025 di dokumen LKj 2025, siaran pers resmi Kemenko PMK, atau sumber resmi lainnya. Hanya terdapat rencana dan target dalam dokumen renstra dan peraturan, tanpa pelaporan capaian nyata pada 2025.","Program berjalan, ditandai dengan kontingen Indonesia meraih 101 medali emas di ASEAN Para Games 2025 Thailand (Januari 2026, hasil kompetisi Desember 2025-Januari 2026) yang telah melampaui target 82 emas, dengan kontribusi terbesar dari para atletik (38 emas) dan para renang (22 emas). NPC Indonesia menggelar Pelatnas Paralympic Training Center di Karanganyar, Jawa Tengah (Mei 2025) dan program pencarian bakat ""Mendobrak Batas"" yang menyasar 38 provinsi (Maret-Desember 2025, target 100 atlet per provinsi usia maksimal 23 tahun) sebagai regenerasi menuju Paralimpiade Los Angeles 2028. Indonesia juga ditunjuk sebagai tuan rumah World Abilitysport Games 2025 (11-21 September 2025, Jakarta) sebagai ajang kualifikasi resmi Paralimpiade 2028, didukung Kemenpora dan Pemprov DKI Jakarta",,,False,False,True,OK,,3,1,3,laporan kinerja 2025 KEMENTERIAN KOORDINATOR BIDANG PEMBANGUNAN MANUSIA DAN KEBUDAYAAN jumlah perolehan medali emas paralympic games | laporan kinerja 2025 KEMENTERIAN KOORDINATOR BIDANG PEMBANGUNAN MANUSIA DAN KEBUDAYAAN paralympic games capaian medali emas [site:kemenkopmk.go.id] | siaran pers KEMENTERIAN KOORDINATOR BIDANG PEMBANGUNAN MANUSIA DAN KEBUDAYAAN paralympic games 2025 capaian medali emas [site:kemenkopmk.go.id],6758,392,11.31
20260917_150324,2026-09-17T15:49:05,watsonx-qwen3-30b-a3b-instruct-2507,serper,0.0,256,1206,Industri,KEMENTERIAN PERDAGANGAN,KP 05.05.01 Jumlah usaha e-commerce di Pulau Kalimantan,192.7,unit (kumulatif),True,False,False,False,90,tidak_ada,tidak_ada,"Program belum berjalan, ditandai dengan tidak ditemukannya bukti konkret kegiatan pemerintah di tahun 2025 terkait peningkatan jumlah usaha e-commerce di Kalimantan. Tidak ada siaran pers, laporan kinerja 2025, atau dokumen e-Monev yang mencatat pelaksanaan kegiatan nyata pada tahun tersebut.","Program berjalan, ditandai dengan publikasi resmi ""Kinerja Perdagangan Melalui Sistem Elektronik (PMSE) 2025"" oleh Kementerian Perdagangan, yang secara khusus memetakan Distribusi Usaha PMSE Berdasarkan Provinsi tahun 2024 di seluruh Indonesia termasuk Kalimantan. Hal ini menunjukkan sistem pendataan e-commerce regional sudah berjalan aktif dan terstruktur. BPS juga rutin melaksanakan Survei E-Commerce nasional mencakup seluruh 38 provinsi dan 365 kabupaten/kota setiap tahunnya sebagai basis data resmi",,,False,False,True,OK,,3,1,3,laporan kinerja 2025 KEMENTERIAN PERDAGANGAN e-commerce Kalimantan | siaran pers KEMENTERIAN PERDAGANGAN e-commerce Kalimantan 2025 [site:kemendag.go.id] | e-Monev RPJMN 2025-2029 KEMENTERIAN PERDAGANGAN e-commerce Kalimantan [site:emonev.bappenas.go.id],6589,299,9.23
20260917_150324,2026-09-17T15:49:13,watsonx-qwen3-30b-a3b-instruct-2507,serper,0.0,257,1213,Industri,KEMENTERIAN PERDAGANGAN,KP 05.05.04 - Kontribusi pangsa pasar ekspor produk pertanian terhadap dunia,"3,28",persen,True,False,True,True,90,lkj,2025,"Program berjalan, ditandai dengan laporan bulanan Ditjen PEN Kementerian Perdagangan yang mencatat realisasi kontribusi pangsa pasar ekspor produk pertanian sebesar 2,49 persen pada tahun 2025, dengan capaian 75,91% dari target 3,28 persen, menunjukkan pelaksanaan kegiatan teknis dan pemantauan berkelanjutan.","Program berjalan, ditandai dengan pernyataan resmi Mendag (Busan) mengonfirmasi surplus neraca perdagangan 2025 mencapai USD 41,05 miliar, dengan sektor pertanian mencatat peningkatan tertinggi dibanding semua sektor lain, naik 21,01% dibanding 2024 mengungguli sektor industri pengolahan (14,47%). BPS juga mengonfirmasi ekspor pertanian, kehutanan, dan perikanan naik 15,6% (Juli 2025, YoY), didorong ekspor minyak kelapa sawit dan produk kimia organik berbasis pertanian. Program diperkuat dengan pemenangan sengketa dagang WTO (biodiesel, produk sawit vs Uni Eropa) yang mengamankan akses pasar senilai Rp7,34 triliun, serta pengembangan 4 Export Center (termasuk Surabaya) untuk mendorong ekspor daerah",https://ditjenpen.kemendag.go.id/storage/laporan/CBxyNkgJxmSMsAjF8haZTiHANYL6Ym3hMYS1xNNI.pdf,ditjenpen.kemendag.go.id,True,True,True,OK,,3,1,3,laporan kinerja 2025 KEMENTERIAN PERDAGANGAN ekspor agro komoditas tani | Laporan Kinerja 2025 Ditjen DAGLU ekspor agro komoditas tani [site:ditjendaglu.kemendag.go.id] | Kementerian Perdagangan ekspor produk pertanian 2025 kegiatan konkret [site:kemendag.go.id],6541,354,8.28
20260917_150324,2026-09-17T15:49:24,watsonx-qwen3-30b-a3b-instruct-2507,serper,0.0,258,1225,Industri,KEMENTERIAN KOMUNIKASI DAN DIGITAL,"KP 05.05.05 - Nilai ekspor jasa telekomunikasi, komputer, dan informasi","2,82",miliar USD,True,False,False,False,90,bappenas,2025,"Program belum berjalan, ditandai dengan tidak ditemukannya bukti konkret kegiatan pemerintah atau capaian realisasi ekspor jasa telekomunikasi, komputer, dan informasi pada tahun 2025 di dokumen resmi Kementerian Komunikasi dan Digital. Hanya ditemukan rencana strategis dan target dalam Renstra 2025-2029 serta laporan kinerja tahun 2024 dan 2021 yang tidak mencatat realisasi tahun 2025.","Program berjalan, ditandai dengan data resmi BPS yang mengonfirmasi sektor Teknologi Informasi dan Komunikasi (TIK) Indonesia tumbuh 8,35% pada 2025, naik dari 7,57% di 2024, dan jauh melampaui pertumbuhan ekonomi nasional (5,11%). Sebagai konteks pendukung terkait, ekspor produk elektronik dan telematika (mencakup telekomunikasi & informasi) mencatat pertumbuhan 16,74% menjadi US$9,38 miliar dalam sembilan bulan pertama, menurut Kementerian Perindustrian. Program didukung basis data resmi BPS ""Nilai Ekspor"" yang dipublikasikan rutin bulanan, termasuk kategori jasa",https://jdih.komdigi.go.id/storage/files/1766139110-PM_16_Tahun_2025_Renstra_Komdigi_2025_2029_JDIH_.pdf,jdih.komdigi.go.id,True,True,True,OK,,3,0,3,laporan kinerja 2025 KEMENTERIAN KOMUNIKASI DAN DIGITAL ekspor jasa telekomunikasi komputer informasi | ekspor jasa telekomunikasi komputer informasi KEMENTERIAN KOMUNIKASI DAN DIGITAL 2025 [site:komdigi.go.id] | ekspor jasa TIK Indonesia 2025 realisasi KEMENTERIAN KOMUNIKASI DAN DIGITAL [site:komdigi.go.id],8275,406,11.43
20260917_150324,2026-09-17T15:49:35,watsonx-qwen3-30b-a3b-instruct-2507,serper,0.0,259,1226,Birokrasi,KEMENTERIAN KOMUNIKASI DAN DIGITAL,KP 07.10.02 - Persentase instansi K/L/Prov yang terhubung dengan JIP,90,persen,True,False,True,True,85,siaran_pers,2025,"Program berjalan, ditandai dengan siaran pers resmi Kementerian Komunikasi dan Digital pada 20 September 2025 yang menyebutkan fokus pada interoperabilitas data sebagai kunci kebijakan tepat sasaran, termasuk dalam konteks JIP.","Program berjalan, ditandai dengan capaian resmi integrasi JIP sebesar 90% (99 dari 109 K/L/D) per akhir 2024, sudah menyentuh target 2025 sejak sebelum tahun 2025 dimulai,  serta indikator ini tercantum resmi dalam Renstra Kementerian Komdigi 2025-2029 (Permenkomdigi No. 16/2025) di bawah Kegiatan Prioritas Pemerintah Digital, dengan kelanjutan penguatan interoperabilitas melalui pembahasan RUU Satu Data Indonesia (Juni 2026) dan pengembangan Pusat Data Nasional sebagai fondasi integrasi JIP-SPLP-PDN",https://www.komdigi.go.id/berita/siaran-pers/detail/integritas-akurasi-dan-interoperabilitas-data-jadi-kunci-kebijakan-tepat-sasaran,www.komdigi.go.id,True,True,True,OK,,3,0,3,laporan kinerja 2025 KEMENTERIAN KOMUNIKASI DAN DIGITAL integrasi data pemerintah JIP interoperabilitas | siaran pers 2025 KEMENTERIAN KOMUNIKASI DAN DIGITAL JIP interoperabilitas data [site:komdigi.go.id] | Laporan Kinerja 2025 KEMENTERIAN KOMUNIKASI DAN DIGITAL JIP [site:komdigi.go.id],7321,325,10.27
20260917_150324,2026-09-17T15:49:44,watsonx-qwen3-30b-a3b-instruct-2507,serper,0.0,260,1233,Birokrasi,KEMENTERIAN KOORDINATOR BIDANG POLITIK DAN KEAMANAN,KP 07.03.02 - Tingkat implementasi keadilan restoratif dalam penegakan hukum,"58,7",persen,True,False,False,False,90,tidak_ada,tidak_ada,"Program belum berjalan, ditandai dengan tidak ditemukannya bukti konkret pelaksanaan kegiatan pemerintah terkait keadilan restoratif pada 2025 di LKjIP Kemenko Polkam, siaran pers resmi, atau e-Monev Bappenas. Hanya ditemukan dokumen renstra pengadilan negeri yang menyebutkan penguatan keadilan restoratif, namun tidak mencerminkan pelaksanaan oleh Kemenko Polkam.","Program berjalan, ditandai dengan Kejaksaan Agung (JAM PIDUM) menyelesaikan 2.080 perkara melalui pendekatan keadilan restoratif sepanjang Januari - Desember 2025, dari total 175.624 SPDP yang ditangani. Infrastruktur pendukung juga diperluas signifikan: 5.103 Rumah Restorative Justice dan 112 Balai Rehabilitasi telah terbentuk di berbagai daerah hingga Desember 2025. Di tingkat wilayah, Kejati Sulawesi Selatan (sebagai pilot project pelaksanaan RJ mandiri) mencatat 129 perkara selesai via RJ hingga September 2025 dengan tren peningkatan persentase dari tahun ke tahun. Landasan hukumnya juga diperkuat lewat pengesahan KUHAP baru (UU No. 20 Tahun 2025) yang untuk pertama kalinya mengatur keadilan restoratif secara eksplisit dan formal (Pasal 79–88), menggantikan pendekatan diskresioner sebelumnya",,,False,False,True,OK,,3,2,3,laporan kinerja 2025 Kemenko Polkam restorative justice penyelesaian non-litigasi | siaran pers Kemenko Polkam 2025 keadilan restoratif mediasi penal rehabilitasi pelaku [site:kemenkopolhukam.go.id] | e-Monev Bappenas 2025 keadilan restoratif penegakan hukum [site:emonev.bappenas.go.id],6316,335,9.42
20260917_150324,2026-09-17T15:50:17,watsonx-qwen3-30b-a3b-instruct-2507,serper,0.0,261,1235,Sosial,KEMENTERIAN PELINDUNGAN PEKERJA MIGRAN INDONESIA/BADAN PELINDUNGAN PEKERJA MIGRAN INDONESIA,KP 02.09.05 - Jumlah kerja sama internasional tentang ketenagakerjaan dan pergerakan tenaga kerja terampil,7,kesepakatan,True,False,True,True,90,siaran_pers,2025,"Program berjalan, ditandai dengan pelatihan pekerja migran terampil seperti plate welder 3G GTAW yang dibuka Menteri Mukhtarudin pada 2025, serta upaya jajak kerja sama bilateral dengan Qatar dan penandatanganan MoU dengan institusi vokasi untuk mendukung penempatan tenaga kerja terampil.","Program berjalan, ditandai dengan Kementerian P2MI menandatangani MoU dengan PP Muhammadiyah untuk pemberdayaan pekerja migran (16 April 2025, Yogyakarta) dengan kesepakatan konkret pertama pasca transisi kelembagaan dari BP2MI menjadi Kementerian P2MI. Kementerian juga aktif menerima kunjungan delegasi internasional untuk penguatan kerja sama ketenagakerjaan migran, termasuk Menteri Tenaga Kerja Turki serta perwakilan Malaysia, Portugal, dan Albania, dikonfirmasi Menteri Mukhtarudin sebagai bukti pengakuan internasional atas peran strategis kementerian dalam tata kelola migrasi pekerja terampil",https://kp2mi.go.id/berita-detail/menteri-mukhtarudin-buka-pelatihan-plate-welder-3g-gtaw-200-calon-pekerja-migran-siap-isi-pasar-kerja-eropa-dan-asia,kp2mi.go.id,True,True,True,OK,,3,0,3,laporan kinerja 2025 KEMENTERIAN PELINDUNGAN PEKERJA MIGRAN INDONESIA kerja sama internasional ketenagakerjaan terampil | siaran pers KEMENTERIAN PELINDUNGAN PEKERJA MIGRAN INDONESIA kerja sama internasional ketenagakerjaan 2025 [site:kp2mi.go.id] | kerja sama internasional ketenagakerjaan terampil 2025 KemenP2MI [site:kp2mi.go.id],8032,379,32.63
20260917_150324,2026-09-17T15:50:28,watsonx-qwen3-30b-a3b-instruct-2507,serper,0.0,262,1239,Birokrasi,KEMENTERIAN PERENCANAAN PEMBANGUNAN NASIONAL/BADAN PERENCANAAN PEMBANGUNAN NASIONAL (BAPPENAS),KP 04.09.04 - Jumlah rekomendasi kebijakan rencana aksi manajemen talenta nasional (MTN),1,rekomendasi kebijakan,True,False,True,True,90,lkj,2025,"Program berjalan, ditandai dengan pencapaian indikator jumlah rekomendasi kebijakan rencana aksi manajemen talenta nasional (MTN) sebanyak 1 pada Laporan Kinerja Kementerian PPN/Bappenas Tahun 2025 yang terbit awal 2026, mencerminkan pelaksanaan kegiatan teknis dan pelaporan tahunan terkait program ini.","Program berjalan, ditandai dengan Kementerian PPN/Bappenas menyelenggarakan serangkaian Focus Group Discussion (FGD) sepanjang 2025 dengan pemerintah daerah di berbagai wilayah untuk menyelaraskan Rencana Aksi Manajemen Talenta Nasional (MTN), sebagai tindak lanjut Perpres No. 108 Tahun 2024 tentang Desain Besar Manajemen Talenta Nasional (DBMTN). Proses konsultasi dan penyusunan ini menghasilkan rekomendasi kebijakan resmi yang terwujud sebagai Peraturan Menteri PPN/Kepala Bappenas No. 1 Tahun 2026 tentang Rencana Aksi Desain Besar Manajemen Talenta Nasional Tahun 2025 - 2029, ditetapkan 7 Januari 2026, dokumen inilah yang menjadi ""rekomendasi kebijakan"" yang dimaksud indikator ini. Tahap Penguatan Pelaksanaan DBMTN 2025-2029 secara resmi telah dimulai pada 2025, dengan fokus penguatan kelembagaan penyelenggaraan MTN lintas K/L, provinsi, dan kabupaten/kota",https://perpustakaan.bappenas.go.id/e-library/file_upload/koleksi/dokumenbappenas/konten/Dokumen%202026/F_LAPORAN%20KINERJA%20KEMENTERIAN%202025_110326_1619.pdf,perpustakaan.bappenas.go.id,True,True,True,OK,,3,0,3,laporan kinerja 2025 BAPPENAS manajemen talenta nasional rekomendasi kebijakan | rekomendasi kebijakan manajemen talenta nasional 2025 BAPPENAS [site:bappenas.go.id] | rencana aksi manajemen talenta nasional 2025 capaian rekomendasi kebijakan [site:bappenas.go.id],8124,381,11.6
20260917_150324,2026-09-17T15:50:38,watsonx-qwen3-30b-a3b-instruct-2507,serper,0.0,263,1248,Sosial,KEMENTERIAN AGRARIA DAN TATA RUANG/BADAN PERTANAHAN NASIONAL,KP 06.03.03 - Persentase rumah tangga miskin yang memiliki aset lahan,"47,16",persen,True,False,False,False,90,media,2025,"Program belum berjalan, ditandai dengan tidak ditemukannya bukti konkret pelaksanaan kegiatan penyerahan sertifikat atau reforma agraria untuk rumah tangga miskin pada 2025 di sumber resmi Kementerian ATR/BPN. Hanya ditemukan dokumen rencana dan informasi umum tentang PTSL tanpa capaian tahun 2025.","Program berjalan dan melampaui target, ditandai dengan capaian resmi ATR/BPN: legalisasi aset lahan mencapai 10,7 juta hektare atau 238% dari target 4,5 juta hektare dalam 100 hari pertama kerja kementerian di bawah Menteri Nusron Wahid. Pemerintah menyusun ulang cetak biru Reforma Agraria mengubahnya dari sekadar legalisasi aset menjadi instrumen pengentasan kemiskinan ekstrem yang terukur (Rakor Pemanfaatan Lahan/Agraria, 24 November 2025, Kemenko PM), sesuai amanat Inpres No. 8 Tahun 2025 yang menargetkan kemiskinan ekstrem 0% pada 2026. Bukti eksekusi lapangan konkret: Rakor percepatan Reforma Agraria Provinsi Lampung (29 Juli 2025) menghasilkan kesepakatan penyertifikatan tanah wakaf dan penyelesaian kendala BPHTB untuk 13% tanah yang belum tersertifikasi dari 3,7 juta hektare yang sudah terpetakan",https://kab-bengkuluutara.atrbpn.go.id/berita/berita-1-faktor,kab-bengkuluutara.atrbpn.go.id,True,True,True,OK,,3,1,3,laporan kinerja 2025 Kementerian Agraria dan Tata Ruang Badan Pertanahan Nasional aset lahan rumah tangga miskin | reforma agraria 2025 aset lahan rumah tangga miskin Kementerian ATR/BPN [site:djpa.atrbpn.go.id] | penyerahan sertifikat tanah 2025 rumah tangga miskin Kementerian ATR/BPN [site:atrbpn.go.id],6260,345,10.12
20260917_150324,2026-09-17T15:50:50,watsonx-qwen3-30b-a3b-instruct-2507,serper,0.0,264,1260,Infrastruktur,KEMENTERIAN DALAM NEGERI,KP 02.12.07 - Jumlah provinsi dan kabupaten/kota yang memiliki Perda terkait tata kelola air limbah domestik,150,kab/kota,True,False,True,True,90,bappenas,2025,"Program berjalan, ditandai dengan terbitnya Peraturan Menteri Dalam Negeri Nomor 14 Tahun 2025 tentang Pengelolaan Air Limbah yang menjadi dasar hukum bagi pemerintah daerah untuk menyusun Perda terkait tata kelola air limbah domestik pada tahun 2025.","Program berjalan, ditandai dengan penetapan Peraturan Menteri Lingkungan Hidup/Kepala BPLH Nomor 11 Tahun 2025 tentang Baku Mutu dan Standar Teknologi Pengolahan Air Limbah Domestik. Regulasi resmi tingkat nasional yang menjadi acuan teknis bagi daerah dalam menyusun Perda. Kemendagri (Ditjen Bangda) aktif memantau dan memfasilitasi penyusunan Perda di daerah, dengan data terkini mengonfirmasi 113 Kabupaten/Kota telah memiliki Perda Pengelolaan Air Limbah Domestik. Bukti dorongan di tingkat daerah: Kabupaten Gunung Mas (Kalimantan Tengah) secara eksplisit mengidentifikasi kebutuhan mendesak Perda Air Limbah Domestik sebagai respons pertumbuhan penduduk",https://jdih.kemendagri.go.id/common/dokumen/Permendagri%20No.%2014%20Tahun%202025.pdf,jdih.kemendagri.go.id,True,True,True,OK,,3,0,3,laporan kinerja 2025 KEMENTERIAN DALAM NEGERI perda limbah tata kelola sanitasi daerah | perda air limbah domestik tata kelola sanitasi daerah 2025 KEMENTERIAN DALAM NEGERI [site:kemendagri.go.id] | Perda air limbah domestik tata kelola sanitasi daerah 2025 KEMENTERIAN DALAM NEGERI [site:jdih.kemendagri.go.id],7399,348,11.38
20260917_150324,2026-09-17T15:51:00,watsonx-qwen3-30b-a3b-instruct-2507,serper,0.0,265,1270,Birokrasi,KEMENTERIAN DALAM NEGERI,KP 07.01.01 - Persentase parpol yang tepat waktu menyampaikan laporan pertanggungjawaban bantuan keuangan parpol setelah diaudit oleh BPK kepada mendagri,100,persen,True,False,False,False,90,bappenas,2025,"Program belum berjalan, ditandai dengan tidak ditemukannya bukti konkret kegiatan pemerintah terkait pelaporan bantuan keuangan parpol setelah audit BPK pada 2025. Hanya ditemukan dokumen peraturan dan rencana, seperti Permendagri No. 9 dan 14 Tahun 2025, serta laporan keuangan daerah yang disebut telah diaudit, namun tanpa informasi tentang pelaksanaan evaluasi atau pelaporan oleh parpol kepada Mendagri sesuai indikator.","Program berjalan, ditandai dengan BPK RI menyerahkan Laporan Hasil Pemeriksaan (LHP) atas pertanggungjawaban penerimaan dan pengeluaran Bantuan Keuangan Partai Politik Tahun Anggaran 2025 secara bersamaan kepada delapan partai politik dan Dirjen Politik dan Pemerintahan Umum (Polpum) Kemendagri, pada 22 Juni 2026 dengan kesimpulan laporan telah sesuai dengan kriteria perundang-undangan (dicontohkan DPP PKS). Proses ini menunjukkan siklus lengkap program berjalan: parpol menyampaikan LPJ Tahun Anggaran 2025 (batas waktu 31 Januari 2026), diaudit BPK, dan hasilnya diserahkan resmi ke Kemendagri sesuai persis dengan mekanisme yang diatur indikator ini",https://jdih.kemendagri.go.id/common/dokumen/Permendagri%20No.%209%20Tahun%202025.pdf,jdih.kemendagri.go.id,True,True,True,OK,,3,0,3,laporan kinerja 2025 KEMENTERIAN DALAM NEGERI persentase parpol tepat waktu sampaikan laporan bantuan keuangan setelah audit BPK | KEMENTERIAN DALAM NEGERI laporan pertanggungjawaban parpol bantuan keuangan audit BPK 2025 [site:ppid.kemendagri.go.id] | KEMENTERIAN DALAM NEGERI rapat evaluasi bantuan keuangan parpol 2025 audit BPK [site:kemendagri.go.id],7803,412,10.66
20260917_150324,2026-09-17T15:51:11,watsonx-qwen3-30b-a3b-instruct-2507,serper,0.0,266,1272,Birokrasi,KEMENTERIAN DALAM NEGERI,KP 07.01.02 - Persentase penduduk yang menggunakan Identitas Kependudukan Digital (IKD) bagi penduduk wajib KTP,10,persen,True,False,True,True,90,lkj,2025,"Program berjalan, ditandai dengan aktivasi IKD mencapai 17,56 juta pengguna pada 2025, serta kegiatan sosialisasi dan layanan langsung di berbagai daerah seperti LivinFest 2025 dan pelayanan di desa Tulungrejo.","Program berjalan, ditandai dengan capaian aktivasi IKD nasional mencapai 17,56 juta jiwa (8,29% dari wajib KTP-el) hingga akhir 2025 meningkat lebih dari 4,25 juta aktivasi dibanding tahun sebelumnya. Ditjen Dukcapil Kemendagri aktif menggelar Rakornas 2025 yang membahas strategi percepatan IKD sebagai bagian dari transformasi digital nasional dan Digital Public Infrastructure (DPI). Program terus berlanjut ke 2026 dengan pengguna aktif IKD menembus 20,5 juta per Juli 2026, didukung Bimtek Peningkatan Pemanfaatan Data Kependudukan dan pengembangan fitur aktivasi mandiri via liveness detection",https://dukcapil.kemendagri.go.id/blog/read/ditjen-dukcapil-lampaui-target-kinerja-2025-layanan-data-kependudukan-kian-terintegrasi,dukcapil.kemendagri.go.id,True,True,True,OK,,3,0,3,laporan kinerja 2025 KEMENTERIAN DALAM NEGERI IKD digital transformasi digital layanan kependudukan | IKD digital aktivasi 2025 Kemendagri [site:dukcapil.kemendagri.go.id] | Laporan Kinerja 2025 KEMENTERIAN DALAM NEGERI IKD digital [site:dukcapil.kemendagri.go.id],7731,324,11.0
20260917_150324,2026-09-17T15:51:24,watsonx-qwen3-30b-a3b-instruct-2507,serper,0.0,267,1275,Infrastruktur,KEMENTERIAN DALAM NEGERI,KP 07.09.03 - Jumlah provinsi yang memenuhi belanja infrastruktur pelayanan publik,19,provinsi,True,False,False,False,90,tidak_ada,tidak_ada,"Program belum berjalan, ditandai dengan tidak ditemukannya bukti konkret kegiatan pemerintah terkait jumlah provinsi yang memenuhi belanja infrastruktur pelayanan publik pada tahun 2025 dalam dokumen LKj 2025, siaran pers resmi K/L, atau sumber resmi lainnya. Hanya ditemukan dokumen perencanaan dan kerangka kerja, tanpa capaian atau pelaksanaan nyata.","Program berjalan, ditandai dengan penerapan mandatory spending belanja infrastruktur pelayanan publik minimal 40% dari total belanja daerah (fokus PU, Perkim, Perhubungan), diatur dalam Permendagri No. 15 Tahun 2024 tentang Pedoman Penyusunan APBD TA 2025. Kemendagri aktif mengawal implementasinya lewat evaluasi APBD tiap provinsi, yang dicontohkan evaluasi APBD DIY 2025 yang secara eksplisit merasionalisasi anggaran untuk memperkuat alokasi infrastruktur pelayanan publik sebelum disahkan (efektif 1 Januari 2025). Kemendagri juga menggelar Rapat Koordinasi Percepatan Realisasi APBD 2025 (8 Mei 2025) yang memantau progres penyerapan belanja daerah per provinsi secara real-time, dengan Jawa Barat sebagai provinsi realisasi tertinggi (21,91%)",tidak_ada,,False,False,True,OK,,3,0,3,laporan kinerja 2025 KEMENTERIAN DALAM NEGERI belanja infrastruktur layanan publik | laporan kinerja 2025 KEMENTERIAN DALAM NEGERI jumlah provinsi belanja infrastruktur pelayanan publik [site:kemendagri.go.id] | siaran pers KEMENTERIAN DALAM NEGERI 2025 belanja infrastruktur pelayanan publik jumlah provinsi [site:kemendagri.go.id],7636,339,12.86
20260917_150324,2026-09-17T15:51:33,watsonx-qwen3-30b-a3b-instruct-2507,serper,0.0,268,1280,Pangan,KEMENTERIAN INVESTASI DAN HILIRISASI/BADAN KOORDINASI PENANAMAN MODAL,KP 02.22.04 - Nilai realisasi PMA/PMDN hilirisasi garam,7.379.000,juta rupiah,True,False,True,True,90,lkj,2025,"Program berjalan, ditandai dengan data realisasi PMA/PMDN hilirisasi garam tahun 2025 yang tersedia di portal resmi BKPM, termasuk proyek dari investor asing di Nusa Tenggara Timur dan Jawa Barat.","Program berjalan, ditandai dengan penetapan Peraturan Presiden Nomor 17 Tahun 2025 tentang Percepatan Pembangunan Pergaraman Nasional yang menargetkan swasembada garam pada 2027, mencakup strategi intensifikasi tambak, ekstensifikasi lahan, modernisasi teknologi evaporasi (metode evaporasi tertutup, teknologi SWRO), dan pembangunan infrastruktur produksi. PT Garam berkomitmen mempercepat hilirisasi lewat penerapan teknologi MVR dan investasi pembangunan pabrik. Program Hilirisasi Garam juga secara eksplisit disebut Wakil Menteri Investasi dan Hilirisasi sebagai salah satu dari 77 Proyek Strategis Nasional (PSN) 2025-2029 yang ditawarkan kepada investor asing (dicontohkan forum dengan 40 investor Australia, 20 Maret 2025). Secara makro, realisasi investasi hilirisasi nasional (mencakup sektor mineral, perkebunan, kehutanan) melonjak 43,3% sepanjang 2025, mencapai Rp584,1 triliun (30,2% dari total investasi nasional)",https://data.bkpm.go.id/dataset-view/nilai-realisasi-pmapmdn-hilirisasi-garam-tahun-2025,data.bkpm.go.id,True,True,True,OK,,3,0,3,laporan kinerja 2025 BKPM garam hilirisasi investasi | laporan kinerja 2025 BKPM garam hilirisasi investasi [site:bkpm.go.id] | realisasi PMA PMDN hilirisasi garam 2025 BKPM [site:bkpm.go.id],7574,279,8.22
20260917_150324,2026-09-17T15:51:42,watsonx-qwen3-30b-a3b-instruct-2507,serper,0.0,269,1282,Industri,KEMENTERIAN INVESTASI DAN HILIRISASI/BADAN KOORDINASI PENANAMAN MODAL,KP 05.01.02 - Nilai realisasi PMA/PMDN hilirisasi tembaga,45.933.000,juta rupiah,True,False,True,True,90,bappenas,2025,"Program berjalan, ditandai dengan publikasi data realisasi PMA/PMDN hilirisasi tembaga tahun 2025 di portal Satu Data BKPM, yang menunjukkan adanya pelaporan dan pemantauan kegiatan investasi hilirisasi tembaga secara resmi oleh Kementerian Investasi dan Hilirisasi/BKPM.","Program berjalan, ditandai dengan capaian resmi BKPM. Realisasi investasi hilirisasi 2025 melompat 43,3%, dengan industri logam dasar sebagai sektor penyerap investasi asing terbesar (USD3,5 miliar pada Triwulan III 2025) dan kontribusi terbesar keseluruhan tahun (Rp65,6 triliun dari industri logam dasar, barang logam bukan mesin dan peralatannya). Bukti proyek spesifik, smelter tembaga PT Freeport Indonesia (PTFI) di Gresik, yang merupakan proyek smelter tembaga terbesar dunia, telah mencapai realisasi investasi US$2,2 miliar dari total US$3 miliar, menyerap 15.000 tenaga kerja, dan mulai berproduksi menghasilkan katoda tembaga, emas, dan perak batangan sejak akhir 2024/awal 2025. BKPM juga mempublikasikan dataset terbuka resmi realisasi PMA/PMDN per komoditas hilirisasi (dicontohkan dataset serupa untuk timah tersedia di portal data terbuka BKPM)",https://data.bkpm.go.id/dataset-detail/nilai-realisasi-pmapmdn-hilirisasi-tembaga-tahun-2025,data.bkpm.go.id,True,True,True,OK,,3,0,3,laporan kinerja 2025 BKPM tembaga hilirisasi investasi | realisasi PMA PMDN hilirisasi tembaga 2025 BKPM [site:bkpm.go.id] | realisasi PMA PMDN hilirisasi tembaga 2025 data BKPM [site:data.bkpm.go.id],7541,306,9.92
20260917_150324,2026-09-17T15:51:52,watsonx-qwen3-30b-a3b-instruct-2507,serper,0.0,270,1287,Pangan,KEMENTERIAN INVESTASI DAN HILIRISASI/BADAN KOORDINASI PENANAMAN MODAL,KP 05.01.06 - Nilai realisasi PMA/PMDN hilirisasi kelapa,392.21,juta rupiah,True,False,True,True,90,bappenas,2025,"Program berjalan, ditandai dengan tersedianya data realisasi PMA/PMDN hilirisasi kelapa tahun 2025 di platform resmi BKPM (data.bkpm.go.id), yang menunjukkan pelaporan dan pemantauan kegiatan investasi hilirisasi komoditas kelapa secara aktif selama tahun 2025.","Program berjalan, ditandai dengan dimulainya konstruksi pabrik hilirisasi kelapa senilai US$100 juta (Rp1,66 triliun) di Morowali, Sulawesi Tengah, hasil investasi Zhejiang FreeNow Food Co.Ltd (China) bersama konsorsium China-Indonesia yang telah dikonfirmasi Menteri BKPM Rosan Roeslani dalam konferensi pers Triwulan III 2025 (17 Oktober 2025) dan Kompas 100 CEO Forum (26 November 2025). Proyek fase pertama menyerap 5.000 tenaga kerja, dengan total penyerapan diproyeksikan 10.000 pekerja setelah tiga fase rampung",https://data.bkpm.go.id/dataset-detail/nilai-realisasi-pmapmdn-hilirisasi-kelapa-tahun-2025,data.bkpm.go.id,True,True,True,OK,,3,0,3,laporan kinerja 2025 BKPM kelapa hilirisasi agroindustri investasi | realisasi PMA PMDN hilirisasi kelapa 2025 BKPM [site:bkpm.go.id] | realisasi PMA PMDN hilirisasi kelapa 2025 data BKPM [site:data.bkpm.go.id],7766,306,9.47
20260917_150324,2026-09-17T15:52:01,watsonx-qwen3-30b-a3b-instruct-2507,serper,0.0,271,1305,Kesehatan,KEMENTERIAN KESEHATAN,KP 04.11.04 - Persentase penduduk penerima pemeriksaan kesehatan gratis kelompok lanjut usia,50,persen,True,False,True,True,90,siaran_pers,2025,"Program berjalan, ditandai dengan pelaksanaan Program Cek Kesehatan Gratis (CKG) untuk lansia sejak 10 Februari 2025 di seluruh puskesmas, termasuk pemeriksaan skrining kesehatan fisik dan mental sesuai fokus Kemenkes 2025.","Program berjalan, ditandai dengan Program Cek Kesehatan Gratis (CKG/PKG) yang resmi berlaku nasional sejak 10 Februari 2025, mencakup pemeriksaan khusus lansia (usia >60 tahun) dengan 7 jenis skrining yaitu, geriatri, kardiovaskular, paru, kanker, fungsi indra, kesehatan jiwa, dan hati yang telah diatur dalam Kepmenkes No. HK.01.07/MENKES/33/2025. Realisasi konkret: hingga 16 Maret 2025, program menjangkau lebih dari 777.000 pendaftar dari 9.285 Puskesmas di 502 kabupaten/kota dan 38 provinsi (mencakup seluruh kelompok usia termasuk lansia), dengan Kabupaten Lamongan sebagai wilayah partisipasi tertinggi. Peserta dapat mendaftar via aplikasi SATUSEHAT Mobile atau langsung ke Puskesmas terdekat, dengan hasil pemeriksaan terintegrasi digital",https://kemkes.go.id/id/cek-kesehatan-gratis-kado-ulang-tahun-dimulai-10-februari-2025,kemkes.go.id,True,True,True,OK,,3,0,3,laporan kinerja 2025 Kementerian Kesehatan pemeriksaan lansia | laporan kinerja 2025 Kementerian Kesehatan skrining lansia [site:kemkes.go.id] | siaran pers Kementerian Kesehatan 2025 pemeriksaan lansia gratis [site:kemkes.go.id],7641,323,9.16
20260917_150324,2026-09-17T15:52:12,watsonx-qwen3-30b-a3b-instruct-2507,serper,0.0,272,1313,Kesehatan,KEMENTERIAN KESEHATAN,KP 04.13.02 - Cakupan pemberian obat pencegahan massal (POPM) untuk schistosomiasis,"87,2",persen,True,False,True,True,90,bappenas,2025,"Program berjalan, ditandai dengan pelaksanaan Pemberian Obat Pencegahan Massal (POPM) Schistosomiasis menggunakan Praziquantel di desa yang masih memiliki endemisitas, sebagaimana disebutkan dalam dokumen RAP Ditjen Penanggulangan Penyakit Tahun 2025 yang diterbitkan oleh Kemenkes.","Program berjalan, ditandai dengan terlaksananya Pemberian Obat Pencegahan Massal (POPM) Putaran 1 dan Putaran 2 Tahun 2025 di wilayah endemis Kabupaten Poso dan Sigi, Sulawesi Tengah, sebagaimana tercatat dalam Profil Dinas Kesehatan Provinsi Sulawesi Tengah 2025 (mencakup data cakupan POPM per putaran dan tren prevalensi schistosomiasis pada manusia). Bukti eksekusi lapangan berkelanjutan pada laporan lapangan BenarNews (Maret 2025) mengungkap tantangan nyata implementasi yang termasuk kelangkaan stok obat impor dari Jerman (didonasikan via WHO), namun mengonfirmasi program tetap berjalan aktif menuju target eliminasi schistosomiasis sebagai masalah kesehatan masyarakat pada 2025",https://bbkkmakassar.kemkes.go.id/assets/files/RAP_Ditjen_Penanggulangan_Penyakit_Tahun_2025-2029.pdf,bbkkmakassar.kemkes.go.id,True,True,True,OK,,3,0,3,laporan kinerja 2025 Kementerian Kesehatan cakupan obat pencegahan massal schistosomiasis | Kemenkes obat pencegahan massal schistosomiasis 2025 [site:kemkes.go.id] | cakupan obat pencegahan massal schistosomiasis 2025 Kemenkes [site:kemkes.go.id],7637,344,10.97
20260917_150324,2026-09-17T15:52:21,watsonx-qwen3-30b-a3b-instruct-2507,serper,0.0,273,1315,Kesehatan,KEMENTERIAN KESEHATAN,KP 04.13.03 - Jumlah kab/kota yang mencapai positivity rate malaria <5%,405,kab/kota,True,False,True,True,85,media,2025,"Program berjalan, ditandai dengan validasi data program malaria semester I 2025 oleh Kementerian Kesehatan dan pelaporan capaian positivity rate <5% di slide presentasi capaian kinerja malaria 2025 yang menyebutkan pencapaian 4.2%.","Program berjalan, ditandai dengan pemberian sertifikat eliminasi malaria kepada berbagai kabupaten/kota sepanjang 2025, dengan capaian mencapai 476 dari 514 kabupaten/kota (79%) bebas dari kasus malaria yang melampaui target 2025 (405 kab/kota). Tiga syarat mutlak yang harus dipenuhi setiap kab/kota untuk meraih sertifikat ini adalah Annual Parasite Incidence (API) kurang dari 1 per 1.000 penduduk, positivity rate kurang dari 5%, dan tidak ada kasus indigenous. Kemenkes menjalankan implementasi ini di bawah kerangka Peta Jalan Eliminasi Malaria dan Pencegahan Penularan Kembali 2025-2045 (Kepmenkes No. HK.01.07/MENKES/1988/2024)",https://id.scribd.com/document/1004924862/Capaian-Kinerja-Malaria-2025-Lengkap,id.scribd.com,False,True,True,OK,,3,1,3,laporan kinerja 2025 Kementerian Kesehatan positivity rate malaria eliminasi malaria | validasi data program malaria semester I 2025 Kementerian Kesehatan [site:malaria.kemkes.go.id] | capaian kinerja malaria 2025 positivity rate <5% Kementerian Kesehatan [site:malaria.kemkes.go.id],7425,304,8.73
20260917_150324,2026-09-17T15:52:31,watsonx-qwen3-30b-a3b-instruct-2507,serper,0.0,274,1317,Kesehatan,KEMENTERIAN KESEHATAN,KP 04.13.04 - Persentase penderita hipertensi mendapatkan pelayanan kesehatan sesuai standar,5,persen,True,False,False,False,90,tidak_ada,tidak_ada,"Program belum berjalan, ditandai dengan tidak ditemukannya bukti konkret kegiatan pemerintah atau capaian pelaksanaan pelayanan hipertensi sesuai standar pada tahun 2025 di dokumen LKj/LAKIP 2025, siaran pers resmi, atau sumber lain yang mengonfirmasi pelaksanaan nyata. Hanya ditemukan dokumen kebijakan dan rencana strategis tanpa indikasi pelaksanaan fisik atau teknis.","Program berjalan, ditandai dengan Badan Kebijakan Pembangunan Kesehatan (BKPK) Kemenkes memaparkan capaian Standar Pelayanan Minimal (SPM) Kesehatan dalam Rapat Kerja Kesehatan Nasional (Rakerkesnas), mengonfirmasi capaian layanan hipertensi nasional sebesar 73% (2023) dari rata-rata SPM Kab/Kota 82. Kemenkes memperkuat regulasi lewat Permenkes No. 6 Tahun 2024 (penyempurnaan Permenkes No. 4/2019) yang menetapkan metode perhitungan Indeks Pencapaian SPM (IPSPM) baru. Implementasi konkret di daerah terus berjalan sepanjang 2025, dicontohkan Dinas Kesehatan Kabupaten Kampar yang menerbitkan Laporan Tahunan SPM 2025 dan penggunaan aplikasi digital terintegrasi oleh Dinas Kesehatan Kabupaten Cianjur untuk mendukung pencapaian target deteksi dini Penyakit Tidak Menular (PTM) termasuk hipertensi",tidak_ada,,False,False,True,OK,,3,0,3,laporan kinerja 2025 KEMENTERIAN KESEHATAN layanan hipertensi standar hipertensi pengelolaan hipertensi | laporan kinerja 2025 KEMENTERIAN KESEHATAN pengelolaan hipertensi pelayanan sesuai standar [site:kemkes.go.id] | siaran pers KEMENTERIAN KESEHATAN 2025 pengelolaan hipertensi pelayanan sesuai standar [site:kemkes.go.id],7523,352,10.05
20260917_150324,2026-09-17T15:52:40,watsonx-qwen3-30b-a3b-instruct-2507,serper,0.0,275,1319,Kesehatan,KEMENTERIAN KESEHATAN,KP 04.13.04 - Persentase perempuan dengan lesi pra kanker serviks yang mendapat pengobatan sesuai protokol,20,persen,True,False,True,True,90,siaran_pers,2025,"Program berjalan, ditandai dengan penyelenggaraan Forum Global Ke-2 Eliminasi Kanker Serviks di Bali pada 17-19 Juni 2025 oleh Kemenkes, yang mencakup tindak lanjut pengobatan lesi pra kanker serviks sesuai protokol.","Program berjalan, ditandai dengan integrasi resmi skrining kanker leher rahim ke dalam Program Cek Kesehatan Gratis (CKG) oleh Kemenkes yang mencakup pemeriksaan DNA HPV dan self-sampling, dengan penanganan lesi pra-kanker (termasuk terapi ablasi termal) telah disiapkan di fasilitas layanan primer seperti puskesmas untuk tindak lanjut langsung hasil skrining. Bukti eksekusi lapangan konkret: RSUD Sekayu bersama TP PKK Musi Banyuasin menyelenggarakan ""Skrining Lesi Pra Kanker Serviks berbasis AI TeleOTIVA"" (23 September 2025) dengan akurasi deteksi >80%, ditujukan bagi 100 perempuan usia 15-60 tahun",https://www.badankebijakan.kemkes.go.id/forum-global-ke-2-eliminasi-kanker-serviks-komitmen-nyata-menuju-eliminasi-kanker-serviks/,www.badankebijakan.kemkes.go.id,True,True,True,OK,,3,0,3,laporan kinerja 2025 Kementerian Kesehatan lesi pra kanker serviks pengobatan protokol | Kemenkes Bertekad Mempercepat Eliminasi Kanker Serviks [site:kemkes.go.id] | laporan kinerja 2025 Kementerian Kesehatan eliminasi kanker serviks lesi pra kanker pengobatan protokol [site:kemkes.go.id],7283,329,8.88
20260917_150324,2026-09-17T15:52:50,watsonx-qwen3-30b-a3b-instruct-2507,serper,0.0,276,1320,Kesehatan,KEMENTERIAN KESEHATAN,KP 04.13.04 - Cakupan imunisasi HPV,90,persen,True,False,True,True,90,siaran_pers,2025,"Program berjalan, ditandai dengan pelaksanaan vaksinasi HPV secara merata di 34 provinsi pada tahun 2025, sebagaimana disampaikan dalam siaran pers Kemenkes yang menyatakan pemberian vaksin HPV kepada anak perempuan kelas 5 dan 6 SD secara nasional.","Program berjalan, ditandai dengan perubahan kebijakan resmi Kemenkes yang dimulai sejak 2025 dengan jumlah dosis imunisasi HPV diubah dari 2 dosis menjadi 1 dosis (mengikuti rekomendasi SAGE-WHO), dilaksanakan melalui Bulan Imunisasi Anak Sekolah (BIAS) bagi siswi kelas 5 SD, sesuai Kepmenkes No. HK.01.07/MENKES/2176/2023. Cakupan dosis pertama sebelumnya telah mencapai 95% (data 2024), dan program terus diperluas dan dikonfirmasi lewat kebijakan lanjutan vaksin HPV untuk anak laki-laki yang mulai diperkenalkan Agustus 2026 di 3 provinsi percontohan (DKI Jakarta, DIY, Bali), dengan syarat cakupan HPV anak perempuan di wilayah tersebut sudah mencapai minimal 90%, yang mana hal itu menunjukkan sistem monitoring capaian per-wilayah berjalan aktif dan digunakan sebagai basis pengambilan kebijakan",https://kemkes.go.id/id/hati-hati-cakupan-imunisasi-rendah-berpotensi-klb,kemkes.go.id,True,True,True,OK,,3,0,3,laporan kinerja 2025 Kementerian Kesehatan imunisasi hpv cakupan | laporan kinerja 2025 Kementerian Kesehatan imunisasi hpv cakupan [site:kemkes.go.id] | siaran pers Kementerian Kesehatan 2025 imunisasi hpv cakupan [site:kemkes.go.id],7864,318,10.38
20260917_150324,2026-09-17T15:52:59,watsonx-qwen3-30b-a3b-instruct-2507,serper,0.0,277,1330,Kesehatan,KEMENTERIAN KESEHATAN,KP 04.13.06 - Kab/kota sanitasi total berbasis masyarakat,30,kab/kota,True,False,True,True,90,siaran_pers,2025,"Program berjalan, ditandai dengan pemberian penghargaan STBM kepada 169 kabupaten/kota oleh Kementerian Kesehatan pada tahun 2025, yang menunjukkan pelaksanaan kegiatan pemerintah secara konkret dalam mendukung pencapaian sanitasi total berbasis masyarakat.","Program berjalan, ditandai dengan Kementerian Kesehatan RI resmi memberikan STBM Award kepada berbagai kabupaten/kota se-Indonesia melalui Keputusan Menteri Kesehatan RI Nomor HK.01.07/MENKES/1125/2025 tentang Penganugerahan Tanda Penghargaan Kabupaten/Kota Sehat (KKS) Tahun 2025 dan dicontohkan Kabupaten Klaten meraih STBM Award kategori Paripurna (peringkat 5 terbaik nasional, diumumkan 28 November 2025) berdasarkan penilaian lima pilar STBM (SBS, CTPS, PAMMRT, PSRT, PALDRT). Bukti eksekusi lapangan konkret dari tim verifikasi lapangan Kemenkes langsung menilai kondisi sanitasi di 12 desa/kelurahan Kabupaten Sidoarjo (Juli 2026) sebagai bagian proses sertifikasi status ""Kabupaten STBM 5 Pilar"". Program didukung kegiatan verifikasi rutin di tingkat desa (dicontohkan Kabupaten Tana Tidung) dan Bimtek Peningkatan Kapasitas Pelaksanaan Program STBM Berkelanjutan (Januari 2025)",https://kemkes.go.id/id/%20169-kabupaten-kota-terima-penghargaan-swasti-saba-dan-stbm,kemkes.go.id,True,True,True,OK,,3,0,3,laporan kinerja 2025 Kementerian Kesehatan sanitasi total berbasis masyarakat | laporan kinerja 2025 Kementerian Kesehatan STBM [site:kemkes.go.id] | Kementerian Kesehatan 2025 sanitasi total berbasis masyarakat capaian [site:kemkes.go.id],7407,306,8.66
20260917_150324,2026-09-17T15:53:08,watsonx-qwen3-30b-a3b-instruct-2507,serper,0.0,278,1359,Pendidikan,KEMENTERIAN AGAMA,KP 04.02.03 - Persentase peserta didik yang mencapai standar kompetensi minimum (Numerasi),"52,55",persen,True,False,True,True,90,siaran_pers,2025,"Program berjalan, ditandai dengan pelaksanaan kegiatan penguatan numerasi di Madrasah Tsanawiyah Kabeloa Alkhairaat, Kabupaten Sigi, Sulawesi Tengah pada 14 Maret 2025, serta pelatihan guru madrasah di Maluku pada September 2025 yang fokus pada peningkatan numerasi peserta didik.","Program berjalan, ditandai dengan pelaksanaan Asesmen Madrasah (AM) Tahun 2025 oleh Kemenag sesuai POS resmi, dengan jadwal jenjang MTs dilaksanakan 21-26 April 2025 dengan mengukur pencapaian kompetensi siswa madrasah termasuk numerasi sesuai Standar Kompetensi Lulusan yang ditetapkan Kemenag. Pelaksanaan asesmen ini terkonfirmasi berjalan di tingkat satuan pendidikan (dicontohkan MTs Al Islamiyah AMZ, Mei 2025), sebagai bagian sistem evaluasi mutu pendidikan madrasah yang berkelanjutan menggantikan UAMBN/UN",https://sulteng.kemenag.go.id/giat/ezwj/14-03-2025-penguatan-literasi-numerasi:-mts-kabeloa-alkhairaat-kab.-sigi-satu-satunya-di-sulawesi-tengah-sebagai-tujuan-pisa?giat-madrasah=,sulteng.kemenag.go.id,True,True,True,OK,,3,0,3,laporan kinerja 2025 KEMENTERIAN AGAMA kompetensi minimum numerasi | laporan kinerja 2025 KEMENTERIAN AGAMA capaian numerasi minimum [site:kemenag.go.id] | Kemenag 2025 program peningkatan numerasi peserta didik [site:kemenag.go.id],7606,360,9.11
20260917_150324,2026-09-17T15:53:18,watsonx-qwen3-30b-a3b-instruct-2507,serper,0.0,279,1361,Infrastruktur,KEMENTERIAN KOORDINATOR BIDANG INFRASTRUKTUR DAN PEMBANGUNAN KEWILAYAHAN,PN 03 - Stok infrastruktur terhadap PDB,"46,50",persen,True,False,False,False,90,lkj,2026,"Program belum berjalan, ditandai dengan tidak ditemukannya bukti konkret pelaksanaan kegiatan fisik atau capaian stok infrastruktur terhadap PDB pada tahun 2025 di dokumen resmi Kemenko Infrastruktur. Hanya ditemukan dokumen perencanaan dan target, termasuk dalam LKj 2025 yang terbit awal 2026 namun tidak menyertakan data capaian aktual tahun 2025.","Program berjalan, ditandai dengan penyampaian resmi Menteri Keuangan Sri Mulyani Indrawati dalam The International Conference on Infrastructure (ICI) 2025 (11-12 Juni 2025, Jakarta) yang memaparkan kebutuhan total investasi infrastruktur periode 2025-2029 sebesar USD 625 miliar, dengan kapasitas APBN hanya USD 250,15 miliar (40%) yang memicu peluncuran skema Kerja Sama Terbatas untuk Pembiayaan Infrastruktur (Ketupi) sebagai instrumen pembiayaan alternatif baru. Menko Infrastruktur dan Pembangunan Kewilayahan (Agus Harimurti Yudhoyono) memaparkan kebutuhan anggaran Rp24.286,76 triliun untuk mendukung pembangunan infrastruktur dalam Program Astacita RPJMN 2025-2029 (21 Oktober 2025). Sektor konstruksi, yang merupakan indikator utama stok infrastruktur, tercatat berkontribusi 9,48% terhadap PDB dan menyerap 8,7 juta tenaga kerja per Februari 2025 (data BPS, disampaikan Agustus 2025), dengan rencana integrasi data spasial ICOR untuk pengukuran stok infrastruktur yang lebih presisi",https://kemenkoinfra.go.id/detailpost/laporan-kinerja-tahun-2025-kementerian-koordinator-bidang-infrastruktur-dan-pembangunan-kewilayahan,kemenkoinfra.go.id,True,True,True,OK,,3,0,3,laporan kinerja 2025 Kementerian Koordinator Bidang Infrastruktur dan Pembangunan Kewilayahan Stok Infrastruktur PDB | Stok infrastruktur terhadap PDB 2025 Kemenko Infrastruktur [site:kemenkoinfra.go.id] | capaian stok infrastruktur terhadap PDB 2025 Kemenko Infrastruktur [site:kemenkoinfra.go.id],7963,382,10.46
20260917_150324,2026-09-17T15:53:29,watsonx-qwen3-30b-a3b-instruct-2507,serper,0.0,280,1362,Pendidikan,KEMENTERIAN AGAMA,KP 04.02.05 - Persentase pemenuhan kebutuhan guru pendidikan agama,"62,08",persen,True,False,True,True,90,siaran_pers,2025,"Program berjalan, ditandai dengan pelaksanaan Pendidikan Profesi Guru (PPG) bagi guru pendidikan agama Islam (PAI) tahun 2025 yang melibatkan 206.411 peserta, sebagaimana disiarkan oleh Kemenag melalui siaran pers resmi pada Februari 2025.","Program berjalan, ditandai dengan pelaksanaan Program Pendidikan Profesi Guru (PPG) Dalam Jabatan yang dipercepat mulai 2025, menargetkan 269.168 guru (angkatan pertama dimulai Maret 2025) dari total 625.481 guru (madrasah, PAI, dan guru agama Kristen/Katolik/Hindu/Buddha/Khonghucu) yang belum mengikuti PPG. Kemenag melaporkan 91.028 guru PAI dalam jabatan mengikuti PPG 2025 (Agustus 2025), yang akan berhak menerima Tunjangan Profesi Guru (TPG) mulai 2026. Program juga mencakup pengangkatan 31.629 PPPK guru Madrasah dan impassing 73.638 guru non-ASN, dipaparkan Wamenag Romo Muhammad Syafii dalam penutupan Rakernas Kemenag 2025 (17 Desember 2025) di Tangerang. Data EMIS Kemenag 2025 mengonfirmasi total 250.151 guru PAI di sekolah umum, dengan mayoritas (151.236) masih diangkat pemerintah daerah untuk mendorong rencana resentralisasi kebijakan rekrutmen ke depan",https://kemenag.go.id/nasional/206-ribu-peserta-ikut-ppg-2025-menag-negara-hadir-untuk-guru-profesional-ATMV2,kemenag.go.id,True,True,True,OK,,3,0,3,laporan kinerja 2025 KEMENTERIAN AGAMA persentase pemenuhan kebutuhan guru pendidikan agama | persentase pemenuhan kebutuhan guru pendidikan agama KEMENTERIAN AGAMA 2025 [site:kemenag.go.id] | siaran pers KEMENTERIAN AGAMA program guru pendidikan agama 2025 [site:kemenag.go.id],7684,342,10.97
20260917_150324,2026-09-17T15:53:38,watsonx-qwen3-30b-a3b-instruct-2507,serper,0.0,281,1366,Pendidikan,KEMENTERIAN AGAMA,KP 04.03.03 - Persentase satuan pendidikan pesantren yang mendapatkan pendampingan,10,persen,True,False,True,True,90,siaran_pers,2025,"Program berjalan, ditandai dengan kegiatan pendampingan pesantren ramah anak yang diluncurkan di Kebumen pada 2025, serta kegiatan sharing praktik baik dan pendampingan penyusunan program PAI di Kota Batu yang dilaksanakan November 2025.","Program berjalan, ditandai dengan peluncuran Program Pesantren Ramah Anak (PRA) oleh Kemenag dengan 512 pesantren terpilih sebagai piloting tahap awal (diumumkan 27 Oktober 2025), berdasarkan Keputusan Menteri Agama Nomor 91 Tahun 2025 tentang Peta Jalan Program Pengembangan Pesantren Ramah Anak dan SK Dirjen Pendidikan Islam Nomor 1541 Tahun 2025 tentang Pilot Pendampingan. Pesantren terpilih mendapat pendampingan, pemantauan, dan evaluasi intensif sebagai bagian Fase Penguatan Dasar (2025-2026). Bukti eksekusi konkret: konsolidasi lintas 18 Kementerian/Lembaga dengan 65 peserta (28 Februari 2025) menghasilkan rekomendasi penguatan Modul Replikasi Pesantren Ramah Anak, serta Rapat Koordinasi Pendataan EMIS Pesantren 2025 (24 Juni 2025) yang memperkuat sistem data sebagai basis pendampingan dan penyaluran bantuan ke seluruh pesantren",https://kebumen.kemenag.go.id/bupati-lilis-nuryani-launching-pesantren-ramah-anak-di-kebumen-ponpes-darussaadah-jadi-pilot-project-kemenag/,kebumen.kemenag.go.id,True,True,True,OK,,3,0,3,laporan kinerja 2025 KEMENTERIAN AGAMA pendampingan pesantren peningkatan mutu | pendampingan pesantren 2025 KEMENTERIAN AGAMA [site:kemenag.go.id] | kegiatan pendampingan pesantren 2025 KEMENTERIAN AGAMA [site:kemenag.go.id],7409,313,9.03
20260917_150324,2026-09-17T15:53:48,watsonx-qwen3-30b-a3b-instruct-2507,serper,0.0,282,1377,Sosial,KEMENTERIAN AGAMA,KP 08.01.08 - Persentase penduduk miskin penerima manfaat dana sosial keagamaan,2,persen,True,False,True,True,85,siaran_pers,2025,"Program berjalan, ditandai dengan penyaluran bantuan sosial keagamaan kepada penerima manfaat yang mencakup penduduk miskin, seperti yang dilaporkan dalam siaran pers Kemenag pada 2025 yang menyebutkan penyaluran bantuan senilai lebih dari Rp310 miliar kepada dua juta anak yatim dan penyandang disabilitas.","Program berjalan, ditandai dengan Kemenag meluncurkan 3 program strategis pemberdayaan ekonomi umat (Kampung Zakat, Pemberdayaan Ekonomi Berbasis KUA, Inkubasi Wakaf Produktif) di Pulau Tidung, Kepulauan Seribu (10 September 2025), dengan total dana Rp500 juta disalurkan yang mencakup Rp350 juta untuk pemberdayaan ekonomi umat di 7 lokasi KUA Jakarta, Rp95 juta untuk Kampung Zakat dan Inkubasi Wakaf Produktif, serta santunan bagi 75 anak yatim. Program ini mendampingi langsung 15 pelaku UMKM dan 10 kelompok budidaya ikan setempat. Kemenag melanjutkan syiar zakat-wakaf lewat Zawa Funwalk 2025 di Car Free Day Jakarta (21 September 2025), menyalurkan 100 Paket Logistik Keluarga kepada mustahik",https://kemenag.go.id/nasional/kemenag-salurkan-bantuan-senilai-lebih-310-miliar-rupiah-bagi-dua-juta-yatim-dan-penyandang-disabilitas-qtx5r,kemenag.go.id,True,True,True,OK,,3,0,3,laporan kinerja 2025 KEMENTERIAN AGAMA penerima manfaat penduduk miskin dana sosial keagamaan | penerima manfaat penduduk miskin dana sosial keagamaan KEMENTERIAN AGAMA 2025 [site:kemenag.go.id] | capaian penerima manfaat dana sosial keagamaan penduduk miskin 2025 KEMENTERIAN AGAMA [site:kemenag.go.id],7781,378,10.02
20260917_150324,2026-09-17T15:54:00,watsonx-qwen3-30b-a3b-instruct-2507,serper,0.0,283,1380,Birokrasi,KEMENTERIAN HUKUM,KP 07.02.01 - Persentase pemberian bantuan hukum secara itigasi dan non itigasi,"88,2",persen,True,False,True,True,90,siaran_pers,2025,"Program berjalan, ditandai dengan realisasi pemberian bantuan hukum litigasi dan non litigasi oleh Kemenkumham hingga semester I 2025, termasuk capaian 7.597 bantuan litigasi dan 2.064 bantuan non litigasi, serta realisasi dana mencapai 96,31% untuk litigasi.","Program berjalan, ditandai dengan Kemenkum melalui BPHN memberikan 7.597 bantuan hukum litigasi dan 2.064–3.784 bantuan hukum non-litigasi sepanjang 2025, dilaksanakan oleh 777 organisasi Pemberi Bantuan Hukum, capaian non-litigasi bahkan melebihi target awal (839 kegiatan menjadi 3.784 kegiatan). Kasus litigasi terbanyak adalah pidana (5.387 kasus), diikuti perdata (2.202) dan tata usaha negara (8). Program diperkuat dengan pembentukan 71.868 Pos Bantuan Hukum (Posbankum) di desa/kelurahan (85,61% dari 83.946 desa/kelurahan), jauh melebihi target 2025 sebanyak 7.000 unit memperluas akses bantuan hukum hingga tingkat desa",https://kemenkum.go.id/component/content/article/capaian-kinerja-kementerian-hukum-tahun-2025?Itemid=&catid=19,kemenkum.go.id,True,True,True,OK,,3,0,3,laporan kinerja 2025 KEMENTERIAN HUKUM dan HAK ASASI MANUSIA bantuan hukum litigasi non litigasi | bantuan hukum litigasi non litigasi 2025 Kemenkumham capaian realisasi [site:kemenkum.go.id] | capaian bantuan hukum litigasi non litigasi 2025 Kemenkumham realisasi [site:kemenkum.go.id],7820,366,11.27
20260917_150324,2026-09-17T15:54:10,watsonx-qwen3-30b-a3b-instruct-2507,serper,0.0,284,1385,Pendidikan,KEMENTERIAN PENDIDIKAN DASAR DAN MENENGAH,"KP 04.01.02 - Persentase satuan pendidikan formal dan nonformal yang memenuhi SNP sarpras, termasuk penyediaan fasilitas untuk mendukung satuan pendidikan inklusif","31,14",persen,True,False,True,True,90,lkj,2025,"Program berjalan, ditandai dengan laporan kinerja tahunan PKPLK Kemenpendidikan Dasar dan Menengah 2025 yang mencatat capaian IKK 1.1 sebesar 30,27% pada tahun 2025, yang merupakan indikator terkait persentase satuan pendidikan yang memenuhi SNP sarpras inklusif.","Program berjalan, ditandai dengan peluncuran Program Revitalisasi Satuan Pendidikan oleh Kemendikdasmen sebagai tindak lanjut Instruksi Presiden Nomor 7 Tahun 2025, diatur teknis lewat Peraturan Dirjen Dikdasmen Nomor M2400/C/HK.03.01/2025 yang menegaskan prinsip ""tidak boleh ada sekolah yang atapnya runtuh, bahkan tidak boleh ada sekolah yang tidak ada WC."" Program menyasar mengatasi kondisi 174.000+ satuan pendidikan berkondisi rusak sedang-berat dan 219.000+ satuan pendidikan belum memenuhi SNP, dengan dana dikirim langsung (cash transfer) ke sekolah untuk dikelola swakelola. Bukti eksekusi konkret 2025 adalah peresmian hasil revitalisasi SLB Tunas Bakti di Bantul, DIY (12 Agustus 2026, merujuk pada penyelesaian proyek tahun 2025) yang mencakup rehabilitasi total 6 ruang kelas, pembangunan ruang keterampilan tata boga, dan penataan area luar ruang untuk 83 murid berkebutuhan khusus",https://pkplk.kemendikdasmen.go.id/wp-content/uploads/2026/06/lakin_694777-1.pdf,pkplk.kemendikdasmen.go.id,True,True,True,OK,,3,0,3,laporan kinerja 2025 KEMENTERIAN PENDIDIKAN DASAR DAN MENENGAH persentase satuan pendidikan memenuhi SNP sarpras inklusif | LAKIP 2025 KEMENTERIAN PENDIDIKAN DASAR DAN MENENGAH persentase satuan pendidikan memenuhi SNP sarpras inklusif [site:kemendikdasmen.go.id] | siaran pers KEMENTERIAN PENDIDIKAN DASAR DAN MENENGAH 2025 persentase satuan pendidikan memenuhi SNP sarpras inklusif [site:kemendikdasmen.go.id],7412,389,10.81
20260917_150324,2026-09-17T15:54:20,watsonx-qwen3-30b-a3b-instruct-2507,serper,0.0,285,1415,Pendidikan,"KEMENTERIAN PENDIDIKAN TINGGI, SAINS, DAN TEKNOLOGI",KP 04.06.02 - Proporsi Program Studi STEM,"47,7",persen,True,False,True,True,90,siaran_pers,2025,"Program berjalan, ditandai dengan publikasi resmi Kementerian Pendidikan Tinggi, Sains, dan Teknologi pada 13 Agustus 2025 mengenai kolaborasi internasional Untirta dalam memajukan pendidikan STEM di Indonesia yang berkelanjutan.","Program berjalan, ditandai dengan pelaksanaan verifikasi dan evaluasi implementasi SPMI (termasuk data proporsi dan akreditasi prodi STEM) oleh LLDikti di seluruh wilayah Indonesia berdasarkan Permendiktisaintek No. 39/2025 (ditetapkan 28 Agustus 2025), serta pembahasan kebijakan kuota prodi STEM vs sosial oleh Wamendiktisaintek Fauzan dalam Rapat Kerja Komisi X DPR (10 Juli 2025) untuk menyeimbangkan proporsi lulusan yang masih timpang (65% sosial vs STEM)",https://kemdiktisaintek.go.id/news?page=427&size=5&search=,kemdiktisaintek.go.id,True,True,True,OK,,3,0,3,laporan kinerja 2025 KEMENTERIAN PENDIDIKAN TINGGI SAINS TEKNOLOGI Prodi STEM | program prodi STEM Kementerian Pendidikan Tinggi Sains Teknologi 2025 [site:kemdiktisaintek.go.id] | Kolaborasi internasional Untirta majukan pendidikan STEM di Indonesia berkelanjutan 2025 [site:kemdiktisaintek.go.id],8522,310,9.28
20260917_150324,2026-09-17T15:54:31,watsonx-qwen3-30b-a3b-instruct-2507,serper,0.0,286,1422,Pendidikan,"KEMENTERIAN PENDIDIKAN TINGGI, SAINS, DAN TEKNOLOGI","KP 04.07.02 - Persentase lulusan pendidikan tinggi vokasi setahun terakhir yang: 
 (a) bekerja; 
 (b) berwirausaha","(a) 74,50; 
 (b) 4,50",persen,True,False,False,False,90,tidak_ada,tidak_ada,"Program belum berjalan, ditandai dengan tidak ditemukannya bukti konkret kegiatan pemerintah terkait capaian persentase lulusan vokasi bekerja atau berwirausaha pada tahun 2025 di dokumen LKj/LAKIP 2025, siaran pers resmi K/L, atau sumber resmi lainnya. Hanya ditemukan dokumen rencana dan kebijakan tahun 2025, tanpa pelaksanaan nyata atau laporan capaian aktual.","Program berjalan dan melampaui target, ditandai dengan pemaparan resmi Mendiktisaintek Brian Yuliarto yaitu, lulusan pendidikan tinggi (termasuk vokasi) yang langsung bekerja sebagai karyawan atau berwirausaha dalam 1 tahun setelah kelulusan pada 2025 mencapai 93,97% yang jauh melampaui target 83%. Program didukung pelaksanaan Tracer Study Vokasi 2025 secara sistematis melalui portal resmi tracervokasi.kemendikdasmen.go.id, dengan Fakultas Vokasi UNY melaporkan hasil konkret: 46% lulusan bekerja di instansi, 9% wiraswasta, 2% melanjutkan pendidikan. Data pelengkap dari jenjang SMK (Tracer Study SMK 2025, respons 86% dari 1,5 juta lulusan) menunjukkan tren keterserapan kerja naik dari 43,7% (2022-2023) menjadi 48,9% (2025), dan wirausaha stabil di kisaran 20,4-23,6%",tidak_ada,,False,False,True,OK,,3,0,3,laporan kinerja 2025 KEMENTERIAN PENDIDIKAN TINGGI SAINS DAN TEKNOLOGI vokasi kerja wirausaha | laporan kinerja 2025 KEMENTERIAN PENDIDIKAN TINGGI SAINS DAN TEKNOLOGI persentase lulusan vokasi bekerja wirausaha [site:lldikti6.id] | siaran pers KEMENTERIAN PENDIDIKAN TINGGI SAINS DAN TEKNOLOGI 2025 lulusan vokasi bekerja wirausaha [site:kemdikbud.go.id],9988,378,10.75
20260917_150324,2026-09-17T15:54:41,watsonx-qwen3-30b-a3b-instruct-2507,serper,0.0,287,1427,Pendidikan,"KEMENTERIAN PENDIDIKAN TINGGI, SAINS, DAN TEKNOLOGI",KP 04.08.02 - Jumlah startup binaan yang produktif,2,startup,True,False,False,False,90,tidak_ada,tidak_ada,"Program belum berjalan, ditandai dengan tidak ditemukannya bukti konkret kegiatan pemerintah terkait startup binaan produktif pada 2025 di dokumen resmi Kementerian Pendidikan Tinggi, Sains, dan Teknologi. Hanya ditemukan dokumen rencana strategis dan publikasi umum yang menyebutkan pengembangan STP dan inkubasi startup, namun tanpa capaian atau kegiatan teknis berjalan pada 2025.","Program berjalan, ditandai dengan ajang AIBI Award 2025 (Asosiasi Inkubator Bisnis Indonesia) yang digelar di Solo, Jawa Tengah (15 Oktober 2025) yang memberikan penghargaan resmi kepada inkubator bisnis kampus berprestasi. UC Ventures (Universitas Ciputra) meraih penghargaan ""Inkubator Bisnis Berkembang"", dengan 5 startup binaannya turut menyabet kategori (Renjana Cashew - Startup Unggulan; Alohi_id, KayaBoys, Odos Creative, SiuSiu - Startup Pemula Prospektif) dari total lebih dari 70 startup binaan lintas sektor yang telah dibina, sebagian bahkan telah menembus pasar ekspor. Program didukung ekosistem inkubasi aktif di berbagai kampus (dicontohkan BINUS Inkubator, November 2025) yang menyediakan pelatihan, ruang kerja, dan akses pendanaan bagi startup mahasiswa",tidak_ada,,False,False,True,OK,,3,0,3,laporan kinerja 2025 KEMENTERIAN PENDIDIKAN TINGGI SAINS TEKNOLOGI startup binaan produktif | startup binaan produktif KEMENTERIAN PENDIDIKAN TINGGI SAINS TEKNOLOGI 2025 [site:kemdiktisaintek.go.id] | startup binaan produktif STP KEMENTERIAN PENDIDIKAN TINGGI SAINS TEKNOLOGI 2025 [site:kemdiktisaintek.go.id],8275,356,10.08
20260917_150324,2026-09-17T15:54:53,watsonx-qwen3-30b-a3b-instruct-2507,serper,0.0,288,1432,Infrastruktur,KEMENTERIAN KOORDINATOR BIDANG INFRASTRUKTUR DAN PEMBANGUNAN KEWILAYAHAN,"PN 06 - Rumah tangga dengan akses hunian layak, terjangkau, dan berkelanjutan","67,00",persen,True,False,True,True,90,lkj,2025,"Program berjalan, ditandai dengan kunjungan kerja Menteri Koordinator Bidang Infrastruktur dan Pembangunan Kewilayahan ke BP3KP Jawa II pada Juli 2025 yang fokus pada penyediaan hunian layak dan terjangkau, serta pencapaian target 67% dalam Laporan Kinerja 2025 yang terbit awal 2026.","Program berjalan dan melampaui target. Kepala BPS Amalia Adininggar Widyasanti secara resmi mengonfirmasi dalam Publikasi Statistik Perumahan bahwa akses rumah layak huni nasional mencapai 68,40% pada 2025, yang mana hal itu  melampaui target RPJMN 2025 (67,00%). Pencapaian ini didukung Program 3 Juta Rumah (bagian dari Astacita Presiden Prabowo) dengan kuota FLPP (Fasilitas Likuiditas Pembiayaan Perumahan) yang dinaikkan dari 220.000 menjadi 350.000 unit pada TA 2025. Bukti eksekusi lapangan konkret: penyerahan simbolis bantuan Rumah Sederhana Layak Huni (RSLH) di Kudus (24 April 2025), serta backlog kepemilikan rumah turun dari 9,9 juta unit (2023) menuju tren perbaikan berkelanjutan ke 9,29 juta unit (2026)",https://kemenkoinfra.go.id/detailpost/dukung-program-3-juta-rumah-menko-ahy-pemerintah-ingin-hadirkan-sebanyak-mungkin-rumah-layak-terjangkau-untuk-rakyat,kemenkoinfra.go.id,True,True,True,OK,,3,1,3,laporan kinerja 2025 Kementerian Koordinator Bidang Infrastruktur dan Pembangunan Kewilayahan hunian layak terjangkau berkelanjutan | kunjungan kerja Kemenko Infrastruktur BP3KP Jawa II 2025 hunian layak [site:kemenkoinfra.go.id] | Laporan Kinerja 2025 Kemenko Infrastruktur hunian layak terjangkau [site:kemenkoinfra.go.id],7063,380,11.9
20260917_150324,2026-09-17T15:55:02,watsonx-qwen3-30b-a3b-instruct-2507,serper,0.0,289,1433,Industri,KEMENTERIAN KOORDINATOR BIDANG INFRASTRUKTUR DAN PEMBANGUNAN KEWILAYAHAN,PN 06 - Proposal PDRB Perkotaan terhadap PDB Nasional,"57,29",persen,True,False,True,True,90,bappenas,2025,"Program berjalan, ditandai dengan pencapaian target PDRB perkotaan terhadap PDB nasional sebesar 57,29% pada tahun 2025 yang tercantum dalam dokumen Keputusan Menteri Koordinator Bidang Infrastruktur dan Pembangunan Kewilayahan tahun 2025.","Program berjalan, ditandai dengan kunjungan langsung Deputi Infrastruktur Dasar Kemenko Infraswil, Muhammad Rachmat Kaimuddin, bersama Gubernur Sumatera Barat Mahyeldi ke lokasi pembangunan Fly Over Sitinjau Lauik (27 Oktober 2025), kegiatan koordinasi lapangan nyata untuk mempercepat realisasi proyek infrastruktur perkotaan strategis, termasuk penyelesaian pembebasan lahan dengan ATR/BPN, pemerintah daerah, dan tokoh adat setempat. Kemenko Infraswil juga menggelar Rapat Koordinasi Pokja Infrastruktur Tangguh Bencana bersama Kemenko PMK dan lintas K/L (24 Januari 2025) sebagai tindak lanjut konkret penguatan infrastruktur dasar perkotaan (air bersih, sanitasi, rumah layak huni)",https://jdih.kemenkoinfra.go.id/cfind/source/files/kepmenko-infra/2025kminfra123.pdf,jdih.kemenkoinfra.go.id,True,True,True,OK,,3,0,3,laporan kinerja 2025 Kementerian Koordinator Bidang Infrastruktur dan Pembangunan Kewilayahan proposal PDRB perkotaan terhadap PDB nasional | proposal PDRB perkotaan terhadap PDB nasional 2025 Kemenko Infrastruktur [site:kemenkoinfra.go.id] | capaian PDRB perkotaan terhadap PDB nasional 2025 Kemenko Infrastruktur [site:kemenkoinfra.go.id],7556,344,9.67
20260917_150324,2026-09-17T15:55:13,watsonx-qwen3-30b-a3b-instruct-2507,serper,0.0,290,1434,Birokrasi,KEMENTERIAN DALAM NEGERI,KP 07.09.02 - Provinsi dengan Indeks Penerapan Standar Pelayanan Minimal (SPM) berkategori tuntas paripurna,5,provinsi,True,False,True,True,90,siaran_pers,2025,"Program berjalan, ditandai dengan penyelenggaraan SPM Awards 2025 oleh Ditjen Bina Pembangunan Daerah Kemendagri yang menilai capaian SPM termasuk kategori paripurna, serta pelaporan kinerja daerah tahun 2025 yang mencakup indikator SPM.","Program berjalan, ditandai dengan Kemendagri (Ditjen Bina Pembangunan Daerah) menyelenggarakan SPM Awards 2025 pada 23 Mei 2025 di Jakarta, memberikan penghargaan langsung dari Mendagri Tito Karnavian kepada pemerintah daerah dengan kinerja penerapan SPM terbaik, mencakup 6 bidang pelayanan dasar (pendidikan, kesehatan, PU-penataan ruang, perumahan rakyat, ketenteraman-ketertiban umum, dan sosial). Program didukung sistem evaluasi resmi berbasis Indeks Pencapaian SPM (IP SPM) dengan kategori bertingkat (Tuntas Paripurna = nilai 100, Tuntas Utama = 90-99, dst.), serta pelatihan teknis penyusunan dokumen perencanaan SPM yang digelar BPSDM Kemendagri di berbagai regional (contoh: PPSDM Bukittinggi, Mei 2025) untuk memperkuat kapasitas aparatur daerah mencapai kategori tertinggi",http://www.bangda.kemendagri.go.id/berita/baca_kontent/1540/about.html,www.bangda.kemendagri.go.id,True,True,True,OK,,3,0,3,laporan kinerja 2025 KEMENTERIAN DALAM NEGERI SPM paripurna | SPM Awards 2025 KEMENTERIAN DALAM NEGERI [site:kemendagri.go.id] | Laporan Kinerja Kementerian Dalam Negeri 2025 SPM paripurna [site:kemendagri.go.id],9798,308,10.79
20260917_150324,2026-09-17T15:55:24,watsonx-qwen3-30b-a3b-instruct-2507,serper,0.0,291,1444,Infrastruktur,KEMENTERIAN PEKERJAAN UMUM,KP 02.12.05 - Kapasitas SPAM terbangun,281.797,liter/detik,True,False,False,False,90,bappenas,2025,"Program belum berjalan, ditandai dengan belum adanya laporan konkret tentang realisasi kapasitas SPAM terbangun pada 2025. Hanya terdapat rencana pembangunan dalam Renstra 2025-2029 dan laporan realisasi anggaran tanpa detail capaian teknis. Tidak ditemukan bukti pekerjaan fisik atau capaian indikator SPAM terbangun di tahun 2025.","Program berjalan, ditandai dengan realisasi resmi Kementerian PU: pembangunan dan peningkatan SPAM sebesar 1.250 liter/detik pada Tahun Anggaran 2025 (dipaparkan dalam Rapat Kerja dengan Komisi V DPR RI). Bukti proyek konkret: SPAM Regional Mamminasata tahap pertama (500 liter/detik, progres IPA 90,06%, Makassar-Gowa-Takalar-Maros, anggaran Rp78,98 miliar APBN 2025), serta SPAM Regional Jatiluhur I yang mulai beroperasi penuh melayani DKI Jakarta, Bekasi, dan Karawang dengan kapasitas 4.750 liter/detik. Kementerian PU juga menggelar Rapat Harmonisasi Rancangan PP tentang SPAM bersama Kemenkumham (20 Oktober 2025, Bandung) untuk memperkuat tata kelola penyelenggaraan SPAM secara nasional",https://sahabat.pu.go.id/eppid/asset/files/Final_Narasi_Rancangan_Akhir_Renstra_Kementerian_PU_2025-2029_-_01082025_-_14_00.pdf,sahabat.pu.go.id,True,True,True,OK,,3,0,3,laporan kinerja 2025 Kementerian Pekerjaan Umum SPAM kapasitas air minum | SPAM terbangun 2025 Kementerian Pekerjaan Umum [site:pu.go.id] | realisasi SPAM terbangun 2025 Kementerian Pekerjaan Umum [site:pu.go.id],7741,368,11.49
20260917_150324,2026-09-17T15:55:33,watsonx-qwen3-30b-a3b-instruct-2507,serper,0.0,292,1456,Sosial,KEMENTERIAN AGAMA,KP 08.01.05 - Indeks Kepuasan Layanan KUA,"85,64",-,True,False,True,True,95,lkj,2025,"Program berjalan, ditandai dengan hasil survei nasional tahun 2025 yang menunjukkan indeks kepuasan layanan KUA mencapai 86,03, serta pelaksanaan Anugerah Layanan KUA 2025 oleh Kemenag sebagai bentuk apresiasi terhadap kinerja KUA di seluruh Indonesia.","Program berjalan dan melampaui target, ditandai dengan hasil resmi Indeks Kepuasan Layanan KUA 2025 yang mencatat skor 86,03 (kategori ""baik"") yang meningkat dari 85,09 di tahun sebelumnya, dan sudah melampaui target 2025 (85,64) bahkan mendekati target 2029 (86,07). Survei dilaksanakan oleh Badan Moderasi Beragama dan Pengembangan SDM (BMBPSDM) Kemenag, melibatkan 1.209 responden di 200 KUA tersebar di 37 provinsi dengan metode wawancara tatap muka cluster random sampling, mengukur 9 dimensi layanan. Hasil dipaparkan Kepala Pusat Strategi Kebijakan Pembangunan Bidang Agama Kemenag, Arfi Hatim (dirilis Januari 2026), sebagai bukti keberhasilan transformasi layanan keagamaan tingkat kecamatan",https://kemenag.go.id/indeks-keagamaan?category=kepuasan-layanan-kua,kemenag.go.id,True,True,True,OK,,3,0,3,laporan kinerja 2025 KEMENTERIAN AGAMA indeks kepuasan layanan KUA | survei kepuasan layanan KUA 2025 KEMENTERIAN AGAMA [site:kemenag.go.id] | Laporan Kinerja Kementerian Agama 2025 indeks kepuasan layanan KUA [site:kemenag.go.id],7709,308,9.01
